gate_id,evidence_status,assessment_basis,accountable_role,minimum_evidence_to_close,source_artifact_or_reference,assessed_at,reviewer,owner_disposition,owner_evidence_reference,closure_status
E1,INSUFFICIENT,"No artifact reviewed here proves the protected GitHub Environment settings, required reviewers, or approved branch restrictions. A successful CI job is not environment-policy evidence.",Repository administrator / security owner,Environment settings evidence plus policy approval,EPER-B01-TECHNICAL-PREFLIGHT run 37183899506; repository UAT artifacts reviewed,2026-10-04,,,,OPEN
E2,MISSING,Preflight artifact says actual UAT base URL is not recorded; no evidence establishes UAT_ALLOWED_HOST equals an owner-approved host.,Repository administrator / release engineer,Approved host value confirmation (no secrets),EPER-B01-TECHNICAL-PREFLIGHT run 37183899506; repository UAT artifacts reviewed,2026-10-04,,,,OPEN
E3,MISSING,No service-owner approval for an exact HTTPS base URL and health path is evidenced.,Service owner,Approved change/service record with URL and health path,EPER-B01-TECHNICAL-PREFLIGHT run 37183899506; repository UAT artifacts reviewed,2026-10-04,,,,OPEN
E4,INSUFFICIENT,Run 37183899506 passed automated pilot suites (63/63 tests) but the artifact explicitly says no verified deployed target/build; pilots use in-memory storage and simulated security context.,Release engineer / service owner,Authorized-target preflight against approved deployed build and target identity,EPER-B01-TECHNICAL-PREFLIGHT run 37183899506; repository UAT artifacts reviewed,2026-10-04,,,,OPEN
E5,MISSING,Business owner nomination appears only as planning input; formal authorization for B01 is absent.,B01 business owner,Signed/recorded approval for Chapters 463–470 / 48 requirements,EPER-B01-TECHNICAL-PREFLIGHT run 37183899506; repository UAT artifacts reviewed,2026-10-04,,,,OPEN
E6,MISSING,No named tester/session authorization reference and planned session record evidenced.,UAT lead / identity administrator,Named tester and approved session authorization,EPER-B01-TECHNICAL-PREFLIGHT run 37183899506; repository UAT artifacts reviewed,2026-10-04,,,,OPEN
E7,MISSING,"OAuth was selected as a method, but issuer/client configuration, live login verification and session reference are not recorded.",Identity administrator / UAT lead,Successful approved-provider login evidence; no tokens in evidence,EPER-B01-TECHNICAL-PREFLIGHT run 37183899506; repository UAT artifacts reviewed,2026-10-04,,,,OPEN
E8,MISSING,No approved tester role/tenant matrix or verification evidence is recorded.,Application security owner / business owner,Approved role/tenant scope and access verification,EPER-B01-TECHNICAL-PREFLIGHT run 37183899506; repository UAT artifacts reviewed,2026-10-04,,,,OPEN
E9,MISSING,"Candidate test data exists, but approved dataset reference is absent from capture register.",Data owner / UAT lead,"Approved, identifiable dataset reference and privacy/masking confirmation",EPER-B01-TECHNICAL-PREFLIGHT run 37183899506; repository UAT artifacts reviewed,2026-10-04,,,,OPEN
E10,MISSING,Target-environment audit events and business report access have not been evidenced.,Operations owner / audit owner,Read-access evidence for required logs and reports,EPER-B01-TECHNICAL-PREFLIGHT run 37183899506; repository UAT artifacts reviewed,2026-10-04,,,,OPEN
E11,INSUFFICIENT,"CI artifacts exist and are downloadable, but no evidence confirms the controlled UAT archive, access controls, naming/version rules, or per-case evidence linkage are operational.",Records / audit evidence owner,"Approved archive location/index, access and naming/version evidence",EPER-B01-TECHNICAL-PREFLIGHT run 37183899506; repository UAT artifacts reviewed,2026-10-04,,,,OPEN
E12,INSUFFICIENT,"A GitHub issue exists for blocker coordination, but no confirmed UAT defect/exception workflow, severity rules, triage owner or escalation SLA was evidenced.",UAT lead / defect manager,"Approved defect/exception process, named triage owner and escalation path",EPER-B01-TECHNICAL-PREFLIGHT run 37183899506; repository UAT artifacts reviewed,2026-10-04,,,,OPEN
E13,MISSING,"The 48-case checklist and criteria matrix exist, but all owner decisions are pending; approved requirement-specific criteria and case reviews are not evidenced.",Requirements owner / business owner / test lead,All 48 cases approved against approved requirement-specific criteria,EPER-B01-TECHNICAL-PREFLIGHT run 37183899506; repository UAT artifacts reviewed,2026-10-04,,,,OPEN
