decision_id,scope,requirement_id,decision_type,decision_required,decision_options,decision,decision_rationale,source_reference,evidence_reference,decision_owner_role,decision_owner_name,approver_role,approver_name,decision_date_utc,status,next_action,due_date_utc,linked_blocker_or_defect,notes
"B01-DEC-01","B01 / Chapters 463–470","","UAT environment protection","Confirm protected environment and required reviewers/branch restrictions","APPROVE / REJECT / DEFER","PENDING","","","","Business owner / UAT environment owner / security / requirements owner as applicable","","Authorized approver","","","OPEN","Attach evidence and record explicit decision; do not infer approval from CI or checklist completion.","","","Record only an authorized, evidence-backed decision; leave pending if evidence is absent."
"B01-DEC-02","B01 / Chapters 463–470","","Target host allowlist","Approve exact UAT_ALLOWED_HOST value and configuration","APPROVE / REJECT / DEFER","PENDING","","","","Business owner / UAT environment owner / security / requirements owner as applicable","","Authorized approver","","","OPEN","Attach evidence and record explicit decision; do not infer approval from CI or checklist completion.","","","Record only an authorized, evidence-backed decision; leave pending if evidence is absent."
"B01-DEC-03","B01 / Chapters 463–470","","Target URL and health path","Approve HTTPS base URL and safe read-only health path","APPROVE / REJECT / DEFER","PENDING","","","","Business owner / UAT environment owner / security / requirements owner as applicable","","Authorized approver","","","OPEN","Attach evidence and record explicit decision; do not infer approval from CI or checklist completion.","","","Record only an authorized, evidence-backed decision; leave pending if evidence is absent."
"B01-DEC-04","B01 / Chapters 463–470","","Deployed build identity","Approve expected build/commit identifier and run preflight","APPROVE / REJECT / DEFER","PENDING","","","","Business owner / UAT environment owner / security / requirements owner as applicable","","Authorized approver","","","OPEN","Attach evidence and record explicit decision; do not infer approval from CI or checklist completion.","","","Record only an authorized, evidence-backed decision; leave pending if evidence is absent."
"B01-DEC-05","B01 / Chapters 463–470","","B01 business authorization","Authorize or decline B01 execution after entry evidence review","APPROVE / REJECT / DEFER","PENDING","","","","Business owner / UAT environment owner / security / requirements owner as applicable","","Authorized approver","","","OPEN","Attach evidence and record explicit decision; do not infer approval from CI or checklist completion.","","","Record only an authorized, evidence-backed decision; leave pending if evidence is absent."
"B01-DEC-06","B01 / Chapters 463–470","","Tester identity","Approve named tester identity and access request","APPROVE / REJECT / DEFER","PENDING","","","","Business owner / UAT environment owner / security / requirements owner as applicable","","Authorized approver","","","OPEN","Attach evidence and record explicit decision; do not infer approval from CI or checklist completion.","","","Record only an authorized, evidence-backed decision; leave pending if evidence is absent."
"B01-DEC-07","B01 / Chapters 463–470","","OAuth authentication","Confirm approved identity provider and successful login evidence","APPROVE / REJECT / DEFER","PENDING","","","","Business owner / UAT environment owner / security / requirements owner as applicable","","Authorized approver","","","OPEN","Attach evidence and record explicit decision; do not infer approval from CI or checklist completion.","","","Record only an authorized, evidence-backed decision; leave pending if evidence is absent."
"B01-DEC-08","B01 / Chapters 463–470","","Role and tenant scope","Approve tester's permitted role/actions and tenant scope","APPROVE / REJECT / DEFER","PENDING","","","","Business owner / UAT environment owner / security / requirements owner as applicable","","Authorized approver","","","OPEN","Attach evidence and record explicit decision; do not infer approval from CI or checklist completion.","","","Record only an authorized, evidence-backed decision; leave pending if evidence is absent."
"B01-DEC-09","B01 / Chapters 463–470","","Test data","Approve data set/reference and reset/cleanup approach","APPROVE / REJECT / DEFER","PENDING","","","","Business owner / UAT environment owner / security / requirements owner as applicable","","Authorized approver","","","OPEN","Attach evidence and record explicit decision; do not infer approval from CI or checklist completion.","","","Record only an authorized, evidence-backed decision; leave pending if evidence is absent."
"B01-DEC-10","B01 / Chapters 463–470","","Audit and reporting access","Confirm access to required audit events and business reports","APPROVE / REJECT / DEFER","PENDING","","","","Business owner / UAT environment owner / security / requirements owner as applicable","","Authorized approver","","","OPEN","Attach evidence and record explicit decision; do not infer approval from CI or checklist completion.","","","Record only an authorized, evidence-backed decision; leave pending if evidence is absent."
"B01-DEC-11","B01 / Chapters 463–470","","Evidence archive","Approve archive location, naming convention, access and retention","APPROVE / REJECT / DEFER","PENDING","","","","Business owner / UAT environment owner / security / requirements owner as applicable","","Authorized approver","","","OPEN","Attach evidence and record explicit decision; do not infer approval from CI or checklist completion.","","","Record only an authorized, evidence-backed decision; leave pending if evidence is absent."
"B01-DEC-12","B01 / Chapters 463–470","","Defect and exception routing","Confirm tracker, triage owner, severity, SLA and escalation path","APPROVE / REJECT / DEFER","PENDING","","","","Business owner / UAT environment owner / security / requirements owner as applicable","","Authorized approver","","","OPEN","Attach evidence and record explicit decision; do not infer approval from CI or checklist completion.","","","Record only an authorized, evidence-backed decision; leave pending if evidence is absent."
"B01-DEC-13","B01 / Chapters 463–470","","Requirement-level case approval","Approve case steps/expected outcomes/source criteria for every B01 requirement","APPROVE / REJECT / DEFER","PENDING","","","","Business owner / UAT environment owner / security / requirements owner as applicable","","Authorized approver","","","OPEN","Attach evidence and record explicit decision; do not infer approval from CI or checklist completion.","","","Record only an authorized, evidence-backed decision; leave pending if evidence is absent."
"B01-DEC-463-01","B01 / requirement case","REQ-46301","Requirement-level acceptance basis","Approve the detailed BRD/SRS source, actor/role, preconditions, data, steps, measurable expected outcome, negative path, evidence fields and case version.","APPROVE / RETURN_FOR_REWORK / DEFER","PENDING","","EM-BRD-001 Detailed Chapters 461–470; EM-SRS-001 Batch 010 mapping; exact approved locator to be added by owner","","Requirements owner","","Business owner","","","OPEN","Resolve source-detail gap and review case; do not execute until approved.","","","","SRS-FR-2323; current source detail is generic and baseline approval remains pending."
"B01-DEC-463-02","B01 / requirement case","REQ-46302","Requirement-level acceptance basis","Approve the detailed BRD/SRS source, actor/role, preconditions, data, steps, measurable expected outcome, negative path, evidence fields and case version.","APPROVE / RETURN_FOR_REWORK / DEFER","PENDING","","EM-BRD-001 Detailed Chapters 461–470; EM-SRS-001 Batch 010 mapping; exact approved locator to be added by owner","","Requirements owner","","Business owner","","","OPEN","Resolve source-detail gap and review case; do not execute until approved.","","","","SRS-FR-2324; current source detail is generic and baseline approval remains pending."
"B01-DEC-463-03","B01 / requirement case","REQ-46303","Requirement-level acceptance basis","Approve the detailed BRD/SRS source, actor/role, preconditions, data, steps, measurable expected outcome, negative path, evidence fields and case version.","APPROVE / RETURN_FOR_REWORK / DEFER","PENDING","","EM-BRD-001 Detailed Chapters 461–470; EM-SRS-001 Batch 010 mapping; exact approved locator to be added by owner","","Requirements owner","","Business owner","","","OPEN","Resolve source-detail gap and review case; do not execute until approved.","","","","SRS-FR-2325; current source detail is generic and baseline approval remains pending."
"B01-DEC-463-04","B01 / requirement case","REQ-46304","Requirement-level acceptance basis","Approve the detailed BRD/SRS source, actor/role, preconditions, data, steps, measurable expected outcome, negative path, evidence fields and case version.","APPROVE / RETURN_FOR_REWORK / DEFER","PENDING","","EM-BRD-001 Detailed Chapters 461–470; EM-SRS-001 Batch 010 mapping; exact approved locator to be added by owner","","Requirements owner","","Business owner","","","OPEN","Resolve source-detail gap and review case; do not execute until approved.","","","","SRS-FR-2326; current source detail is generic and baseline approval remains pending."
"B01-DEC-463-05","B01 / requirement case","REQ-46305","Requirement-level acceptance basis","Approve the detailed BRD/SRS source, actor/role, preconditions, data, steps, measurable expected outcome, negative path, evidence fields and case version.","APPROVE / RETURN_FOR_REWORK / DEFER","PENDING","","EM-BRD-001 Detailed Chapters 461–470; EM-SRS-001 Batch 010 mapping; exact approved locator to be added by owner","","Requirements owner","","Business owner","","","OPEN","Resolve source-detail gap and review case; do not execute until approved.","","","","SRS-FR-2327; current source detail is generic and baseline approval remains pending."
"B01-DEC-463-06","B01 / requirement case","REQ-46306","Requirement-level acceptance basis","Approve the detailed BRD/SRS source, actor/role, preconditions, data, steps, measurable expected outcome, negative path, evidence fields and case version.","APPROVE / RETURN_FOR_REWORK / DEFER","PENDING","","EM-BRD-001 Detailed Chapters 461–470; EM-SRS-001 Batch 010 mapping; exact approved locator to be added by owner","","Requirements owner","","Business owner","","","OPEN","Resolve source-detail gap and review case; do not execute until approved.","","","","SRS-FR-2328; current source detail is generic and baseline approval remains pending."
"B01-DEC-464-01","B01 / requirement case","REQ-46401","Requirement-level acceptance basis","Approve the detailed BRD/SRS source, actor/role, preconditions, data, steps, measurable expected outcome, negative path, evidence fields and case version.","APPROVE / RETURN_FOR_REWORK / DEFER","PENDING","","EM-BRD-001 Detailed Chapters 461–470; EM-SRS-001 Batch 010 mapping; exact approved locator to be added by owner","","Requirements owner","","Business owner","","","OPEN","Resolve source-detail gap and review case; do not execute until approved.","","","","SRS-FR-2329; current source detail is generic and baseline approval remains pending."
"B01-DEC-464-02","B01 / requirement case","REQ-46402","Requirement-level acceptance basis","Approve the detailed BRD/SRS source, actor/role, preconditions, data, steps, measurable expected outcome, negative path, evidence fields and case version.","APPROVE / RETURN_FOR_REWORK / DEFER","PENDING","","EM-BRD-001 Detailed Chapters 461–470; EM-SRS-001 Batch 010 mapping; exact approved locator to be added by owner","","Requirements owner","","Business owner","","","OPEN","Resolve source-detail gap and review case; do not execute until approved.","","","","SRS-FR-2330; current source detail is generic and baseline approval remains pending."
"B01-DEC-464-03","B01 / requirement case","REQ-46403","Requirement-level acceptance basis","Approve the detailed BRD/SRS source, actor/role, preconditions, data, steps, measurable expected outcome, negative path, evidence fields and case version.","APPROVE / RETURN_FOR_REWORK / DEFER","PENDING","","EM-BRD-001 Detailed Chapters 461–470; EM-SRS-001 Batch 010 mapping; exact approved locator to be added by owner","","Requirements owner","","Business owner","","","OPEN","Resolve source-detail gap and review case; do not execute until approved.","","","","SRS-FR-2331; current source detail is generic and baseline approval remains pending."
"B01-DEC-464-04","B01 / requirement case","REQ-46404","Requirement-level acceptance basis","Approve the detailed BRD/SRS source, actor/role, preconditions, data, steps, measurable expected outcome, negative path, evidence fields and case version.","APPROVE / RETURN_FOR_REWORK / DEFER","PENDING","","EM-BRD-001 Detailed Chapters 461–470; EM-SRS-001 Batch 010 mapping; exact approved locator to be added by owner","","Requirements owner","","Business owner","","","OPEN","Resolve source-detail gap and review case; do not execute until approved.","","","","SRS-FR-2332; current source detail is generic and baseline approval remains pending."
"B01-DEC-464-05","B01 / requirement case","REQ-46405","Requirement-level acceptance basis","Approve the detailed BRD/SRS source, actor/role, preconditions, data, steps, measurable expected outcome, negative path, evidence fields and case version.","APPROVE / RETURN_FOR_REWORK / DEFER","PENDING","","EM-BRD-001 Detailed Chapters 461–470; EM-SRS-001 Batch 010 mapping; exact approved locator to be added by owner","","Requirements owner","","Business owner","","","OPEN","Resolve source-detail gap and review case; do not execute until approved.","","","","SRS-FR-2333; current source detail is generic and baseline approval remains pending."
"B01-DEC-464-06","B01 / requirement case","REQ-46406","Requirement-level acceptance basis","Approve the detailed BRD/SRS source, actor/role, preconditions, data, steps, measurable expected outcome, negative path, evidence fields and case version.","APPROVE / RETURN_FOR_REWORK / DEFER","PENDING","","EM-BRD-001 Detailed Chapters 461–470; EM-SRS-001 Batch 010 mapping; exact approved locator to be added by owner","","Requirements owner","","Business owner","","","OPEN","Resolve source-detail gap and review case; do not execute until approved.","","","","SRS-FR-2334; current source detail is generic and baseline approval remains pending."
"B01-DEC-465-01","B01 / requirement case","REQ-46501","Requirement-level acceptance basis","Approve the detailed BRD/SRS source, actor/role, preconditions, data, steps, measurable expected outcome, negative path, evidence fields and case version.","APPROVE / RETURN_FOR_REWORK / DEFER","PENDING","","EM-BRD-001 Detailed Chapters 461–470; EM-SRS-001 Batch 010 mapping; exact approved locator to be added by owner","","Requirements owner","","Business owner","","","OPEN","Resolve source-detail gap and review case; do not execute until approved.","","","","SRS-FR-2335; current source detail is generic and baseline approval remains pending."
"B01-DEC-465-02","B01 / requirement case","REQ-46502","Requirement-level acceptance basis","Approve the detailed BRD/SRS source, actor/role, preconditions, data, steps, measurable expected outcome, negative path, evidence fields and case version.","APPROVE / RETURN_FOR_REWORK / DEFER","PENDING","","EM-BRD-001 Detailed Chapters 461–470; EM-SRS-001 Batch 010 mapping; exact approved locator to be added by owner","","Requirements owner","","Business owner","","","OPEN","Resolve source-detail gap and review case; do not execute until approved.","","","","SRS-FR-2336; current source detail is generic and baseline approval remains pending."
"B01-DEC-465-03","B01 / requirement case","REQ-46503","Requirement-level acceptance basis","Approve the detailed BRD/SRS source, actor/role, preconditions, data, steps, measurable expected outcome, negative path, evidence fields and case version.","APPROVE / RETURN_FOR_REWORK / DEFER","PENDING","","EM-BRD-001 Detailed Chapters 461–470; EM-SRS-001 Batch 010 mapping; exact approved locator to be added by owner","","Requirements owner","","Business owner","","","OPEN","Resolve source-detail gap and review case; do not execute until approved.","","","","SRS-FR-2337; current source detail is generic and baseline approval remains pending."
"B01-DEC-465-04","B01 / requirement case","REQ-46504","Requirement-level acceptance basis","Approve the detailed BRD/SRS source, actor/role, preconditions, data, steps, measurable expected outcome, negative path, evidence fields and case version.","APPROVE / RETURN_FOR_REWORK / DEFER","PENDING","","EM-BRD-001 Detailed Chapters 461–470; EM-SRS-001 Batch 010 mapping; exact approved locator to be added by owner","","Requirements owner","","Business owner","","","OPEN","Resolve source-detail gap and review case; do not execute until approved.","","","","SRS-FR-2338; current source detail is generic and baseline approval remains pending."
"B01-DEC-465-05","B01 / requirement case","REQ-46505","Requirement-level acceptance basis","Approve the detailed BRD/SRS source, actor/role, preconditions, data, steps, measurable expected outcome, negative path, evidence fields and case version.","APPROVE / RETURN_FOR_REWORK / DEFER","PENDING","","EM-BRD-001 Detailed Chapters 461–470; EM-SRS-001 Batch 010 mapping; exact approved locator to be added by owner","","Requirements owner","","Business owner","","","OPEN","Resolve source-detail gap and review case; do not execute until approved.","","","","SRS-FR-2339; current source detail is generic and baseline approval remains pending."
"B01-DEC-465-06","B01 / requirement case","REQ-46506","Requirement-level acceptance basis","Approve the detailed BRD/SRS source, actor/role, preconditions, data, steps, measurable expected outcome, negative path, evidence fields and case version.","APPROVE / RETURN_FOR_REWORK / DEFER","PENDING","","EM-BRD-001 Detailed Chapters 461–470; EM-SRS-001 Batch 010 mapping; exact approved locator to be added by owner","","Requirements owner","","Business owner","","","OPEN","Resolve source-detail gap and review case; do not execute until approved.","","","","SRS-FR-2340; current source detail is generic and baseline approval remains pending."
"B01-DEC-466-01","B01 / requirement case","REQ-46601","Requirement-level acceptance basis","Approve the detailed BRD/SRS source, actor/role, preconditions, data, steps, measurable expected outcome, negative path, evidence fields and case version.","APPROVE / RETURN_FOR_REWORK / DEFER","PENDING","","EM-BRD-001 Detailed Chapters 461–470; EM-SRS-001 Batch 010 mapping; exact approved locator to be added by owner","","Requirements owner","","Business owner","","","OPEN","Resolve source-detail gap and review case; do not execute until approved.","","","","SRS-FR-2341; current source detail is generic and baseline approval remains pending."
"B01-DEC-466-02","B01 / requirement case","REQ-46602","Requirement-level acceptance basis","Approve the detailed BRD/SRS source, actor/role, preconditions, data, steps, measurable expected outcome, negative path, evidence fields and case version.","APPROVE / RETURN_FOR_REWORK / DEFER","PENDING","","EM-BRD-001 Detailed Chapters 461–470; EM-SRS-001 Batch 010 mapping; exact approved locator to be added by owner","","Requirements owner","","Business owner","","","OPEN","Resolve source-detail gap and review case; do not execute until approved.","","","","SRS-FR-2342; current source detail is generic and baseline approval remains pending."
"B01-DEC-466-03","B01 / requirement case","REQ-46603","Requirement-level acceptance basis","Approve the detailed BRD/SRS source, actor/role, preconditions, data, steps, measurable expected outcome, negative path, evidence fields and case version.","APPROVE / RETURN_FOR_REWORK / DEFER","PENDING","","EM-BRD-001 Detailed Chapters 461–470; EM-SRS-001 Batch 010 mapping; exact approved locator to be added by owner","","Requirements owner","","Business owner","","","OPEN","Resolve source-detail gap and review case; do not execute until approved.","","","","SRS-FR-2343; current source detail is generic and baseline approval remains pending."
"B01-DEC-466-04","B01 / requirement case","REQ-46604","Requirement-level acceptance basis","Approve the detailed BRD/SRS source, actor/role, preconditions, data, steps, measurable expected outcome, negative path, evidence fields and case version.","APPROVE / RETURN_FOR_REWORK / DEFER","PENDING","","EM-BRD-001 Detailed Chapters 461–470; EM-SRS-001 Batch 010 mapping; exact approved locator to be added by owner","","Requirements owner","","Business owner","","","OPEN","Resolve source-detail gap and review case; do not execute until approved.","","","","SRS-FR-2344; current source detail is generic and baseline approval remains pending."
"B01-DEC-466-05","B01 / requirement case","REQ-46605","Requirement-level acceptance basis","Approve the detailed BRD/SRS source, actor/role, preconditions, data, steps, measurable expected outcome, negative path, evidence fields and case version.","APPROVE / RETURN_FOR_REWORK / DEFER","PENDING","","EM-BRD-001 Detailed Chapters 461–470; EM-SRS-001 Batch 010 mapping; exact approved locator to be added by owner","","Requirements owner","","Business owner","","","OPEN","Resolve source-detail gap and review case; do not execute until approved.","","","","SRS-FR-2345; current source detail is generic and baseline approval remains pending."
"B01-DEC-466-06","B01 / requirement case","REQ-46606","Requirement-level acceptance basis","Approve the detailed BRD/SRS source, actor/role, preconditions, data, steps, measurable expected outcome, negative path, evidence fields and case version.","APPROVE / RETURN_FOR_REWORK / DEFER","PENDING","","EM-BRD-001 Detailed Chapters 461–470; EM-SRS-001 Batch 010 mapping; exact approved locator to be added by owner","","Requirements owner","","Business owner","","","OPEN","Resolve source-detail gap and review case; do not execute until approved.","","","","SRS-FR-2346; current source detail is generic and baseline approval remains pending."
"B01-DEC-467-01","B01 / requirement case","REQ-46701","Requirement-level acceptance basis","Approve the detailed BRD/SRS source, actor/role, preconditions, data, steps, measurable expected outcome, negative path, evidence fields and case version.","APPROVE / RETURN_FOR_REWORK / DEFER","PENDING","","EM-BRD-001 Detailed Chapters 461–470; EM-SRS-001 Batch 010 mapping; exact approved locator to be added by owner","","Requirements owner","","Business owner","","","OPEN","Resolve source-detail gap and review case; do not execute until approved.","","","","SRS-FR-2347; current source detail is generic and baseline approval remains pending."
"B01-DEC-467-02","B01 / requirement case","REQ-46702","Requirement-level acceptance basis","Approve the detailed BRD/SRS source, actor/role, preconditions, data, steps, measurable expected outcome, negative path, evidence fields and case version.","APPROVE / RETURN_FOR_REWORK / DEFER","PENDING","","EM-BRD-001 Detailed Chapters 461–470; EM-SRS-001 Batch 010 mapping; exact approved locator to be added by owner","","Requirements owner","","Business owner","","","OPEN","Resolve source-detail gap and review case; do not execute until approved.","","","","SRS-FR-2348; current source detail is generic and baseline approval remains pending."
"B01-DEC-467-03","B01 / requirement case","REQ-46703","Requirement-level acceptance basis","Approve the detailed BRD/SRS source, actor/role, preconditions, data, steps, measurable expected outcome, negative path, evidence fields and case version.","APPROVE / RETURN_FOR_REWORK / DEFER","PENDING","","EM-BRD-001 Detailed Chapters 461–470; EM-SRS-001 Batch 010 mapping; exact approved locator to be added by owner","","Requirements owner","","Business owner","","","OPEN","Resolve source-detail gap and review case; do not execute until approved.","","","","SRS-FR-2349; current source detail is generic and baseline approval remains pending."
"B01-DEC-467-04","B01 / requirement case","REQ-46704","Requirement-level acceptance basis","Approve the detailed BRD/SRS source, actor/role, preconditions, data, steps, measurable expected outcome, negative path, evidence fields and case version.","APPROVE / RETURN_FOR_REWORK / DEFER","PENDING","","EM-BRD-001 Detailed Chapters 461–470; EM-SRS-001 Batch 010 mapping; exact approved locator to be added by owner","","Requirements owner","","Business owner","","","OPEN","Resolve source-detail gap and review case; do not execute until approved.","","","","SRS-FR-2350; current source detail is generic and baseline approval remains pending."
"B01-DEC-467-05","B01 / requirement case","REQ-46705","Requirement-level acceptance basis","Approve the detailed BRD/SRS source, actor/role, preconditions, data, steps, measurable expected outcome, negative path, evidence fields and case version.","APPROVE / RETURN_FOR_REWORK / DEFER","PENDING","","EM-BRD-001 Detailed Chapters 461–470; EM-SRS-001 Batch 010 mapping; exact approved locator to be added by owner","","Requirements owner","","Business owner","","","OPEN","Resolve source-detail gap and review case; do not execute until approved.","","","","SRS-FR-2351; current source detail is generic and baseline approval remains pending."
"B01-DEC-467-06","B01 / requirement case","REQ-46706","Requirement-level acceptance basis","Approve the detailed BRD/SRS source, actor/role, preconditions, data, steps, measurable expected outcome, negative path, evidence fields and case version.","APPROVE / RETURN_FOR_REWORK / DEFER","PENDING","","EM-BRD-001 Detailed Chapters 461–470; EM-SRS-001 Batch 010 mapping; exact approved locator to be added by owner","","Requirements owner","","Business owner","","","OPEN","Resolve source-detail gap and review case; do not execute until approved.","","","","SRS-FR-2352; current source detail is generic and baseline approval remains pending."
"B01-DEC-468-01","B01 / requirement case","REQ-46801","Requirement-level acceptance basis","Approve the detailed BRD/SRS source, actor/role, preconditions, data, steps, measurable expected outcome, negative path, evidence fields and case version.","APPROVE / RETURN_FOR_REWORK / DEFER","PENDING","","EM-BRD-001 Detailed Chapters 461–470; EM-SRS-001 Batch 010 mapping; exact approved locator to be added by owner","","Requirements owner","","Business owner","","","OPEN","Resolve source-detail gap and review case; do not execute until approved.","","","","SRS-FR-2353; current source detail is generic and baseline approval remains pending."
"B01-DEC-468-02","B01 / requirement case","REQ-46802","Requirement-level acceptance basis","Approve the detailed BRD/SRS source, actor/role, preconditions, data, steps, measurable expected outcome, negative path, evidence fields and case version.","APPROVE / RETURN_FOR_REWORK / DEFER","PENDING","","EM-BRD-001 Detailed Chapters 461–470; EM-SRS-001 Batch 010 mapping; exact approved locator to be added by owner","","Requirements owner","","Business owner","","","OPEN","Resolve source-detail gap and review case; do not execute until approved.","","","","SRS-FR-2354; current source detail is generic and baseline approval remains pending."
"B01-DEC-468-03","B01 / requirement case","REQ-46803","Requirement-level acceptance basis","Approve the detailed BRD/SRS source, actor/role, preconditions, data, steps, measurable expected outcome, negative path, evidence fields and case version.","APPROVE / RETURN_FOR_REWORK / DEFER","PENDING","","EM-BRD-001 Detailed Chapters 461–470; EM-SRS-001 Batch 010 mapping; exact approved locator to be added by owner","","Requirements owner","","Business owner","","","OPEN","Resolve source-detail gap and review case; do not execute until approved.","","","","SRS-FR-2355; current source detail is generic and baseline approval remains pending."
"B01-DEC-468-04","B01 / requirement case","REQ-46804","Requirement-level acceptance basis","Approve the detailed BRD/SRS source, actor/role, preconditions, data, steps, measurable expected outcome, negative path, evidence fields and case version.","APPROVE / RETURN_FOR_REWORK / DEFER","PENDING","","EM-BRD-001 Detailed Chapters 461–470; EM-SRS-001 Batch 010 mapping; exact approved locator to be added by owner","","Requirements owner","","Business owner","","","OPEN","Resolve source-detail gap and review case; do not execute until approved.","","","","SRS-FR-2356; current source detail is generic and baseline approval remains pending."
"B01-DEC-468-05","B01 / requirement case","REQ-46805","Requirement-level acceptance basis","Approve the detailed BRD/SRS source, actor/role, preconditions, data, steps, measurable expected outcome, negative path, evidence fields and case version.","APPROVE / RETURN_FOR_REWORK / DEFER","PENDING","","EM-BRD-001 Detailed Chapters 461–470; EM-SRS-001 Batch 010 mapping; exact approved locator to be added by owner","","Requirements owner","","Business owner","","","OPEN","Resolve source-detail gap and review case; do not execute until approved.","","","","SRS-FR-2357; current source detail is generic and baseline approval remains pending."
"B01-DEC-468-06","B01 / requirement case","REQ-46806","Requirement-level acceptance basis","Approve the detailed BRD/SRS source, actor/role, preconditions, data, steps, measurable expected outcome, negative path, evidence fields and case version.","APPROVE / RETURN_FOR_REWORK / DEFER","PENDING","","EM-BRD-001 Detailed Chapters 461–470; EM-SRS-001 Batch 010 mapping; exact approved locator to be added by owner","","Requirements owner","","Business owner","","","OPEN","Resolve source-detail gap and review case; do not execute until approved.","","","","SRS-FR-2358; current source detail is generic and baseline approval remains pending."
"B01-DEC-469-01","B01 / requirement case","REQ-46901","Requirement-level acceptance basis","Approve the detailed BRD/SRS source, actor/role, preconditions, data, steps, measurable expected outcome, negative path, evidence fields and case version.","APPROVE / RETURN_FOR_REWORK / DEFER","PENDING","","EM-BRD-001 Detailed Chapters 461–470; EM-SRS-001 Batch 010 mapping; exact approved locator to be added by owner","","Requirements owner","","Business owner","","","OPEN","Resolve source-detail gap and review case; do not execute until approved.","","","","SRS-FR-2359; current source detail is generic and baseline approval remains pending."
"B01-DEC-469-02","B01 / requirement case","REQ-46902","Requirement-level acceptance basis","Approve the detailed BRD/SRS source, actor/role, preconditions, data, steps, measurable expected outcome, negative path, evidence fields and case version.","APPROVE / RETURN_FOR_REWORK / DEFER","PENDING","","EM-BRD-001 Detailed Chapters 461–470; EM-SRS-001 Batch 010 mapping; exact approved locator to be added by owner","","Requirements owner","","Business owner","","","OPEN","Resolve source-detail gap and review case; do not execute until approved.","","","","SRS-FR-2360; current source detail is generic and baseline approval remains pending."
"B01-DEC-469-03","B01 / requirement case","REQ-46903","Requirement-level acceptance basis","Approve the detailed BRD/SRS source, actor/role, preconditions, data, steps, measurable expected outcome, negative path, evidence fields and case version.","APPROVE / RETURN_FOR_REWORK / DEFER","PENDING","","EM-BRD-001 Detailed Chapters 461–470; EM-SRS-001 Batch 010 mapping; exact approved locator to be added by owner","","Requirements owner","","Business owner","","","OPEN","Resolve source-detail gap and review case; do not execute until approved.","","","","SRS-FR-2361; current source detail is generic and baseline approval remains pending."
"B01-DEC-469-04","B01 / requirement case","REQ-46904","Requirement-level acceptance basis","Approve the detailed BRD/SRS source, actor/role, preconditions, data, steps, measurable expected outcome, negative path, evidence fields and case version.","APPROVE / RETURN_FOR_REWORK / DEFER","PENDING","","EM-BRD-001 Detailed Chapters 461–470; EM-SRS-001 Batch 010 mapping; exact approved locator to be added by owner","","Requirements owner","","Business owner","","","OPEN","Resolve source-detail gap and review case; do not execute until approved.","","","","SRS-FR-2362; current source detail is generic and baseline approval remains pending."
"B01-DEC-469-05","B01 / requirement case","REQ-46905","Requirement-level acceptance basis","Approve the detailed BRD/SRS source, actor/role, preconditions, data, steps, measurable expected outcome, negative path, evidence fields and case version.","APPROVE / RETURN_FOR_REWORK / DEFER","PENDING","","EM-BRD-001 Detailed Chapters 461–470; EM-SRS-001 Batch 010 mapping; exact approved locator to be added by owner","","Requirements owner","","Business owner","","","OPEN","Resolve source-detail gap and review case; do not execute until approved.","","","","SRS-FR-2363; current source detail is generic and baseline approval remains pending."
"B01-DEC-469-06","B01 / requirement case","REQ-46906","Requirement-level acceptance basis","Approve the detailed BRD/SRS source, actor/role, preconditions, data, steps, measurable expected outcome, negative path, evidence fields and case version.","APPROVE / RETURN_FOR_REWORK / DEFER","PENDING","","EM-BRD-001 Detailed Chapters 461–470; EM-SRS-001 Batch 010 mapping; exact approved locator to be added by owner","","Requirements owner","","Business owner","","","OPEN","Resolve source-detail gap and review case; do not execute until approved.","","","","SRS-FR-2364; current source detail is generic and baseline approval remains pending."
"B01-DEC-470-01","B01 / requirement case","REQ-47001","Requirement-level acceptance basis","Approve the detailed BRD/SRS source, actor/role, preconditions, data, steps, measurable expected outcome, negative path, evidence fields and case version.","APPROVE / RETURN_FOR_REWORK / DEFER","PENDING","","EM-BRD-001 Detailed Chapters 461–470; EM-SRS-001 Batch 010 mapping; exact approved locator to be added by owner","","Requirements owner","","Business owner","","","OPEN","Resolve source-detail gap and review case; do not execute until approved.","","","","SRS-FR-2365; current source detail is generic and baseline approval remains pending."
"B01-DEC-470-02","B01 / requirement case","REQ-47002","Requirement-level acceptance basis","Approve the detailed BRD/SRS source, actor/role, preconditions, data, steps, measurable expected outcome, negative path, evidence fields and case version.","APPROVE / RETURN_FOR_REWORK / DEFER","PENDING","","EM-BRD-001 Detailed Chapters 461–470; EM-SRS-001 Batch 010 mapping; exact approved locator to be added by owner","","Requirements owner","","Business owner","","","OPEN","Resolve source-detail gap and review case; do not execute until approved.","","","","SRS-FR-2366; current source detail is generic and baseline approval remains pending."
"B01-DEC-470-03","B01 / requirement case","REQ-47003","Requirement-level acceptance basis","Approve the detailed BRD/SRS source, actor/role, preconditions, data, steps, measurable expected outcome, negative path, evidence fields and case version.","APPROVE / RETURN_FOR_REWORK / DEFER","PENDING","","EM-BRD-001 Detailed Chapters 461–470; EM-SRS-001 Batch 010 mapping; exact approved locator to be added by owner","","Requirements owner","","Business owner","","","OPEN","Resolve source-detail gap and review case; do not execute until approved.","","","","SRS-FR-2367; current source detail is generic and baseline approval remains pending."
"B01-DEC-470-04","B01 / requirement case","REQ-47004","Requirement-level acceptance basis","Approve the detailed BRD/SRS source, actor/role, preconditions, data, steps, measurable expected outcome, negative path, evidence fields and case version.","APPROVE / RETURN_FOR_REWORK / DEFER","PENDING","","EM-BRD-001 Detailed Chapters 461–470; EM-SRS-001 Batch 010 mapping; exact approved locator to be added by owner","","Requirements owner","","Business owner","","","OPEN","Resolve source-detail gap and review case; do not execute until approved.","","","","SRS-FR-2368; current source detail is generic and baseline approval remains pending."
"B01-DEC-470-05","B01 / requirement case","REQ-47005","Requirement-level acceptance basis","Approve the detailed BRD/SRS source, actor/role, preconditions, data, steps, measurable expected outcome, negative path, evidence fields and case version.","APPROVE / RETURN_FOR_REWORK / DEFER","PENDING","","EM-BRD-001 Detailed Chapters 461–470; EM-SRS-001 Batch 010 mapping; exact approved locator to be added by owner","","Requirements owner","","Business owner","","","OPEN","Resolve source-detail gap and review case; do not execute until approved.","","","","SRS-FR-2369; current source detail is generic and baseline approval remains pending."
"B01-DEC-470-06","B01 / requirement case","REQ-47006","Requirement-level acceptance basis","Approve the detailed BRD/SRS source, actor/role, preconditions, data, steps, measurable expected outcome, negative path, evidence fields and case version.","APPROVE / RETURN_FOR_REWORK / DEFER","PENDING","","EM-BRD-001 Detailed Chapters 461–470; EM-SRS-001 Batch 010 mapping; exact approved locator to be added by owner","","Requirements owner","","Business owner","","","OPEN","Resolve source-detail gap and review case; do not execute until approved.","","","","SRS-FR-2370; current source detail is generic and baseline approval remains pending."
