requirement_id,chapter,srs_id,brd_parent_id,pattern,requirement_summary,detailed_brd_source,detailed_brd_chapter_locator,detailed_brd_content_assessment,srs_source,srs_acceptance_criteria_assessment,draft_case_reference,reconciliation_status,blocking_gap,required_resolution,approval_boundary,execution_status
"REQ-46301","463","SRS-FR-2323","BRD-001-REQ-46301","XX01","Maintain authoritative records and lifecycle history","EM-BRD-001_Detailed_Chapters-461-470_v1.0.docx","463.1–463.20","Chapter heading is specific to the domain, but its 20-section body uses generic boilerplate rather than actionable requirement-level detail. SRS functional type and parent summary present; detailed business states, record schema, transitions, retention and reconciliation rules are not specified.","EM-SRS-001_FINAL_Consolidated_Software_Requirements_Baseline_v1.0.docx","Parent capability and generic acceptance bullets are present; source SRS baseline remains approval-pending and does not define requirement-specific actors, conditions, business rules, constraints or measurable expected outcomes. Priority MUST.","B01-463-01","BLOCKED_SOURCE_DETAIL","Cannot confirm draft steps/expected result against approved, requirement-specific business rules; do not treat template as an approved test case.","Business/requirements owner to provide or approve specific actor/role, preconditions, valid/invalid data, workflow/state rules, measurable expected outcome, exception handling and evidence fields; cite approved BRD/SRS version and locator.","Draft case is candidate wording only; source package is not an approved final baseline. No inferred approval or acceptance.","NOT_RUN"
"REQ-46302","463","SRS-FR-2324","BRD-001-REQ-46302","XX02","Enforce role-based authorization before material actions","EM-BRD-001_Detailed_Chapters-461-470_v1.0.docx","463.1–463.20","Chapter heading is specific to the domain, but its 20-section body uses generic boilerplate rather than actionable requirement-level detail. SRS identifies authorization/control capability; role-permission matrix, policy conditions, privileged action inventory and tenant rules are not specified.","EM-SRS-001_FINAL_Consolidated_Software_Requirements_Baseline_v1.0.docx","Parent capability and generic acceptance bullets are present; source SRS baseline remains approval-pending and does not define requirement-specific actors, conditions, business rules, constraints or measurable expected outcomes. Priority MUST.","B01-463-02","BLOCKED_SOURCE_DETAIL","Cannot confirm draft steps/expected result against approved, requirement-specific business rules; do not treat template as an approved test case.","Business/requirements owner to provide or approve specific actor/role, preconditions, valid/invalid data, workflow/state rules, measurable expected outcome, exception handling and evidence fields; cite approved BRD/SRS version and locator.","Draft case is candidate wording only; source package is not an approved final baseline. No inferred approval or acceptance.","NOT_RUN"
"REQ-46303","463","SRS-FR-2325","BRD-001-REQ-46303","XX03","Validate mandatory business conditions before material changes","EM-BRD-001_Detailed_Chapters-461-470_v1.0.docx","463.1–463.20","Chapter heading is specific to the domain, but its 20-section body uses generic boilerplate rather than actionable requirement-level detail. SRS identifies business validation; exact mandatory fields, invariants, workflow preconditions, error codes and atomicity rules are not specified.","EM-SRS-001_FINAL_Consolidated_Software_Requirements_Baseline_v1.0.docx","Parent capability and generic acceptance bullets are present; source SRS baseline remains approval-pending and does not define requirement-specific actors, conditions, business rules, constraints or measurable expected outcomes. Priority MUST.","B01-463-03","BLOCKED_SOURCE_DETAIL","Cannot confirm draft steps/expected result against approved, requirement-specific business rules; do not treat template as an approved test case.","Business/requirements owner to provide or approve specific actor/role, preconditions, valid/invalid data, workflow/state rules, measurable expected outcome, exception handling and evidence fields; cite approved BRD/SRS version and locator.","Draft case is candidate wording only; source package is not an approved final baseline. No inferred approval or acceptance.","NOT_RUN"
"REQ-46304","463","SRS-FR-2326","BRD-001-REQ-46304","XX04","Preserve audit evidence for material events","EM-BRD-001_Detailed_Chapters-461-470_v1.0.docx","463.1–463.20","Chapter heading is specific to the domain, but its 20-section body uses generic boilerplate rather than actionable requirement-level detail. SRS identifies audit capability; mandatory event catalogue, required fields, integrity/retention controls and audit retrieval rules are not specified.","EM-SRS-001_FINAL_Consolidated_Software_Requirements_Baseline_v1.0.docx","Parent capability and generic acceptance bullets are present; source SRS baseline remains approval-pending and does not define requirement-specific actors, conditions, business rules, constraints or measurable expected outcomes. Priority MUST.","B01-463-04","BLOCKED_SOURCE_DETAIL","Cannot confirm draft steps/expected result against approved, requirement-specific business rules; do not treat template as an approved test case.","Business/requirements owner to provide or approve specific actor/role, preconditions, valid/invalid data, workflow/state rules, measurable expected outcome, exception handling and evidence fields; cite approved BRD/SRS version and locator.","Draft case is candidate wording only; source package is not an approved final baseline. No inferred approval or acceptance.","NOT_RUN"
"REQ-46305","463","SRS-FR-2327","BRD-001-REQ-46305","XX05","Support controlled exception handling","EM-BRD-001_Detailed_Chapters-461-470_v1.0.docx","463.1–463.20","Chapter heading is specific to the domain, but its 20-section body uses generic boilerplate rather than actionable requirement-level detail. SRS identifies exception capability; taxonomy, severity, ownership, SLA, retry/replay, compensation and closure states are not specified.","EM-SRS-001_FINAL_Consolidated_Software_Requirements_Baseline_v1.0.docx","Parent capability and generic acceptance bullets are present; source SRS baseline remains approval-pending and does not define requirement-specific actors, conditions, business rules, constraints or measurable expected outcomes. Priority MUST.","B01-463-05","BLOCKED_SOURCE_DETAIL","Cannot confirm draft steps/expected result against approved, requirement-specific business rules; do not treat template as an approved test case.","Business/requirements owner to provide or approve specific actor/role, preconditions, valid/invalid data, workflow/state rules, measurable expected outcome, exception handling and evidence fields; cite approved BRD/SRS version and locator.","Draft case is candidate wording only; source package is not an approved final baseline. No inferred approval or acceptance.","NOT_RUN"
"REQ-46306","463","SRS-FR-2328","BRD-001-REQ-46306","XX06","Provide governed reporting for status, exceptions and performance","EM-BRD-001_Detailed_Chapters-461-470_v1.0.docx","463.1–463.20","Chapter heading is specific to the domain, but its 20-section body uses generic boilerplate rather than actionable requirement-level detail. SRS identifies reporting capability; report definitions, measures, filters, freshness, reconciliation rules and access scope are not specified.","EM-SRS-001_FINAL_Consolidated_Software_Requirements_Baseline_v1.0.docx","Parent capability and generic acceptance bullets are present; source SRS baseline remains approval-pending and does not define requirement-specific actors, conditions, business rules, constraints or measurable expected outcomes. Priority SHOULD.","B01-463-06","BLOCKED_SOURCE_DETAIL","Cannot confirm draft steps/expected result against approved, requirement-specific business rules; do not treat template as an approved test case.","Business/requirements owner to provide or approve specific actor/role, preconditions, valid/invalid data, workflow/state rules, measurable expected outcome, exception handling and evidence fields; cite approved BRD/SRS version and locator.","Draft case is candidate wording only; source package is not an approved final baseline. No inferred approval or acceptance.","NOT_RUN"
"REQ-46401","464","SRS-FR-2329","BRD-001-REQ-46401","XX01","Maintain authoritative records and lifecycle history","EM-BRD-001_Detailed_Chapters-461-470_v1.0.docx","464.1–464.20","Chapter heading is specific to the domain, but its 20-section body uses generic boilerplate rather than actionable requirement-level detail. SRS functional type and parent summary present; detailed business states, record schema, transitions, retention and reconciliation rules are not specified.","EM-SRS-001_FINAL_Consolidated_Software_Requirements_Baseline_v1.0.docx","Parent capability and generic acceptance bullets are present; source SRS baseline remains approval-pending and does not define requirement-specific actors, conditions, business rules, constraints or measurable expected outcomes. Priority MUST.","B01-464-01","BLOCKED_SOURCE_DETAIL","Cannot confirm draft steps/expected result against approved, requirement-specific business rules; do not treat template as an approved test case.","Business/requirements owner to provide or approve specific actor/role, preconditions, valid/invalid data, workflow/state rules, measurable expected outcome, exception handling and evidence fields; cite approved BRD/SRS version and locator.","Draft case is candidate wording only; source package is not an approved final baseline. No inferred approval or acceptance.","NOT_RUN"
"REQ-46402","464","SRS-FR-2330","BRD-001-REQ-46402","XX02","Enforce role-based authorization before material actions","EM-BRD-001_Detailed_Chapters-461-470_v1.0.docx","464.1–464.20","Chapter heading is specific to the domain, but its 20-section body uses generic boilerplate rather than actionable requirement-level detail. SRS identifies authorization/control capability; role-permission matrix, policy conditions, privileged action inventory and tenant rules are not specified.","EM-SRS-001_FINAL_Consolidated_Software_Requirements_Baseline_v1.0.docx","Parent capability and generic acceptance bullets are present; source SRS baseline remains approval-pending and does not define requirement-specific actors, conditions, business rules, constraints or measurable expected outcomes. Priority MUST.","B01-464-02","BLOCKED_SOURCE_DETAIL","Cannot confirm draft steps/expected result against approved, requirement-specific business rules; do not treat template as an approved test case.","Business/requirements owner to provide or approve specific actor/role, preconditions, valid/invalid data, workflow/state rules, measurable expected outcome, exception handling and evidence fields; cite approved BRD/SRS version and locator.","Draft case is candidate wording only; source package is not an approved final baseline. No inferred approval or acceptance.","NOT_RUN"
"REQ-46403","464","SRS-FR-2331","BRD-001-REQ-46403","XX03","Validate mandatory business conditions before material changes","EM-BRD-001_Detailed_Chapters-461-470_v1.0.docx","464.1–464.20","Chapter heading is specific to the domain, but its 20-section body uses generic boilerplate rather than actionable requirement-level detail. SRS identifies business validation; exact mandatory fields, invariants, workflow preconditions, error codes and atomicity rules are not specified.","EM-SRS-001_FINAL_Consolidated_Software_Requirements_Baseline_v1.0.docx","Parent capability and generic acceptance bullets are present; source SRS baseline remains approval-pending and does not define requirement-specific actors, conditions, business rules, constraints or measurable expected outcomes. Priority MUST.","B01-464-03","BLOCKED_SOURCE_DETAIL","Cannot confirm draft steps/expected result against approved, requirement-specific business rules; do not treat template as an approved test case.","Business/requirements owner to provide or approve specific actor/role, preconditions, valid/invalid data, workflow/state rules, measurable expected outcome, exception handling and evidence fields; cite approved BRD/SRS version and locator.","Draft case is candidate wording only; source package is not an approved final baseline. No inferred approval or acceptance.","NOT_RUN"
"REQ-46404","464","SRS-FR-2332","BRD-001-REQ-46404","XX04","Preserve audit evidence for material events","EM-BRD-001_Detailed_Chapters-461-470_v1.0.docx","464.1–464.20","Chapter heading is specific to the domain, but its 20-section body uses generic boilerplate rather than actionable requirement-level detail. SRS identifies audit capability; mandatory event catalogue, required fields, integrity/retention controls and audit retrieval rules are not specified.","EM-SRS-001_FINAL_Consolidated_Software_Requirements_Baseline_v1.0.docx","Parent capability and generic acceptance bullets are present; source SRS baseline remains approval-pending and does not define requirement-specific actors, conditions, business rules, constraints or measurable expected outcomes. Priority MUST.","B01-464-04","BLOCKED_SOURCE_DETAIL","Cannot confirm draft steps/expected result against approved, requirement-specific business rules; do not treat template as an approved test case.","Business/requirements owner to provide or approve specific actor/role, preconditions, valid/invalid data, workflow/state rules, measurable expected outcome, exception handling and evidence fields; cite approved BRD/SRS version and locator.","Draft case is candidate wording only; source package is not an approved final baseline. No inferred approval or acceptance.","NOT_RUN"
"REQ-46405","464","SRS-FR-2333","BRD-001-REQ-46405","XX05","Support controlled exception handling","EM-BRD-001_Detailed_Chapters-461-470_v1.0.docx","464.1–464.20","Chapter heading is specific to the domain, but its 20-section body uses generic boilerplate rather than actionable requirement-level detail. SRS identifies exception capability; taxonomy, severity, ownership, SLA, retry/replay, compensation and closure states are not specified.","EM-SRS-001_FINAL_Consolidated_Software_Requirements_Baseline_v1.0.docx","Parent capability and generic acceptance bullets are present; source SRS baseline remains approval-pending and does not define requirement-specific actors, conditions, business rules, constraints or measurable expected outcomes. Priority MUST.","B01-464-05","BLOCKED_SOURCE_DETAIL","Cannot confirm draft steps/expected result against approved, requirement-specific business rules; do not treat template as an approved test case.","Business/requirements owner to provide or approve specific actor/role, preconditions, valid/invalid data, workflow/state rules, measurable expected outcome, exception handling and evidence fields; cite approved BRD/SRS version and locator.","Draft case is candidate wording only; source package is not an approved final baseline. No inferred approval or acceptance.","NOT_RUN"
"REQ-46406","464","SRS-FR-2334","BRD-001-REQ-46406","XX06","Provide governed reporting for status, exceptions and performance","EM-BRD-001_Detailed_Chapters-461-470_v1.0.docx","464.1–464.20","Chapter heading is specific to the domain, but its 20-section body uses generic boilerplate rather than actionable requirement-level detail. SRS identifies reporting capability; report definitions, measures, filters, freshness, reconciliation rules and access scope are not specified.","EM-SRS-001_FINAL_Consolidated_Software_Requirements_Baseline_v1.0.docx","Parent capability and generic acceptance bullets are present; source SRS baseline remains approval-pending and does not define requirement-specific actors, conditions, business rules, constraints or measurable expected outcomes. Priority SHOULD.","B01-464-06","BLOCKED_SOURCE_DETAIL","Cannot confirm draft steps/expected result against approved, requirement-specific business rules; do not treat template as an approved test case.","Business/requirements owner to provide or approve specific actor/role, preconditions, valid/invalid data, workflow/state rules, measurable expected outcome, exception handling and evidence fields; cite approved BRD/SRS version and locator.","Draft case is candidate wording only; source package is not an approved final baseline. No inferred approval or acceptance.","NOT_RUN"
"REQ-46501","465","SRS-FR-2335","BRD-001-REQ-46501","XX01","Maintain authoritative records and lifecycle history","EM-BRD-001_Detailed_Chapters-461-470_v1.0.docx","465.1–465.20","Chapter heading is specific to the domain, but its 20-section body uses generic boilerplate rather than actionable requirement-level detail. SRS functional type and parent summary present; detailed business states, record schema, transitions, retention and reconciliation rules are not specified.","EM-SRS-001_FINAL_Consolidated_Software_Requirements_Baseline_v1.0.docx","Parent capability and generic acceptance bullets are present; source SRS baseline remains approval-pending and does not define requirement-specific actors, conditions, business rules, constraints or measurable expected outcomes. Priority MUST.","B01-465-01","BLOCKED_SOURCE_DETAIL","Cannot confirm draft steps/expected result against approved, requirement-specific business rules; do not treat template as an approved test case.","Business/requirements owner to provide or approve specific actor/role, preconditions, valid/invalid data, workflow/state rules, measurable expected outcome, exception handling and evidence fields; cite approved BRD/SRS version and locator.","Draft case is candidate wording only; source package is not an approved final baseline. No inferred approval or acceptance.","NOT_RUN"
"REQ-46502","465","SRS-FR-2336","BRD-001-REQ-46502","XX02","Enforce role-based authorization before material actions","EM-BRD-001_Detailed_Chapters-461-470_v1.0.docx","465.1–465.20","Chapter heading is specific to the domain, but its 20-section body uses generic boilerplate rather than actionable requirement-level detail. SRS identifies authorization/control capability; role-permission matrix, policy conditions, privileged action inventory and tenant rules are not specified.","EM-SRS-001_FINAL_Consolidated_Software_Requirements_Baseline_v1.0.docx","Parent capability and generic acceptance bullets are present; source SRS baseline remains approval-pending and does not define requirement-specific actors, conditions, business rules, constraints or measurable expected outcomes. Priority MUST.","B01-465-02","BLOCKED_SOURCE_DETAIL","Cannot confirm draft steps/expected result against approved, requirement-specific business rules; do not treat template as an approved test case.","Business/requirements owner to provide or approve specific actor/role, preconditions, valid/invalid data, workflow/state rules, measurable expected outcome, exception handling and evidence fields; cite approved BRD/SRS version and locator.","Draft case is candidate wording only; source package is not an approved final baseline. No inferred approval or acceptance.","NOT_RUN"
"REQ-46503","465","SRS-FR-2337","BRD-001-REQ-46503","XX03","Validate mandatory business conditions before material changes","EM-BRD-001_Detailed_Chapters-461-470_v1.0.docx","465.1–465.20","Chapter heading is specific to the domain, but its 20-section body uses generic boilerplate rather than actionable requirement-level detail. SRS identifies business validation; exact mandatory fields, invariants, workflow preconditions, error codes and atomicity rules are not specified.","EM-SRS-001_FINAL_Consolidated_Software_Requirements_Baseline_v1.0.docx","Parent capability and generic acceptance bullets are present; source SRS baseline remains approval-pending and does not define requirement-specific actors, conditions, business rules, constraints or measurable expected outcomes. Priority MUST.","B01-465-03","BLOCKED_SOURCE_DETAIL","Cannot confirm draft steps/expected result against approved, requirement-specific business rules; do not treat template as an approved test case.","Business/requirements owner to provide or approve specific actor/role, preconditions, valid/invalid data, workflow/state rules, measurable expected outcome, exception handling and evidence fields; cite approved BRD/SRS version and locator.","Draft case is candidate wording only; source package is not an approved final baseline. No inferred approval or acceptance.","NOT_RUN"
"REQ-46504","465","SRS-FR-2338","BRD-001-REQ-46504","XX04","Preserve audit evidence for material events","EM-BRD-001_Detailed_Chapters-461-470_v1.0.docx","465.1–465.20","Chapter heading is specific to the domain, but its 20-section body uses generic boilerplate rather than actionable requirement-level detail. SRS identifies audit capability; mandatory event catalogue, required fields, integrity/retention controls and audit retrieval rules are not specified.","EM-SRS-001_FINAL_Consolidated_Software_Requirements_Baseline_v1.0.docx","Parent capability and generic acceptance bullets are present; source SRS baseline remains approval-pending and does not define requirement-specific actors, conditions, business rules, constraints or measurable expected outcomes. Priority MUST.","B01-465-04","BLOCKED_SOURCE_DETAIL","Cannot confirm draft steps/expected result against approved, requirement-specific business rules; do not treat template as an approved test case.","Business/requirements owner to provide or approve specific actor/role, preconditions, valid/invalid data, workflow/state rules, measurable expected outcome, exception handling and evidence fields; cite approved BRD/SRS version and locator.","Draft case is candidate wording only; source package is not an approved final baseline. No inferred approval or acceptance.","NOT_RUN"
"REQ-46505","465","SRS-FR-2339","BRD-001-REQ-46505","XX05","Support controlled exception handling","EM-BRD-001_Detailed_Chapters-461-470_v1.0.docx","465.1–465.20","Chapter heading is specific to the domain, but its 20-section body uses generic boilerplate rather than actionable requirement-level detail. SRS identifies exception capability; taxonomy, severity, ownership, SLA, retry/replay, compensation and closure states are not specified.","EM-SRS-001_FINAL_Consolidated_Software_Requirements_Baseline_v1.0.docx","Parent capability and generic acceptance bullets are present; source SRS baseline remains approval-pending and does not define requirement-specific actors, conditions, business rules, constraints or measurable expected outcomes. Priority MUST.","B01-465-05","BLOCKED_SOURCE_DETAIL","Cannot confirm draft steps/expected result against approved, requirement-specific business rules; do not treat template as an approved test case.","Business/requirements owner to provide or approve specific actor/role, preconditions, valid/invalid data, workflow/state rules, measurable expected outcome, exception handling and evidence fields; cite approved BRD/SRS version and locator.","Draft case is candidate wording only; source package is not an approved final baseline. No inferred approval or acceptance.","NOT_RUN"
"REQ-46506","465","SRS-FR-2340","BRD-001-REQ-46506","XX06","Provide governed reporting for status, exceptions and performance","EM-BRD-001_Detailed_Chapters-461-470_v1.0.docx","465.1–465.20","Chapter heading is specific to the domain, but its 20-section body uses generic boilerplate rather than actionable requirement-level detail. SRS identifies reporting capability; report definitions, measures, filters, freshness, reconciliation rules and access scope are not specified.","EM-SRS-001_FINAL_Consolidated_Software_Requirements_Baseline_v1.0.docx","Parent capability and generic acceptance bullets are present; source SRS baseline remains approval-pending and does not define requirement-specific actors, conditions, business rules, constraints or measurable expected outcomes. Priority SHOULD.","B01-465-06","BLOCKED_SOURCE_DETAIL","Cannot confirm draft steps/expected result against approved, requirement-specific business rules; do not treat template as an approved test case.","Business/requirements owner to provide or approve specific actor/role, preconditions, valid/invalid data, workflow/state rules, measurable expected outcome, exception handling and evidence fields; cite approved BRD/SRS version and locator.","Draft case is candidate wording only; source package is not an approved final baseline. No inferred approval or acceptance.","NOT_RUN"
"REQ-46601","466","SRS-FR-2341","BRD-001-REQ-46601","XX01","Maintain authoritative records and lifecycle history","EM-BRD-001_Detailed_Chapters-461-470_v1.0.docx","466.1–466.20","Chapter heading is specific to the domain, but its 20-section body uses generic boilerplate rather than actionable requirement-level detail. SRS functional type and parent summary present; detailed business states, record schema, transitions, retention and reconciliation rules are not specified.","EM-SRS-001_FINAL_Consolidated_Software_Requirements_Baseline_v1.0.docx","Parent capability and generic acceptance bullets are present; source SRS baseline remains approval-pending and does not define requirement-specific actors, conditions, business rules, constraints or measurable expected outcomes. Priority MUST.","B01-466-01","BLOCKED_SOURCE_DETAIL","Cannot confirm draft steps/expected result against approved, requirement-specific business rules; do not treat template as an approved test case.","Business/requirements owner to provide or approve specific actor/role, preconditions, valid/invalid data, workflow/state rules, measurable expected outcome, exception handling and evidence fields; cite approved BRD/SRS version and locator.","Draft case is candidate wording only; source package is not an approved final baseline. No inferred approval or acceptance.","NOT_RUN"
"REQ-46602","466","SRS-FR-2342","BRD-001-REQ-46602","XX02","Enforce role-based authorization before material actions","EM-BRD-001_Detailed_Chapters-461-470_v1.0.docx","466.1–466.20","Chapter heading is specific to the domain, but its 20-section body uses generic boilerplate rather than actionable requirement-level detail. SRS identifies authorization/control capability; role-permission matrix, policy conditions, privileged action inventory and tenant rules are not specified.","EM-SRS-001_FINAL_Consolidated_Software_Requirements_Baseline_v1.0.docx","Parent capability and generic acceptance bullets are present; source SRS baseline remains approval-pending and does not define requirement-specific actors, conditions, business rules, constraints or measurable expected outcomes. Priority MUST.","B01-466-02","BLOCKED_SOURCE_DETAIL","Cannot confirm draft steps/expected result against approved, requirement-specific business rules; do not treat template as an approved test case.","Business/requirements owner to provide or approve specific actor/role, preconditions, valid/invalid data, workflow/state rules, measurable expected outcome, exception handling and evidence fields; cite approved BRD/SRS version and locator.","Draft case is candidate wording only; source package is not an approved final baseline. No inferred approval or acceptance.","NOT_RUN"
"REQ-46603","466","SRS-FR-2343","BRD-001-REQ-46603","XX03","Validate mandatory business conditions before material changes","EM-BRD-001_Detailed_Chapters-461-470_v1.0.docx","466.1–466.20","Chapter heading is specific to the domain, but its 20-section body uses generic boilerplate rather than actionable requirement-level detail. SRS identifies business validation; exact mandatory fields, invariants, workflow preconditions, error codes and atomicity rules are not specified.","EM-SRS-001_FINAL_Consolidated_Software_Requirements_Baseline_v1.0.docx","Parent capability and generic acceptance bullets are present; source SRS baseline remains approval-pending and does not define requirement-specific actors, conditions, business rules, constraints or measurable expected outcomes. Priority MUST.","B01-466-03","BLOCKED_SOURCE_DETAIL","Cannot confirm draft steps/expected result against approved, requirement-specific business rules; do not treat template as an approved test case.","Business/requirements owner to provide or approve specific actor/role, preconditions, valid/invalid data, workflow/state rules, measurable expected outcome, exception handling and evidence fields; cite approved BRD/SRS version and locator.","Draft case is candidate wording only; source package is not an approved final baseline. No inferred approval or acceptance.","NOT_RUN"
"REQ-46604","466","SRS-FR-2344","BRD-001-REQ-46604","XX04","Preserve audit evidence for material events","EM-BRD-001_Detailed_Chapters-461-470_v1.0.docx","466.1–466.20","Chapter heading is specific to the domain, but its 20-section body uses generic boilerplate rather than actionable requirement-level detail. SRS identifies audit capability; mandatory event catalogue, required fields, integrity/retention controls and audit retrieval rules are not specified.","EM-SRS-001_FINAL_Consolidated_Software_Requirements_Baseline_v1.0.docx","Parent capability and generic acceptance bullets are present; source SRS baseline remains approval-pending and does not define requirement-specific actors, conditions, business rules, constraints or measurable expected outcomes. Priority MUST.","B01-466-04","BLOCKED_SOURCE_DETAIL","Cannot confirm draft steps/expected result against approved, requirement-specific business rules; do not treat template as an approved test case.","Business/requirements owner to provide or approve specific actor/role, preconditions, valid/invalid data, workflow/state rules, measurable expected outcome, exception handling and evidence fields; cite approved BRD/SRS version and locator.","Draft case is candidate wording only; source package is not an approved final baseline. No inferred approval or acceptance.","NOT_RUN"
"REQ-46605","466","SRS-FR-2345","BRD-001-REQ-46605","XX05","Support controlled exception handling","EM-BRD-001_Detailed_Chapters-461-470_v1.0.docx","466.1–466.20","Chapter heading is specific to the domain, but its 20-section body uses generic boilerplate rather than actionable requirement-level detail. SRS identifies exception capability; taxonomy, severity, ownership, SLA, retry/replay, compensation and closure states are not specified.","EM-SRS-001_FINAL_Consolidated_Software_Requirements_Baseline_v1.0.docx","Parent capability and generic acceptance bullets are present; source SRS baseline remains approval-pending and does not define requirement-specific actors, conditions, business rules, constraints or measurable expected outcomes. Priority MUST.","B01-466-05","BLOCKED_SOURCE_DETAIL","Cannot confirm draft steps/expected result against approved, requirement-specific business rules; do not treat template as an approved test case.","Business/requirements owner to provide or approve specific actor/role, preconditions, valid/invalid data, workflow/state rules, measurable expected outcome, exception handling and evidence fields; cite approved BRD/SRS version and locator.","Draft case is candidate wording only; source package is not an approved final baseline. No inferred approval or acceptance.","NOT_RUN"
"REQ-46606","466","SRS-FR-2346","BRD-001-REQ-46606","XX06","Provide governed reporting for status, exceptions and performance","EM-BRD-001_Detailed_Chapters-461-470_v1.0.docx","466.1–466.20","Chapter heading is specific to the domain, but its 20-section body uses generic boilerplate rather than actionable requirement-level detail. SRS identifies reporting capability; report definitions, measures, filters, freshness, reconciliation rules and access scope are not specified.","EM-SRS-001_FINAL_Consolidated_Software_Requirements_Baseline_v1.0.docx","Parent capability and generic acceptance bullets are present; source SRS baseline remains approval-pending and does not define requirement-specific actors, conditions, business rules, constraints or measurable expected outcomes. Priority SHOULD.","B01-466-06","BLOCKED_SOURCE_DETAIL","Cannot confirm draft steps/expected result against approved, requirement-specific business rules; do not treat template as an approved test case.","Business/requirements owner to provide or approve specific actor/role, preconditions, valid/invalid data, workflow/state rules, measurable expected outcome, exception handling and evidence fields; cite approved BRD/SRS version and locator.","Draft case is candidate wording only; source package is not an approved final baseline. No inferred approval or acceptance.","NOT_RUN"
"REQ-46701","467","SRS-FR-2347","BRD-001-REQ-46701","XX01","Maintain authoritative records and lifecycle history","EM-BRD-001_Detailed_Chapters-461-470_v1.0.docx","467.1–467.20","Chapter heading is specific to the domain, but its 20-section body uses generic boilerplate rather than actionable requirement-level detail. SRS functional type and parent summary present; detailed business states, record schema, transitions, retention and reconciliation rules are not specified.","EM-SRS-001_FINAL_Consolidated_Software_Requirements_Baseline_v1.0.docx","Parent capability and generic acceptance bullets are present; source SRS baseline remains approval-pending and does not define requirement-specific actors, conditions, business rules, constraints or measurable expected outcomes. Priority MUST.","B01-467-01","BLOCKED_SOURCE_DETAIL","Cannot confirm draft steps/expected result against approved, requirement-specific business rules; do not treat template as an approved test case.","Business/requirements owner to provide or approve specific actor/role, preconditions, valid/invalid data, workflow/state rules, measurable expected outcome, exception handling and evidence fields; cite approved BRD/SRS version and locator.","Draft case is candidate wording only; source package is not an approved final baseline. No inferred approval or acceptance.","NOT_RUN"
"REQ-46702","467","SRS-FR-2348","BRD-001-REQ-46702","XX02","Enforce role-based authorization before material actions","EM-BRD-001_Detailed_Chapters-461-470_v1.0.docx","467.1–467.20","Chapter heading is specific to the domain, but its 20-section body uses generic boilerplate rather than actionable requirement-level detail. SRS identifies authorization/control capability; role-permission matrix, policy conditions, privileged action inventory and tenant rules are not specified.","EM-SRS-001_FINAL_Consolidated_Software_Requirements_Baseline_v1.0.docx","Parent capability and generic acceptance bullets are present; source SRS baseline remains approval-pending and does not define requirement-specific actors, conditions, business rules, constraints or measurable expected outcomes. Priority MUST.","B01-467-02","BLOCKED_SOURCE_DETAIL","Cannot confirm draft steps/expected result against approved, requirement-specific business rules; do not treat template as an approved test case.","Business/requirements owner to provide or approve specific actor/role, preconditions, valid/invalid data, workflow/state rules, measurable expected outcome, exception handling and evidence fields; cite approved BRD/SRS version and locator.","Draft case is candidate wording only; source package is not an approved final baseline. No inferred approval or acceptance.","NOT_RUN"
"REQ-46703","467","SRS-FR-2349","BRD-001-REQ-46703","XX03","Validate mandatory business conditions before material changes","EM-BRD-001_Detailed_Chapters-461-470_v1.0.docx","467.1–467.20","Chapter heading is specific to the domain, but its 20-section body uses generic boilerplate rather than actionable requirement-level detail. SRS identifies business validation; exact mandatory fields, invariants, workflow preconditions, error codes and atomicity rules are not specified.","EM-SRS-001_FINAL_Consolidated_Software_Requirements_Baseline_v1.0.docx","Parent capability and generic acceptance bullets are present; source SRS baseline remains approval-pending and does not define requirement-specific actors, conditions, business rules, constraints or measurable expected outcomes. Priority MUST.","B01-467-03","BLOCKED_SOURCE_DETAIL","Cannot confirm draft steps/expected result against approved, requirement-specific business rules; do not treat template as an approved test case.","Business/requirements owner to provide or approve specific actor/role, preconditions, valid/invalid data, workflow/state rules, measurable expected outcome, exception handling and evidence fields; cite approved BRD/SRS version and locator.","Draft case is candidate wording only; source package is not an approved final baseline. No inferred approval or acceptance.","NOT_RUN"
"REQ-46704","467","SRS-FR-2350","BRD-001-REQ-46704","XX04","Preserve audit evidence for material events","EM-BRD-001_Detailed_Chapters-461-470_v1.0.docx","467.1–467.20","Chapter heading is specific to the domain, but its 20-section body uses generic boilerplate rather than actionable requirement-level detail. SRS identifies audit capability; mandatory event catalogue, required fields, integrity/retention controls and audit retrieval rules are not specified.","EM-SRS-001_FINAL_Consolidated_Software_Requirements_Baseline_v1.0.docx","Parent capability and generic acceptance bullets are present; source SRS baseline remains approval-pending and does not define requirement-specific actors, conditions, business rules, constraints or measurable expected outcomes. Priority MUST.","B01-467-04","BLOCKED_SOURCE_DETAIL","Cannot confirm draft steps/expected result against approved, requirement-specific business rules; do not treat template as an approved test case.","Business/requirements owner to provide or approve specific actor/role, preconditions, valid/invalid data, workflow/state rules, measurable expected outcome, exception handling and evidence fields; cite approved BRD/SRS version and locator.","Draft case is candidate wording only; source package is not an approved final baseline. No inferred approval or acceptance.","NOT_RUN"
"REQ-46705","467","SRS-FR-2351","BRD-001-REQ-46705","XX05","Support controlled exception handling","EM-BRD-001_Detailed_Chapters-461-470_v1.0.docx","467.1–467.20","Chapter heading is specific to the domain, but its 20-section body uses generic boilerplate rather than actionable requirement-level detail. SRS identifies exception capability; taxonomy, severity, ownership, SLA, retry/replay, compensation and closure states are not specified.","EM-SRS-001_FINAL_Consolidated_Software_Requirements_Baseline_v1.0.docx","Parent capability and generic acceptance bullets are present; source SRS baseline remains approval-pending and does not define requirement-specific actors, conditions, business rules, constraints or measurable expected outcomes. Priority MUST.","B01-467-05","BLOCKED_SOURCE_DETAIL","Cannot confirm draft steps/expected result against approved, requirement-specific business rules; do not treat template as an approved test case.","Business/requirements owner to provide or approve specific actor/role, preconditions, valid/invalid data, workflow/state rules, measurable expected outcome, exception handling and evidence fields; cite approved BRD/SRS version and locator.","Draft case is candidate wording only; source package is not an approved final baseline. No inferred approval or acceptance.","NOT_RUN"
"REQ-46706","467","SRS-FR-2352","BRD-001-REQ-46706","XX06","Provide governed reporting for status, exceptions and performance","EM-BRD-001_Detailed_Chapters-461-470_v1.0.docx","467.1–467.20","Chapter heading is specific to the domain, but its 20-section body uses generic boilerplate rather than actionable requirement-level detail. SRS identifies reporting capability; report definitions, measures, filters, freshness, reconciliation rules and access scope are not specified.","EM-SRS-001_FINAL_Consolidated_Software_Requirements_Baseline_v1.0.docx","Parent capability and generic acceptance bullets are present; source SRS baseline remains approval-pending and does not define requirement-specific actors, conditions, business rules, constraints or measurable expected outcomes. Priority SHOULD.","B01-467-06","BLOCKED_SOURCE_DETAIL","Cannot confirm draft steps/expected result against approved, requirement-specific business rules; do not treat template as an approved test case.","Business/requirements owner to provide or approve specific actor/role, preconditions, valid/invalid data, workflow/state rules, measurable expected outcome, exception handling and evidence fields; cite approved BRD/SRS version and locator.","Draft case is candidate wording only; source package is not an approved final baseline. No inferred approval or acceptance.","NOT_RUN"
"REQ-46801","468","SRS-FR-2353","BRD-001-REQ-46801","XX01","Maintain authoritative records and lifecycle history","EM-BRD-001_Detailed_Chapters-461-470_v1.0.docx","468.1–468.20","Chapter heading is specific to the domain, but its 20-section body uses generic boilerplate rather than actionable requirement-level detail. SRS functional type and parent summary present; detailed business states, record schema, transitions, retention and reconciliation rules are not specified.","EM-SRS-001_FINAL_Consolidated_Software_Requirements_Baseline_v1.0.docx","Parent capability and generic acceptance bullets are present; source SRS baseline remains approval-pending and does not define requirement-specific actors, conditions, business rules, constraints or measurable expected outcomes. Priority MUST.","B01-468-01","BLOCKED_SOURCE_DETAIL","Cannot confirm draft steps/expected result against approved, requirement-specific business rules; do not treat template as an approved test case.","Business/requirements owner to provide or approve specific actor/role, preconditions, valid/invalid data, workflow/state rules, measurable expected outcome, exception handling and evidence fields; cite approved BRD/SRS version and locator.","Draft case is candidate wording only; source package is not an approved final baseline. No inferred approval or acceptance.","NOT_RUN"
"REQ-46802","468","SRS-FR-2354","BRD-001-REQ-46802","XX02","Enforce role-based authorization before material actions","EM-BRD-001_Detailed_Chapters-461-470_v1.0.docx","468.1–468.20","Chapter heading is specific to the domain, but its 20-section body uses generic boilerplate rather than actionable requirement-level detail. SRS identifies authorization/control capability; role-permission matrix, policy conditions, privileged action inventory and tenant rules are not specified.","EM-SRS-001_FINAL_Consolidated_Software_Requirements_Baseline_v1.0.docx","Parent capability and generic acceptance bullets are present; source SRS baseline remains approval-pending and does not define requirement-specific actors, conditions, business rules, constraints or measurable expected outcomes. Priority MUST.","B01-468-02","BLOCKED_SOURCE_DETAIL","Cannot confirm draft steps/expected result against approved, requirement-specific business rules; do not treat template as an approved test case.","Business/requirements owner to provide or approve specific actor/role, preconditions, valid/invalid data, workflow/state rules, measurable expected outcome, exception handling and evidence fields; cite approved BRD/SRS version and locator.","Draft case is candidate wording only; source package is not an approved final baseline. No inferred approval or acceptance.","NOT_RUN"
"REQ-46803","468","SRS-FR-2355","BRD-001-REQ-46803","XX03","Validate mandatory business conditions before material changes","EM-BRD-001_Detailed_Chapters-461-470_v1.0.docx","468.1–468.20","Chapter heading is specific to the domain, but its 20-section body uses generic boilerplate rather than actionable requirement-level detail. SRS identifies business validation; exact mandatory fields, invariants, workflow preconditions, error codes and atomicity rules are not specified.","EM-SRS-001_FINAL_Consolidated_Software_Requirements_Baseline_v1.0.docx","Parent capability and generic acceptance bullets are present; source SRS baseline remains approval-pending and does not define requirement-specific actors, conditions, business rules, constraints or measurable expected outcomes. Priority MUST.","B01-468-03","BLOCKED_SOURCE_DETAIL","Cannot confirm draft steps/expected result against approved, requirement-specific business rules; do not treat template as an approved test case.","Business/requirements owner to provide or approve specific actor/role, preconditions, valid/invalid data, workflow/state rules, measurable expected outcome, exception handling and evidence fields; cite approved BRD/SRS version and locator.","Draft case is candidate wording only; source package is not an approved final baseline. No inferred approval or acceptance.","NOT_RUN"
"REQ-46804","468","SRS-FR-2356","BRD-001-REQ-46804","XX04","Preserve audit evidence for material events","EM-BRD-001_Detailed_Chapters-461-470_v1.0.docx","468.1–468.20","Chapter heading is specific to the domain, but its 20-section body uses generic boilerplate rather than actionable requirement-level detail. SRS identifies audit capability; mandatory event catalogue, required fields, integrity/retention controls and audit retrieval rules are not specified.","EM-SRS-001_FINAL_Consolidated_Software_Requirements_Baseline_v1.0.docx","Parent capability and generic acceptance bullets are present; source SRS baseline remains approval-pending and does not define requirement-specific actors, conditions, business rules, constraints or measurable expected outcomes. Priority MUST.","B01-468-04","BLOCKED_SOURCE_DETAIL","Cannot confirm draft steps/expected result against approved, requirement-specific business rules; do not treat template as an approved test case.","Business/requirements owner to provide or approve specific actor/role, preconditions, valid/invalid data, workflow/state rules, measurable expected outcome, exception handling and evidence fields; cite approved BRD/SRS version and locator.","Draft case is candidate wording only; source package is not an approved final baseline. No inferred approval or acceptance.","NOT_RUN"
"REQ-46805","468","SRS-FR-2357","BRD-001-REQ-46805","XX05","Support controlled exception handling","EM-BRD-001_Detailed_Chapters-461-470_v1.0.docx","468.1–468.20","Chapter heading is specific to the domain, but its 20-section body uses generic boilerplate rather than actionable requirement-level detail. SRS identifies exception capability; taxonomy, severity, ownership, SLA, retry/replay, compensation and closure states are not specified.","EM-SRS-001_FINAL_Consolidated_Software_Requirements_Baseline_v1.0.docx","Parent capability and generic acceptance bullets are present; source SRS baseline remains approval-pending and does not define requirement-specific actors, conditions, business rules, constraints or measurable expected outcomes. Priority MUST.","B01-468-05","BLOCKED_SOURCE_DETAIL","Cannot confirm draft steps/expected result against approved, requirement-specific business rules; do not treat template as an approved test case.","Business/requirements owner to provide or approve specific actor/role, preconditions, valid/invalid data, workflow/state rules, measurable expected outcome, exception handling and evidence fields; cite approved BRD/SRS version and locator.","Draft case is candidate wording only; source package is not an approved final baseline. No inferred approval or acceptance.","NOT_RUN"
"REQ-46806","468","SRS-FR-2358","BRD-001-REQ-46806","XX06","Provide governed reporting for status, exceptions and performance","EM-BRD-001_Detailed_Chapters-461-470_v1.0.docx","468.1–468.20","Chapter heading is specific to the domain, but its 20-section body uses generic boilerplate rather than actionable requirement-level detail. SRS identifies reporting capability; report definitions, measures, filters, freshness, reconciliation rules and access scope are not specified.","EM-SRS-001_FINAL_Consolidated_Software_Requirements_Baseline_v1.0.docx","Parent capability and generic acceptance bullets are present; source SRS baseline remains approval-pending and does not define requirement-specific actors, conditions, business rules, constraints or measurable expected outcomes. Priority SHOULD.","B01-468-06","BLOCKED_SOURCE_DETAIL","Cannot confirm draft steps/expected result against approved, requirement-specific business rules; do not treat template as an approved test case.","Business/requirements owner to provide or approve specific actor/role, preconditions, valid/invalid data, workflow/state rules, measurable expected outcome, exception handling and evidence fields; cite approved BRD/SRS version and locator.","Draft case is candidate wording only; source package is not an approved final baseline. No inferred approval or acceptance.","NOT_RUN"
"REQ-46901","469","SRS-FR-2359","BRD-001-REQ-46901","XX01","Maintain authoritative records and lifecycle history","EM-BRD-001_Detailed_Chapters-461-470_v1.0.docx","469.1–469.20","Chapter heading is specific to the domain, but its 20-section body uses generic boilerplate rather than actionable requirement-level detail. SRS functional type and parent summary present; detailed business states, record schema, transitions, retention and reconciliation rules are not specified.","EM-SRS-001_FINAL_Consolidated_Software_Requirements_Baseline_v1.0.docx","Parent capability and generic acceptance bullets are present; source SRS baseline remains approval-pending and does not define requirement-specific actors, conditions, business rules, constraints or measurable expected outcomes. Priority MUST.","B01-469-01","BLOCKED_SOURCE_DETAIL","Cannot confirm draft steps/expected result against approved, requirement-specific business rules; do not treat template as an approved test case.","Business/requirements owner to provide or approve specific actor/role, preconditions, valid/invalid data, workflow/state rules, measurable expected outcome, exception handling and evidence fields; cite approved BRD/SRS version and locator.","Draft case is candidate wording only; source package is not an approved final baseline. No inferred approval or acceptance.","NOT_RUN"
"REQ-46902","469","SRS-FR-2360","BRD-001-REQ-46902","XX02","Enforce role-based authorization before material actions","EM-BRD-001_Detailed_Chapters-461-470_v1.0.docx","469.1–469.20","Chapter heading is specific to the domain, but its 20-section body uses generic boilerplate rather than actionable requirement-level detail. SRS identifies authorization/control capability; role-permission matrix, policy conditions, privileged action inventory and tenant rules are not specified.","EM-SRS-001_FINAL_Consolidated_Software_Requirements_Baseline_v1.0.docx","Parent capability and generic acceptance bullets are present; source SRS baseline remains approval-pending and does not define requirement-specific actors, conditions, business rules, constraints or measurable expected outcomes. Priority MUST.","B01-469-02","BLOCKED_SOURCE_DETAIL","Cannot confirm draft steps/expected result against approved, requirement-specific business rules; do not treat template as an approved test case.","Business/requirements owner to provide or approve specific actor/role, preconditions, valid/invalid data, workflow/state rules, measurable expected outcome, exception handling and evidence fields; cite approved BRD/SRS version and locator.","Draft case is candidate wording only; source package is not an approved final baseline. No inferred approval or acceptance.","NOT_RUN"
"REQ-46903","469","SRS-FR-2361","BRD-001-REQ-46903","XX03","Validate mandatory business conditions before material changes","EM-BRD-001_Detailed_Chapters-461-470_v1.0.docx","469.1–469.20","Chapter heading is specific to the domain, but its 20-section body uses generic boilerplate rather than actionable requirement-level detail. SRS identifies business validation; exact mandatory fields, invariants, workflow preconditions, error codes and atomicity rules are not specified.","EM-SRS-001_FINAL_Consolidated_Software_Requirements_Baseline_v1.0.docx","Parent capability and generic acceptance bullets are present; source SRS baseline remains approval-pending and does not define requirement-specific actors, conditions, business rules, constraints or measurable expected outcomes. Priority MUST.","B01-469-03","BLOCKED_SOURCE_DETAIL","Cannot confirm draft steps/expected result against approved, requirement-specific business rules; do not treat template as an approved test case.","Business/requirements owner to provide or approve specific actor/role, preconditions, valid/invalid data, workflow/state rules, measurable expected outcome, exception handling and evidence fields; cite approved BRD/SRS version and locator.","Draft case is candidate wording only; source package is not an approved final baseline. No inferred approval or acceptance.","NOT_RUN"
"REQ-46904","469","SRS-FR-2362","BRD-001-REQ-46904","XX04","Preserve audit evidence for material events","EM-BRD-001_Detailed_Chapters-461-470_v1.0.docx","469.1–469.20","Chapter heading is specific to the domain, but its 20-section body uses generic boilerplate rather than actionable requirement-level detail. SRS identifies audit capability; mandatory event catalogue, required fields, integrity/retention controls and audit retrieval rules are not specified.","EM-SRS-001_FINAL_Consolidated_Software_Requirements_Baseline_v1.0.docx","Parent capability and generic acceptance bullets are present; source SRS baseline remains approval-pending and does not define requirement-specific actors, conditions, business rules, constraints or measurable expected outcomes. Priority MUST.","B01-469-04","BLOCKED_SOURCE_DETAIL","Cannot confirm draft steps/expected result against approved, requirement-specific business rules; do not treat template as an approved test case.","Business/requirements owner to provide or approve specific actor/role, preconditions, valid/invalid data, workflow/state rules, measurable expected outcome, exception handling and evidence fields; cite approved BRD/SRS version and locator.","Draft case is candidate wording only; source package is not an approved final baseline. No inferred approval or acceptance.","NOT_RUN"
"REQ-46905","469","SRS-FR-2363","BRD-001-REQ-46905","XX05","Support controlled exception handling","EM-BRD-001_Detailed_Chapters-461-470_v1.0.docx","469.1–469.20","Chapter heading is specific to the domain, but its 20-section body uses generic boilerplate rather than actionable requirement-level detail. SRS identifies exception capability; taxonomy, severity, ownership, SLA, retry/replay, compensation and closure states are not specified.","EM-SRS-001_FINAL_Consolidated_Software_Requirements_Baseline_v1.0.docx","Parent capability and generic acceptance bullets are present; source SRS baseline remains approval-pending and does not define requirement-specific actors, conditions, business rules, constraints or measurable expected outcomes. Priority MUST.","B01-469-05","BLOCKED_SOURCE_DETAIL","Cannot confirm draft steps/expected result against approved, requirement-specific business rules; do not treat template as an approved test case.","Business/requirements owner to provide or approve specific actor/role, preconditions, valid/invalid data, workflow/state rules, measurable expected outcome, exception handling and evidence fields; cite approved BRD/SRS version and locator.","Draft case is candidate wording only; source package is not an approved final baseline. No inferred approval or acceptance.","NOT_RUN"
"REQ-46906","469","SRS-FR-2364","BRD-001-REQ-46906","XX06","Provide governed reporting for status, exceptions and performance","EM-BRD-001_Detailed_Chapters-461-470_v1.0.docx","469.1–469.20","Chapter heading is specific to the domain, but its 20-section body uses generic boilerplate rather than actionable requirement-level detail. SRS identifies reporting capability; report definitions, measures, filters, freshness, reconciliation rules and access scope are not specified.","EM-SRS-001_FINAL_Consolidated_Software_Requirements_Baseline_v1.0.docx","Parent capability and generic acceptance bullets are present; source SRS baseline remains approval-pending and does not define requirement-specific actors, conditions, business rules, constraints or measurable expected outcomes. Priority SHOULD.","B01-469-06","BLOCKED_SOURCE_DETAIL","Cannot confirm draft steps/expected result against approved, requirement-specific business rules; do not treat template as an approved test case.","Business/requirements owner to provide or approve specific actor/role, preconditions, valid/invalid data, workflow/state rules, measurable expected outcome, exception handling and evidence fields; cite approved BRD/SRS version and locator.","Draft case is candidate wording only; source package is not an approved final baseline. No inferred approval or acceptance.","NOT_RUN"
"REQ-47001","470","SRS-FR-2365","BRD-001-REQ-47001","XX01","Maintain authoritative records and lifecycle history","EM-BRD-001_Detailed_Chapters-461-470_v1.0.docx","470.1–470.20","Chapter heading is specific to the domain, but its 20-section body uses generic boilerplate rather than actionable requirement-level detail. SRS functional type and parent summary present; detailed business states, record schema, transitions, retention and reconciliation rules are not specified.","EM-SRS-001_FINAL_Consolidated_Software_Requirements_Baseline_v1.0.docx","Parent capability and generic acceptance bullets are present; source SRS baseline remains approval-pending and does not define requirement-specific actors, conditions, business rules, constraints or measurable expected outcomes. Priority MUST.","B01-470-01","BLOCKED_SOURCE_DETAIL","Cannot confirm draft steps/expected result against approved, requirement-specific business rules; do not treat template as an approved test case.","Business/requirements owner to provide or approve specific actor/role, preconditions, valid/invalid data, workflow/state rules, measurable expected outcome, exception handling and evidence fields; cite approved BRD/SRS version and locator.","Draft case is candidate wording only; source package is not an approved final baseline. No inferred approval or acceptance.","NOT_RUN"
"REQ-47002","470","SRS-FR-2366","BRD-001-REQ-47002","XX02","Enforce role-based authorization before material actions","EM-BRD-001_Detailed_Chapters-461-470_v1.0.docx","470.1–470.20","Chapter heading is specific to the domain, but its 20-section body uses generic boilerplate rather than actionable requirement-level detail. SRS identifies authorization/control capability; role-permission matrix, policy conditions, privileged action inventory and tenant rules are not specified.","EM-SRS-001_FINAL_Consolidated_Software_Requirements_Baseline_v1.0.docx","Parent capability and generic acceptance bullets are present; source SRS baseline remains approval-pending and does not define requirement-specific actors, conditions, business rules, constraints or measurable expected outcomes. Priority MUST.","B01-470-02","BLOCKED_SOURCE_DETAIL","Cannot confirm draft steps/expected result against approved, requirement-specific business rules; do not treat template as an approved test case.","Business/requirements owner to provide or approve specific actor/role, preconditions, valid/invalid data, workflow/state rules, measurable expected outcome, exception handling and evidence fields; cite approved BRD/SRS version and locator.","Draft case is candidate wording only; source package is not an approved final baseline. No inferred approval or acceptance.","NOT_RUN"
"REQ-47003","470","SRS-FR-2367","BRD-001-REQ-47003","XX03","Validate mandatory business conditions before material changes","EM-BRD-001_Detailed_Chapters-461-470_v1.0.docx","470.1–470.20","Chapter heading is specific to the domain, but its 20-section body uses generic boilerplate rather than actionable requirement-level detail. SRS identifies business validation; exact mandatory fields, invariants, workflow preconditions, error codes and atomicity rules are not specified.","EM-SRS-001_FINAL_Consolidated_Software_Requirements_Baseline_v1.0.docx","Parent capability and generic acceptance bullets are present; source SRS baseline remains approval-pending and does not define requirement-specific actors, conditions, business rules, constraints or measurable expected outcomes. Priority MUST.","B01-470-03","BLOCKED_SOURCE_DETAIL","Cannot confirm draft steps/expected result against approved, requirement-specific business rules; do not treat template as an approved test case.","Business/requirements owner to provide or approve specific actor/role, preconditions, valid/invalid data, workflow/state rules, measurable expected outcome, exception handling and evidence fields; cite approved BRD/SRS version and locator.","Draft case is candidate wording only; source package is not an approved final baseline. No inferred approval or acceptance.","NOT_RUN"
"REQ-47004","470","SRS-FR-2368","BRD-001-REQ-47004","XX04","Preserve audit evidence for material events","EM-BRD-001_Detailed_Chapters-461-470_v1.0.docx","470.1–470.20","Chapter heading is specific to the domain, but its 20-section body uses generic boilerplate rather than actionable requirement-level detail. SRS identifies audit capability; mandatory event catalogue, required fields, integrity/retention controls and audit retrieval rules are not specified.","EM-SRS-001_FINAL_Consolidated_Software_Requirements_Baseline_v1.0.docx","Parent capability and generic acceptance bullets are present; source SRS baseline remains approval-pending and does not define requirement-specific actors, conditions, business rules, constraints or measurable expected outcomes. Priority MUST.","B01-470-04","BLOCKED_SOURCE_DETAIL","Cannot confirm draft steps/expected result against approved, requirement-specific business rules; do not treat template as an approved test case.","Business/requirements owner to provide or approve specific actor/role, preconditions, valid/invalid data, workflow/state rules, measurable expected outcome, exception handling and evidence fields; cite approved BRD/SRS version and locator.","Draft case is candidate wording only; source package is not an approved final baseline. No inferred approval or acceptance.","NOT_RUN"
"REQ-47005","470","SRS-FR-2369","BRD-001-REQ-47005","XX05","Support controlled exception handling","EM-BRD-001_Detailed_Chapters-461-470_v1.0.docx","470.1–470.20","Chapter heading is specific to the domain, but its 20-section body uses generic boilerplate rather than actionable requirement-level detail. SRS identifies exception capability; taxonomy, severity, ownership, SLA, retry/replay, compensation and closure states are not specified.","EM-SRS-001_FINAL_Consolidated_Software_Requirements_Baseline_v1.0.docx","Parent capability and generic acceptance bullets are present; source SRS baseline remains approval-pending and does not define requirement-specific actors, conditions, business rules, constraints or measurable expected outcomes. Priority MUST.","B01-470-05","BLOCKED_SOURCE_DETAIL","Cannot confirm draft steps/expected result against approved, requirement-specific business rules; do not treat template as an approved test case.","Business/requirements owner to provide or approve specific actor/role, preconditions, valid/invalid data, workflow/state rules, measurable expected outcome, exception handling and evidence fields; cite approved BRD/SRS version and locator.","Draft case is candidate wording only; source package is not an approved final baseline. No inferred approval or acceptance.","NOT_RUN"
"REQ-47006","470","SRS-FR-2370","BRD-001-REQ-47006","XX06","Provide governed reporting for status, exceptions and performance","EM-BRD-001_Detailed_Chapters-461-470_v1.0.docx","470.1–470.20","Chapter heading is specific to the domain, but its 20-section body uses generic boilerplate rather than actionable requirement-level detail. SRS identifies reporting capability; report definitions, measures, filters, freshness, reconciliation rules and access scope are not specified.","EM-SRS-001_FINAL_Consolidated_Software_Requirements_Baseline_v1.0.docx","Parent capability and generic acceptance bullets are present; source SRS baseline remains approval-pending and does not define requirement-specific actors, conditions, business rules, constraints or measurable expected outcomes. Priority SHOULD.","B01-470-06","BLOCKED_SOURCE_DETAIL","Cannot confirm draft steps/expected result against approved, requirement-specific business rules; do not treat template as an approved test case.","Business/requirements owner to provide or approve specific actor/role, preconditions, valid/invalid data, workflow/state rules, measurable expected outcome, exception handling and evidence fields; cite approved BRD/SRS version and locator.","Draft case is candidate wording only; source package is not an approved final baseline. No inferred approval or acceptance.","NOT_RUN"
