case_id,requirement_id,chapter,srs_id,provisional_brd_id,capability,owner_decision_needed,actor_role_tenant_question,business_rule_precondition_question,positive_scenario_question,negative_scenario_question,measurable_expected_result_question,state_integrity_and_side_effects_question,evidence_to_capture,controlled_source_locator,owner_disposition,owner_name_role,target_date,approval_or_change_reference,status
B01-463-01,REQ-46301,463,SRS-FR-2323,BRD-001-REQ-46301,authoritative-records,"Owner must provide an approved, requirement-specific rule and objective pass/fail oracle.",Which record types are in scope and who owns each record?,"Define create/update/retire rules, lifecycle states, required fields, uniqueness and retention.",State the exact persisted state/history/audit fields and measurable result after valid and invalid changes.,Provide at least one invalid/denied/boundary case where applicable and define the required behavior.,"Define exact expected values, state, response/status, threshold or record fields; avoid 'works as expected'.","Define prohibited mutations, duplicate effects, partial commits, leakage or missing audit records.",Before/after record snapshot; lifecycle/history entry; correlation ID; audit evidence if applicable,EM-LLD-001 v1.0; Chapters 463–500 Detailed Design Register; B01 requirement row present; exact approved binding pending,CLARIFICATION_REQUIRED,,,LLD_EVIDENCE_RECEIVED_APPROVAL_PENDING
B01-463-02,REQ-46302,463,SRS-FR-2324,BRD-001-REQ-46302,authorization,"Owner must provide an approved, requirement-specific rule and objective pass/fail oracle.",Name each actor/role/tenant and the allowed/denied actions for the target resource.,"Define resource ownership, privilege boundaries, delegation and session/context conditions.","Specify expected allow/deny result, HTTP/UI/API response, zero side effects on denial, and audit event.",Provide at least one invalid/denied/boundary case where applicable and define the required behavior.,"Define exact expected values, state, response/status, threshold or record fields; avoid 'works as expected'.","Define prohibited mutations, duplicate effects, partial commits, leakage or missing audit records.",Actor/role/tenant; request/action; allow/deny result; response; before/after state; security audit event,EM-LLD-001 v1.0; Chapters 463–500 Detailed Design Register; B01 requirement row present; exact approved binding pending,CLARIFICATION_REQUIRED,,,LLD_EVIDENCE_RECEIVED_APPROVAL_PENDING
B01-463-03,REQ-46303,463,SRS-FR-2325,BRD-001-REQ-46303,business-validation,"Owner must provide an approved, requirement-specific rule and objective pass/fail oracle.","List mandatory business conditions, validation order, field constraints and state-transition rules.","Provide valid and invalid boundary examples, including missing, conflicting and stale data.",Specify exact success state/output and each rejection code/message/state-integrity outcome.,Provide at least one invalid/denied/boundary case where applicable and define the required behavior.,"Define exact expected values, state, response/status, threshold or record fields; avoid 'works as expected'.","Define prohibited mutations, duplicate effects, partial commits, leakage or missing audit records.",Input fixture; validation result; response; before/after state; validation error evidence,EM-LLD-001 v1.0; Chapters 463–500 Detailed Design Register; B01 requirement row present; exact approved binding pending,CLARIFICATION_REQUIRED,,,LLD_EVIDENCE_RECEIVED_APPROVAL_PENDING
B01-463-04,REQ-46304,463,SRS-FR-2326,BRD-001-REQ-46304,audit-evidence,"Owner must provide an approved, requirement-specific rule and objective pass/fail oracle.","List material events, mandatory audit fields, actor attribution, timestamps, correlation IDs and retention.","Define event timing, immutability/access restrictions, failure behavior and any redaction rules.",Specify the exact audit record(s) that must exist or must not exist for each scenario.,Provide at least one invalid/denied/boundary case where applicable and define the required behavior.,"Define exact expected values, state, response/status, threshold or record fields; avoid 'works as expected'.","Define prohibited mutations, duplicate effects, partial commits, leakage or missing audit records.",Source event; resulting audit record; required fields; timestamp/correlation; access/immutability evidence,EM-LLD-001 v1.0; Chapters 463–500 Detailed Design Register; B01 requirement row present; exact approved binding pending,CLARIFICATION_REQUIRED,,,LLD_EVIDENCE_RECEIVED_APPROVAL_PENDING
B01-463-05,REQ-46305,463,SRS-FR-2327,BRD-001-REQ-46305,exception-handling,"Owner must provide an approved, requirement-specific rule and objective pass/fail oracle.","Enumerate exception classes, retryable/non-retryable conditions, retry limits/backoff and escalation owner.","Define idempotency, duplicate prevention, recovery/manual intervention and terminal states.","Specify retry count, final status, emitted alert/log, preserved state and no-duplicate side effects.",Provide at least one invalid/denied/boundary case where applicable and define the required behavior.,"Define exact expected values, state, response/status, threshold or record fields; avoid 'works as expected'.","Define prohibited mutations, duplicate effects, partial commits, leakage or missing audit records.",Injected exception; retry attempt log; terminal result; state snapshot; alert/escalation; duplicate-side-effect check,EM-LLD-001 v1.0; Chapters 463–500 Detailed Design Register; B01 requirement row present; exact approved binding pending,CLARIFICATION_REQUIRED,,,LLD_EVIDENCE_RECEIVED_APPROVAL_PENDING
B01-463-06,REQ-46306,463,SRS-FR-2328,BRD-001-REQ-46306,governed-reporting,"Owner must provide an approved, requirement-specific rule and objective pass/fail oracle.","Name report(s), audiences, filters, dimensions, metric definitions, refresh/cut-off and time zone.","Define access scope, data source, inclusion/exclusion rules, pagination/export and privacy constraints.",Specify an approved fixture and exact expected row counts/values/totals plus unauthorized-access behavior.,Provide at least one invalid/denied/boundary case where applicable and define the required behavior.,"Define exact expected values, state, response/status, threshold or record fields; avoid 'works as expected'.","Define prohibited mutations, duplicate effects, partial commits, leakage or missing audit records.",Approved fixture; report parameters; exported/result rows; expected counts/totals; access decision,EM-LLD-001 v1.0; Chapters 463–500 Detailed Design Register; B01 requirement row present; exact approved binding pending,CLARIFICATION_REQUIRED,,,LLD_EVIDENCE_RECEIVED_APPROVAL_PENDING
B01-464-01,REQ-46401,464,SRS-FR-2329,BRD-001-REQ-46401,authoritative-records,"Owner must provide an approved, requirement-specific rule and objective pass/fail oracle.",Which record types are in scope and who owns each record?,"Define create/update/retire rules, lifecycle states, required fields, uniqueness and retention.",State the exact persisted state/history/audit fields and measurable result after valid and invalid changes.,Provide at least one invalid/denied/boundary case where applicable and define the required behavior.,"Define exact expected values, state, response/status, threshold or record fields; avoid 'works as expected'.","Define prohibited mutations, duplicate effects, partial commits, leakage or missing audit records.",Before/after record snapshot; lifecycle/history entry; correlation ID; audit evidence if applicable,EM-LLD-001 v1.0; Chapters 463–500 Detailed Design Register; B01 requirement row present; exact approved binding pending,CLARIFICATION_REQUIRED,,,LLD_EVIDENCE_RECEIVED_APPROVAL_PENDING
B01-464-02,REQ-46402,464,SRS-FR-2330,BRD-001-REQ-46402,authorization,"Owner must provide an approved, requirement-specific rule and objective pass/fail oracle.",Name each actor/role/tenant and the allowed/denied actions for the target resource.,"Define resource ownership, privilege boundaries, delegation and session/context conditions.","Specify expected allow/deny result, HTTP/UI/API response, zero side effects on denial, and audit event.",Provide at least one invalid/denied/boundary case where applicable and define the required behavior.,"Define exact expected values, state, response/status, threshold or record fields; avoid 'works as expected'.","Define prohibited mutations, duplicate effects, partial commits, leakage or missing audit records.",Actor/role/tenant; request/action; allow/deny result; response; before/after state; security audit event,EM-LLD-001 v1.0; Chapters 463–500 Detailed Design Register; B01 requirement row present; exact approved binding pending,CLARIFICATION_REQUIRED,,,LLD_EVIDENCE_RECEIVED_APPROVAL_PENDING
B01-464-03,REQ-46403,464,SRS-FR-2331,BRD-001-REQ-46403,business-validation,"Owner must provide an approved, requirement-specific rule and objective pass/fail oracle.","List mandatory business conditions, validation order, field constraints and state-transition rules.","Provide valid and invalid boundary examples, including missing, conflicting and stale data.",Specify exact success state/output and each rejection code/message/state-integrity outcome.,Provide at least one invalid/denied/boundary case where applicable and define the required behavior.,"Define exact expected values, state, response/status, threshold or record fields; avoid 'works as expected'.","Define prohibited mutations, duplicate effects, partial commits, leakage or missing audit records.",Input fixture; validation result; response; before/after state; validation error evidence,EM-LLD-001 v1.0; Chapters 463–500 Detailed Design Register; B01 requirement row present; exact approved binding pending,CLARIFICATION_REQUIRED,,,LLD_EVIDENCE_RECEIVED_APPROVAL_PENDING
B01-464-04,REQ-46404,464,SRS-FR-2332,BRD-001-REQ-46404,audit-evidence,"Owner must provide an approved, requirement-specific rule and objective pass/fail oracle.","List material events, mandatory audit fields, actor attribution, timestamps, correlation IDs and retention.","Define event timing, immutability/access restrictions, failure behavior and any redaction rules.",Specify the exact audit record(s) that must exist or must not exist for each scenario.,Provide at least one invalid/denied/boundary case where applicable and define the required behavior.,"Define exact expected values, state, response/status, threshold or record fields; avoid 'works as expected'.","Define prohibited mutations, duplicate effects, partial commits, leakage or missing audit records.",Source event; resulting audit record; required fields; timestamp/correlation; access/immutability evidence,EM-LLD-001 v1.0; Chapters 463–500 Detailed Design Register; B01 requirement row present; exact approved binding pending,CLARIFICATION_REQUIRED,,,LLD_EVIDENCE_RECEIVED_APPROVAL_PENDING
B01-464-05,REQ-46405,464,SRS-FR-2333,BRD-001-REQ-46405,exception-handling,"Owner must provide an approved, requirement-specific rule and objective pass/fail oracle.","Enumerate exception classes, retryable/non-retryable conditions, retry limits/backoff and escalation owner.","Define idempotency, duplicate prevention, recovery/manual intervention and terminal states.","Specify retry count, final status, emitted alert/log, preserved state and no-duplicate side effects.",Provide at least one invalid/denied/boundary case where applicable and define the required behavior.,"Define exact expected values, state, response/status, threshold or record fields; avoid 'works as expected'.","Define prohibited mutations, duplicate effects, partial commits, leakage or missing audit records.",Injected exception; retry attempt log; terminal result; state snapshot; alert/escalation; duplicate-side-effect check,EM-LLD-001 v1.0; Chapters 463–500 Detailed Design Register; B01 requirement row present; exact approved binding pending,CLARIFICATION_REQUIRED,,,LLD_EVIDENCE_RECEIVED_APPROVAL_PENDING
B01-464-06,REQ-46406,464,SRS-FR-2334,BRD-001-REQ-46406,governed-reporting,"Owner must provide an approved, requirement-specific rule and objective pass/fail oracle.","Name report(s), audiences, filters, dimensions, metric definitions, refresh/cut-off and time zone.","Define access scope, data source, inclusion/exclusion rules, pagination/export and privacy constraints.",Specify an approved fixture and exact expected row counts/values/totals plus unauthorized-access behavior.,Provide at least one invalid/denied/boundary case where applicable and define the required behavior.,"Define exact expected values, state, response/status, threshold or record fields; avoid 'works as expected'.","Define prohibited mutations, duplicate effects, partial commits, leakage or missing audit records.",Approved fixture; report parameters; exported/result rows; expected counts/totals; access decision,EM-LLD-001 v1.0; Chapters 463–500 Detailed Design Register; B01 requirement row present; exact approved binding pending,CLARIFICATION_REQUIRED,,,LLD_EVIDENCE_RECEIVED_APPROVAL_PENDING
B01-465-01,REQ-46501,465,SRS-FR-2335,BRD-001-REQ-46501,authoritative-records,"Owner must provide an approved, requirement-specific rule and objective pass/fail oracle.",Which record types are in scope and who owns each record?,"Define create/update/retire rules, lifecycle states, required fields, uniqueness and retention.",State the exact persisted state/history/audit fields and measurable result after valid and invalid changes.,Provide at least one invalid/denied/boundary case where applicable and define the required behavior.,"Define exact expected values, state, response/status, threshold or record fields; avoid 'works as expected'.","Define prohibited mutations, duplicate effects, partial commits, leakage or missing audit records.",Before/after record snapshot; lifecycle/history entry; correlation ID; audit evidence if applicable,EM-LLD-001 v1.0; Chapters 463–500 Detailed Design Register; B01 requirement row present; exact approved binding pending,CLARIFICATION_REQUIRED,,,LLD_EVIDENCE_RECEIVED_APPROVAL_PENDING
B01-465-02,REQ-46502,465,SRS-FR-2336,BRD-001-REQ-46502,authorization,"Owner must provide an approved, requirement-specific rule and objective pass/fail oracle.",Name each actor/role/tenant and the allowed/denied actions for the target resource.,"Define resource ownership, privilege boundaries, delegation and session/context conditions.","Specify expected allow/deny result, HTTP/UI/API response, zero side effects on denial, and audit event.",Provide at least one invalid/denied/boundary case where applicable and define the required behavior.,"Define exact expected values, state, response/status, threshold or record fields; avoid 'works as expected'.","Define prohibited mutations, duplicate effects, partial commits, leakage or missing audit records.",Actor/role/tenant; request/action; allow/deny result; response; before/after state; security audit event,EM-LLD-001 v1.0; Chapters 463–500 Detailed Design Register; B01 requirement row present; exact approved binding pending,CLARIFICATION_REQUIRED,,,LLD_EVIDENCE_RECEIVED_APPROVAL_PENDING
B01-465-03,REQ-46503,465,SRS-FR-2337,BRD-001-REQ-46503,business-validation,"Owner must provide an approved, requirement-specific rule and objective pass/fail oracle.","List mandatory business conditions, validation order, field constraints and state-transition rules.","Provide valid and invalid boundary examples, including missing, conflicting and stale data.",Specify exact success state/output and each rejection code/message/state-integrity outcome.,Provide at least one invalid/denied/boundary case where applicable and define the required behavior.,"Define exact expected values, state, response/status, threshold or record fields; avoid 'works as expected'.","Define prohibited mutations, duplicate effects, partial commits, leakage or missing audit records.",Input fixture; validation result; response; before/after state; validation error evidence,EM-LLD-001 v1.0; Chapters 463–500 Detailed Design Register; B01 requirement row present; exact approved binding pending,CLARIFICATION_REQUIRED,,,LLD_EVIDENCE_RECEIVED_APPROVAL_PENDING
B01-465-04,REQ-46504,465,SRS-FR-2338,BRD-001-REQ-46504,audit-evidence,"Owner must provide an approved, requirement-specific rule and objective pass/fail oracle.","List material events, mandatory audit fields, actor attribution, timestamps, correlation IDs and retention.","Define event timing, immutability/access restrictions, failure behavior and any redaction rules.",Specify the exact audit record(s) that must exist or must not exist for each scenario.,Provide at least one invalid/denied/boundary case where applicable and define the required behavior.,"Define exact expected values, state, response/status, threshold or record fields; avoid 'works as expected'.","Define prohibited mutations, duplicate effects, partial commits, leakage or missing audit records.",Source event; resulting audit record; required fields; timestamp/correlation; access/immutability evidence,EM-LLD-001 v1.0; Chapters 463–500 Detailed Design Register; B01 requirement row present; exact approved binding pending,CLARIFICATION_REQUIRED,,,LLD_EVIDENCE_RECEIVED_APPROVAL_PENDING
B01-465-05,REQ-46505,465,SRS-FR-2339,BRD-001-REQ-46505,exception-handling,"Owner must provide an approved, requirement-specific rule and objective pass/fail oracle.","Enumerate exception classes, retryable/non-retryable conditions, retry limits/backoff and escalation owner.","Define idempotency, duplicate prevention, recovery/manual intervention and terminal states.","Specify retry count, final status, emitted alert/log, preserved state and no-duplicate side effects.",Provide at least one invalid/denied/boundary case where applicable and define the required behavior.,"Define exact expected values, state, response/status, threshold or record fields; avoid 'works as expected'.","Define prohibited mutations, duplicate effects, partial commits, leakage or missing audit records.",Injected exception; retry attempt log; terminal result; state snapshot; alert/escalation; duplicate-side-effect check,EM-LLD-001 v1.0; Chapters 463–500 Detailed Design Register; B01 requirement row present; exact approved binding pending,CLARIFICATION_REQUIRED,,,LLD_EVIDENCE_RECEIVED_APPROVAL_PENDING
B01-465-06,REQ-46506,465,SRS-FR-2340,BRD-001-REQ-46506,governed-reporting,"Owner must provide an approved, requirement-specific rule and objective pass/fail oracle.","Name report(s), audiences, filters, dimensions, metric definitions, refresh/cut-off and time zone.","Define access scope, data source, inclusion/exclusion rules, pagination/export and privacy constraints.",Specify an approved fixture and exact expected row counts/values/totals plus unauthorized-access behavior.,Provide at least one invalid/denied/boundary case where applicable and define the required behavior.,"Define exact expected values, state, response/status, threshold or record fields; avoid 'works as expected'.","Define prohibited mutations, duplicate effects, partial commits, leakage or missing audit records.",Approved fixture; report parameters; exported/result rows; expected counts/totals; access decision,EM-LLD-001 v1.0; Chapters 463–500 Detailed Design Register; B01 requirement row present; exact approved binding pending,CLARIFICATION_REQUIRED,,,LLD_EVIDENCE_RECEIVED_APPROVAL_PENDING
B01-466-01,REQ-46601,466,SRS-FR-2341,BRD-001-REQ-46601,authoritative-records,"Owner must provide an approved, requirement-specific rule and objective pass/fail oracle.",Which record types are in scope and who owns each record?,"Define create/update/retire rules, lifecycle states, required fields, uniqueness and retention.",State the exact persisted state/history/audit fields and measurable result after valid and invalid changes.,Provide at least one invalid/denied/boundary case where applicable and define the required behavior.,"Define exact expected values, state, response/status, threshold or record fields; avoid 'works as expected'.","Define prohibited mutations, duplicate effects, partial commits, leakage or missing audit records.",Before/after record snapshot; lifecycle/history entry; correlation ID; audit evidence if applicable,EM-LLD-001 v1.0; Chapters 463–500 Detailed Design Register; B01 requirement row present; exact approved binding pending,CLARIFICATION_REQUIRED,,,LLD_EVIDENCE_RECEIVED_APPROVAL_PENDING
B01-466-02,REQ-46602,466,SRS-FR-2342,BRD-001-REQ-46602,authorization,"Owner must provide an approved, requirement-specific rule and objective pass/fail oracle.",Name each actor/role/tenant and the allowed/denied actions for the target resource.,"Define resource ownership, privilege boundaries, delegation and session/context conditions.","Specify expected allow/deny result, HTTP/UI/API response, zero side effects on denial, and audit event.",Provide at least one invalid/denied/boundary case where applicable and define the required behavior.,"Define exact expected values, state, response/status, threshold or record fields; avoid 'works as expected'.","Define prohibited mutations, duplicate effects, partial commits, leakage or missing audit records.",Actor/role/tenant; request/action; allow/deny result; response; before/after state; security audit event,EM-LLD-001 v1.0; Chapters 463–500 Detailed Design Register; B01 requirement row present; exact approved binding pending,CLARIFICATION_REQUIRED,,,LLD_EVIDENCE_RECEIVED_APPROVAL_PENDING
B01-466-03,REQ-46603,466,SRS-FR-2343,BRD-001-REQ-46603,business-validation,"Owner must provide an approved, requirement-specific rule and objective pass/fail oracle.","List mandatory business conditions, validation order, field constraints and state-transition rules.","Provide valid and invalid boundary examples, including missing, conflicting and stale data.",Specify exact success state/output and each rejection code/message/state-integrity outcome.,Provide at least one invalid/denied/boundary case where applicable and define the required behavior.,"Define exact expected values, state, response/status, threshold or record fields; avoid 'works as expected'.","Define prohibited mutations, duplicate effects, partial commits, leakage or missing audit records.",Input fixture; validation result; response; before/after state; validation error evidence,EM-LLD-001 v1.0; Chapters 463–500 Detailed Design Register; B01 requirement row present; exact approved binding pending,CLARIFICATION_REQUIRED,,,LLD_EVIDENCE_RECEIVED_APPROVAL_PENDING
B01-466-04,REQ-46604,466,SRS-FR-2344,BRD-001-REQ-46604,audit-evidence,"Owner must provide an approved, requirement-specific rule and objective pass/fail oracle.","List material events, mandatory audit fields, actor attribution, timestamps, correlation IDs and retention.","Define event timing, immutability/access restrictions, failure behavior and any redaction rules.",Specify the exact audit record(s) that must exist or must not exist for each scenario.,Provide at least one invalid/denied/boundary case where applicable and define the required behavior.,"Define exact expected values, state, response/status, threshold or record fields; avoid 'works as expected'.","Define prohibited mutations, duplicate effects, partial commits, leakage or missing audit records.",Source event; resulting audit record; required fields; timestamp/correlation; access/immutability evidence,EM-LLD-001 v1.0; Chapters 463–500 Detailed Design Register; B01 requirement row present; exact approved binding pending,CLARIFICATION_REQUIRED,,,LLD_EVIDENCE_RECEIVED_APPROVAL_PENDING
B01-466-05,REQ-46605,466,SRS-FR-2345,BRD-001-REQ-46605,exception-handling,"Owner must provide an approved, requirement-specific rule and objective pass/fail oracle.","Enumerate exception classes, retryable/non-retryable conditions, retry limits/backoff and escalation owner.","Define idempotency, duplicate prevention, recovery/manual intervention and terminal states.","Specify retry count, final status, emitted alert/log, preserved state and no-duplicate side effects.",Provide at least one invalid/denied/boundary case where applicable and define the required behavior.,"Define exact expected values, state, response/status, threshold or record fields; avoid 'works as expected'.","Define prohibited mutations, duplicate effects, partial commits, leakage or missing audit records.",Injected exception; retry attempt log; terminal result; state snapshot; alert/escalation; duplicate-side-effect check,EM-LLD-001 v1.0; Chapters 463–500 Detailed Design Register; B01 requirement row present; exact approved binding pending,CLARIFICATION_REQUIRED,,,LLD_EVIDENCE_RECEIVED_APPROVAL_PENDING
B01-466-06,REQ-46606,466,SRS-FR-2346,BRD-001-REQ-46606,governed-reporting,"Owner must provide an approved, requirement-specific rule and objective pass/fail oracle.","Name report(s), audiences, filters, dimensions, metric definitions, refresh/cut-off and time zone.","Define access scope, data source, inclusion/exclusion rules, pagination/export and privacy constraints.",Specify an approved fixture and exact expected row counts/values/totals plus unauthorized-access behavior.,Provide at least one invalid/denied/boundary case where applicable and define the required behavior.,"Define exact expected values, state, response/status, threshold or record fields; avoid 'works as expected'.","Define prohibited mutations, duplicate effects, partial commits, leakage or missing audit records.",Approved fixture; report parameters; exported/result rows; expected counts/totals; access decision,EM-LLD-001 v1.0; Chapters 463–500 Detailed Design Register; B01 requirement row present; exact approved binding pending,CLARIFICATION_REQUIRED,,,LLD_EVIDENCE_RECEIVED_APPROVAL_PENDING
B01-467-01,REQ-46701,467,SRS-FR-2347,BRD-001-REQ-46701,authoritative-records,"Owner must provide an approved, requirement-specific rule and objective pass/fail oracle.",Which record types are in scope and who owns each record?,"Define create/update/retire rules, lifecycle states, required fields, uniqueness and retention.",State the exact persisted state/history/audit fields and measurable result after valid and invalid changes.,Provide at least one invalid/denied/boundary case where applicable and define the required behavior.,"Define exact expected values, state, response/status, threshold or record fields; avoid 'works as expected'.","Define prohibited mutations, duplicate effects, partial commits, leakage or missing audit records.",Before/after record snapshot; lifecycle/history entry; correlation ID; audit evidence if applicable,EM-LLD-001 v1.0; Chapters 463–500 Detailed Design Register; B01 requirement row present; exact approved binding pending,CLARIFICATION_REQUIRED,,,LLD_EVIDENCE_RECEIVED_APPROVAL_PENDING
B01-467-02,REQ-46702,467,SRS-FR-2348,BRD-001-REQ-46702,authorization,"Owner must provide an approved, requirement-specific rule and objective pass/fail oracle.",Name each actor/role/tenant and the allowed/denied actions for the target resource.,"Define resource ownership, privilege boundaries, delegation and session/context conditions.","Specify expected allow/deny result, HTTP/UI/API response, zero side effects on denial, and audit event.",Provide at least one invalid/denied/boundary case where applicable and define the required behavior.,"Define exact expected values, state, response/status, threshold or record fields; avoid 'works as expected'.","Define prohibited mutations, duplicate effects, partial commits, leakage or missing audit records.",Actor/role/tenant; request/action; allow/deny result; response; before/after state; security audit event,EM-LLD-001 v1.0; Chapters 463–500 Detailed Design Register; B01 requirement row present; exact approved binding pending,CLARIFICATION_REQUIRED,,,LLD_EVIDENCE_RECEIVED_APPROVAL_PENDING
B01-467-03,REQ-46703,467,SRS-FR-2349,BRD-001-REQ-46703,business-validation,"Owner must provide an approved, requirement-specific rule and objective pass/fail oracle.","List mandatory business conditions, validation order, field constraints and state-transition rules.","Provide valid and invalid boundary examples, including missing, conflicting and stale data.",Specify exact success state/output and each rejection code/message/state-integrity outcome.,Provide at least one invalid/denied/boundary case where applicable and define the required behavior.,"Define exact expected values, state, response/status, threshold or record fields; avoid 'works as expected'.","Define prohibited mutations, duplicate effects, partial commits, leakage or missing audit records.",Input fixture; validation result; response; before/after state; validation error evidence,EM-LLD-001 v1.0; Chapters 463–500 Detailed Design Register; B01 requirement row present; exact approved binding pending,CLARIFICATION_REQUIRED,,,LLD_EVIDENCE_RECEIVED_APPROVAL_PENDING
B01-467-04,REQ-46704,467,SRS-FR-2350,BRD-001-REQ-46704,audit-evidence,"Owner must provide an approved, requirement-specific rule and objective pass/fail oracle.","List material events, mandatory audit fields, actor attribution, timestamps, correlation IDs and retention.","Define event timing, immutability/access restrictions, failure behavior and any redaction rules.",Specify the exact audit record(s) that must exist or must not exist for each scenario.,Provide at least one invalid/denied/boundary case where applicable and define the required behavior.,"Define exact expected values, state, response/status, threshold or record fields; avoid 'works as expected'.","Define prohibited mutations, duplicate effects, partial commits, leakage or missing audit records.",Source event; resulting audit record; required fields; timestamp/correlation; access/immutability evidence,EM-LLD-001 v1.0; Chapters 463–500 Detailed Design Register; B01 requirement row present; exact approved binding pending,CLARIFICATION_REQUIRED,,,LLD_EVIDENCE_RECEIVED_APPROVAL_PENDING
B01-467-05,REQ-46705,467,SRS-FR-2351,BRD-001-REQ-46705,exception-handling,"Owner must provide an approved, requirement-specific rule and objective pass/fail oracle.","Enumerate exception classes, retryable/non-retryable conditions, retry limits/backoff and escalation owner.","Define idempotency, duplicate prevention, recovery/manual intervention and terminal states.","Specify retry count, final status, emitted alert/log, preserved state and no-duplicate side effects.",Provide at least one invalid/denied/boundary case where applicable and define the required behavior.,"Define exact expected values, state, response/status, threshold or record fields; avoid 'works as expected'.","Define prohibited mutations, duplicate effects, partial commits, leakage or missing audit records.",Injected exception; retry attempt log; terminal result; state snapshot; alert/escalation; duplicate-side-effect check,EM-LLD-001 v1.0; Chapters 463–500 Detailed Design Register; B01 requirement row present; exact approved binding pending,CLARIFICATION_REQUIRED,,,LLD_EVIDENCE_RECEIVED_APPROVAL_PENDING
B01-467-06,REQ-46706,467,SRS-FR-2352,BRD-001-REQ-46706,governed-reporting,"Owner must provide an approved, requirement-specific rule and objective pass/fail oracle.","Name report(s), audiences, filters, dimensions, metric definitions, refresh/cut-off and time zone.","Define access scope, data source, inclusion/exclusion rules, pagination/export and privacy constraints.",Specify an approved fixture and exact expected row counts/values/totals plus unauthorized-access behavior.,Provide at least one invalid/denied/boundary case where applicable and define the required behavior.,"Define exact expected values, state, response/status, threshold or record fields; avoid 'works as expected'.","Define prohibited mutations, duplicate effects, partial commits, leakage or missing audit records.",Approved fixture; report parameters; exported/result rows; expected counts/totals; access decision,EM-LLD-001 v1.0; Chapters 463–500 Detailed Design Register; B01 requirement row present; exact approved binding pending,CLARIFICATION_REQUIRED,,,LLD_EVIDENCE_RECEIVED_APPROVAL_PENDING
B01-468-01,REQ-46801,468,SRS-FR-2353,BRD-001-REQ-46801,authoritative-records,"Owner must provide an approved, requirement-specific rule and objective pass/fail oracle.",Which record types are in scope and who owns each record?,"Define create/update/retire rules, lifecycle states, required fields, uniqueness and retention.",State the exact persisted state/history/audit fields and measurable result after valid and invalid changes.,Provide at least one invalid/denied/boundary case where applicable and define the required behavior.,"Define exact expected values, state, response/status, threshold or record fields; avoid 'works as expected'.","Define prohibited mutations, duplicate effects, partial commits, leakage or missing audit records.",Before/after record snapshot; lifecycle/history entry; correlation ID; audit evidence if applicable,EM-LLD-001 v1.0; Chapters 463–500 Detailed Design Register; B01 requirement row present; exact approved binding pending,CLARIFICATION_REQUIRED,,,LLD_EVIDENCE_RECEIVED_APPROVAL_PENDING
B01-468-02,REQ-46802,468,SRS-FR-2354,BRD-001-REQ-46802,authorization,"Owner must provide an approved, requirement-specific rule and objective pass/fail oracle.",Name each actor/role/tenant and the allowed/denied actions for the target resource.,"Define resource ownership, privilege boundaries, delegation and session/context conditions.","Specify expected allow/deny result, HTTP/UI/API response, zero side effects on denial, and audit event.",Provide at least one invalid/denied/boundary case where applicable and define the required behavior.,"Define exact expected values, state, response/status, threshold or record fields; avoid 'works as expected'.","Define prohibited mutations, duplicate effects, partial commits, leakage or missing audit records.",Actor/role/tenant; request/action; allow/deny result; response; before/after state; security audit event,EM-LLD-001 v1.0; Chapters 463–500 Detailed Design Register; B01 requirement row present; exact approved binding pending,CLARIFICATION_REQUIRED,,,LLD_EVIDENCE_RECEIVED_APPROVAL_PENDING
B01-468-03,REQ-46803,468,SRS-FR-2355,BRD-001-REQ-46803,business-validation,"Owner must provide an approved, requirement-specific rule and objective pass/fail oracle.","List mandatory business conditions, validation order, field constraints and state-transition rules.","Provide valid and invalid boundary examples, including missing, conflicting and stale data.",Specify exact success state/output and each rejection code/message/state-integrity outcome.,Provide at least one invalid/denied/boundary case where applicable and define the required behavior.,"Define exact expected values, state, response/status, threshold or record fields; avoid 'works as expected'.","Define prohibited mutations, duplicate effects, partial commits, leakage or missing audit records.",Input fixture; validation result; response; before/after state; validation error evidence,EM-LLD-001 v1.0; Chapters 463–500 Detailed Design Register; B01 requirement row present; exact approved binding pending,CLARIFICATION_REQUIRED,,,LLD_EVIDENCE_RECEIVED_APPROVAL_PENDING
B01-468-04,REQ-46804,468,SRS-FR-2356,BRD-001-REQ-46804,audit-evidence,"Owner must provide an approved, requirement-specific rule and objective pass/fail oracle.","List material events, mandatory audit fields, actor attribution, timestamps, correlation IDs and retention.","Define event timing, immutability/access restrictions, failure behavior and any redaction rules.",Specify the exact audit record(s) that must exist or must not exist for each scenario.,Provide at least one invalid/denied/boundary case where applicable and define the required behavior.,"Define exact expected values, state, response/status, threshold or record fields; avoid 'works as expected'.","Define prohibited mutations, duplicate effects, partial commits, leakage or missing audit records.",Source event; resulting audit record; required fields; timestamp/correlation; access/immutability evidence,EM-LLD-001 v1.0; Chapters 463–500 Detailed Design Register; B01 requirement row present; exact approved binding pending,CLARIFICATION_REQUIRED,,,LLD_EVIDENCE_RECEIVED_APPROVAL_PENDING
B01-468-05,REQ-46805,468,SRS-FR-2357,BRD-001-REQ-46805,exception-handling,"Owner must provide an approved, requirement-specific rule and objective pass/fail oracle.","Enumerate exception classes, retryable/non-retryable conditions, retry limits/backoff and escalation owner.","Define idempotency, duplicate prevention, recovery/manual intervention and terminal states.","Specify retry count, final status, emitted alert/log, preserved state and no-duplicate side effects.",Provide at least one invalid/denied/boundary case where applicable and define the required behavior.,"Define exact expected values, state, response/status, threshold or record fields; avoid 'works as expected'.","Define prohibited mutations, duplicate effects, partial commits, leakage or missing audit records.",Injected exception; retry attempt log; terminal result; state snapshot; alert/escalation; duplicate-side-effect check,EM-LLD-001 v1.0; Chapters 463–500 Detailed Design Register; B01 requirement row present; exact approved binding pending,CLARIFICATION_REQUIRED,,,LLD_EVIDENCE_RECEIVED_APPROVAL_PENDING
B01-468-06,REQ-46806,468,SRS-FR-2358,BRD-001-REQ-46806,governed-reporting,"Owner must provide an approved, requirement-specific rule and objective pass/fail oracle.","Name report(s), audiences, filters, dimensions, metric definitions, refresh/cut-off and time zone.","Define access scope, data source, inclusion/exclusion rules, pagination/export and privacy constraints.",Specify an approved fixture and exact expected row counts/values/totals plus unauthorized-access behavior.,Provide at least one invalid/denied/boundary case where applicable and define the required behavior.,"Define exact expected values, state, response/status, threshold or record fields; avoid 'works as expected'.","Define prohibited mutations, duplicate effects, partial commits, leakage or missing audit records.",Approved fixture; report parameters; exported/result rows; expected counts/totals; access decision,EM-LLD-001 v1.0; Chapters 463–500 Detailed Design Register; B01 requirement row present; exact approved binding pending,CLARIFICATION_REQUIRED,,,LLD_EVIDENCE_RECEIVED_APPROVAL_PENDING
B01-469-01,REQ-46901,469,SRS-FR-2359,BRD-001-REQ-46901,authoritative-records,"Owner must provide an approved, requirement-specific rule and objective pass/fail oracle.",Which record types are in scope and who owns each record?,"Define create/update/retire rules, lifecycle states, required fields, uniqueness and retention.",State the exact persisted state/history/audit fields and measurable result after valid and invalid changes.,Provide at least one invalid/denied/boundary case where applicable and define the required behavior.,"Define exact expected values, state, response/status, threshold or record fields; avoid 'works as expected'.","Define prohibited mutations, duplicate effects, partial commits, leakage or missing audit records.",Before/after record snapshot; lifecycle/history entry; correlation ID; audit evidence if applicable,EM-LLD-001 v1.0; Chapters 463–500 Detailed Design Register; B01 requirement row present; exact approved binding pending,CLARIFICATION_REQUIRED,,,LLD_EVIDENCE_RECEIVED_APPROVAL_PENDING
B01-469-02,REQ-46902,469,SRS-FR-2360,BRD-001-REQ-46902,authorization,"Owner must provide an approved, requirement-specific rule and objective pass/fail oracle.",Name each actor/role/tenant and the allowed/denied actions for the target resource.,"Define resource ownership, privilege boundaries, delegation and session/context conditions.","Specify expected allow/deny result, HTTP/UI/API response, zero side effects on denial, and audit event.",Provide at least one invalid/denied/boundary case where applicable and define the required behavior.,"Define exact expected values, state, response/status, threshold or record fields; avoid 'works as expected'.","Define prohibited mutations, duplicate effects, partial commits, leakage or missing audit records.",Actor/role/tenant; request/action; allow/deny result; response; before/after state; security audit event,EM-LLD-001 v1.0; Chapters 463–500 Detailed Design Register; B01 requirement row present; exact approved binding pending,CLARIFICATION_REQUIRED,,,LLD_EVIDENCE_RECEIVED_APPROVAL_PENDING
B01-469-03,REQ-46903,469,SRS-FR-2361,BRD-001-REQ-46903,business-validation,"Owner must provide an approved, requirement-specific rule and objective pass/fail oracle.","List mandatory business conditions, validation order, field constraints and state-transition rules.","Provide valid and invalid boundary examples, including missing, conflicting and stale data.",Specify exact success state/output and each rejection code/message/state-integrity outcome.,Provide at least one invalid/denied/boundary case where applicable and define the required behavior.,"Define exact expected values, state, response/status, threshold or record fields; avoid 'works as expected'.","Define prohibited mutations, duplicate effects, partial commits, leakage or missing audit records.",Input fixture; validation result; response; before/after state; validation error evidence,EM-LLD-001 v1.0; Chapters 463–500 Detailed Design Register; B01 requirement row present; exact approved binding pending,CLARIFICATION_REQUIRED,,,LLD_EVIDENCE_RECEIVED_APPROVAL_PENDING
B01-469-04,REQ-46904,469,SRS-FR-2362,BRD-001-REQ-46904,audit-evidence,"Owner must provide an approved, requirement-specific rule and objective pass/fail oracle.","List material events, mandatory audit fields, actor attribution, timestamps, correlation IDs and retention.","Define event timing, immutability/access restrictions, failure behavior and any redaction rules.",Specify the exact audit record(s) that must exist or must not exist for each scenario.,Provide at least one invalid/denied/boundary case where applicable and define the required behavior.,"Define exact expected values, state, response/status, threshold or record fields; avoid 'works as expected'.","Define prohibited mutations, duplicate effects, partial commits, leakage or missing audit records.",Source event; resulting audit record; required fields; timestamp/correlation; access/immutability evidence,EM-LLD-001 v1.0; Chapters 463–500 Detailed Design Register; B01 requirement row present; exact approved binding pending,CLARIFICATION_REQUIRED,,,LLD_EVIDENCE_RECEIVED_APPROVAL_PENDING
B01-469-05,REQ-46905,469,SRS-FR-2363,BRD-001-REQ-46905,exception-handling,"Owner must provide an approved, requirement-specific rule and objective pass/fail oracle.","Enumerate exception classes, retryable/non-retryable conditions, retry limits/backoff and escalation owner.","Define idempotency, duplicate prevention, recovery/manual intervention and terminal states.","Specify retry count, final status, emitted alert/log, preserved state and no-duplicate side effects.",Provide at least one invalid/denied/boundary case where applicable and define the required behavior.,"Define exact expected values, state, response/status, threshold or record fields; avoid 'works as expected'.","Define prohibited mutations, duplicate effects, partial commits, leakage or missing audit records.",Injected exception; retry attempt log; terminal result; state snapshot; alert/escalation; duplicate-side-effect check,EM-LLD-001 v1.0; Chapters 463–500 Detailed Design Register; B01 requirement row present; exact approved binding pending,CLARIFICATION_REQUIRED,,,LLD_EVIDENCE_RECEIVED_APPROVAL_PENDING
B01-469-06,REQ-46906,469,SRS-FR-2364,BRD-001-REQ-46906,governed-reporting,"Owner must provide an approved, requirement-specific rule and objective pass/fail oracle.","Name report(s), audiences, filters, dimensions, metric definitions, refresh/cut-off and time zone.","Define access scope, data source, inclusion/exclusion rules, pagination/export and privacy constraints.",Specify an approved fixture and exact expected row counts/values/totals plus unauthorized-access behavior.,Provide at least one invalid/denied/boundary case where applicable and define the required behavior.,"Define exact expected values, state, response/status, threshold or record fields; avoid 'works as expected'.","Define prohibited mutations, duplicate effects, partial commits, leakage or missing audit records.",Approved fixture; report parameters; exported/result rows; expected counts/totals; access decision,EM-LLD-001 v1.0; Chapters 463–500 Detailed Design Register; B01 requirement row present; exact approved binding pending,CLARIFICATION_REQUIRED,,,LLD_EVIDENCE_RECEIVED_APPROVAL_PENDING
B01-470-01,REQ-47001,470,SRS-FR-2365,BRD-001-REQ-47001,authoritative-records,"Owner must provide an approved, requirement-specific rule and objective pass/fail oracle.",Which record types are in scope and who owns each record?,"Define create/update/retire rules, lifecycle states, required fields, uniqueness and retention.",State the exact persisted state/history/audit fields and measurable result after valid and invalid changes.,Provide at least one invalid/denied/boundary case where applicable and define the required behavior.,"Define exact expected values, state, response/status, threshold or record fields; avoid 'works as expected'.","Define prohibited mutations, duplicate effects, partial commits, leakage or missing audit records.",Before/after record snapshot; lifecycle/history entry; correlation ID; audit evidence if applicable,EM-LLD-001 v1.0; Chapters 463–500 Detailed Design Register; B01 requirement row present; exact approved binding pending,CLARIFICATION_REQUIRED,,,LLD_EVIDENCE_RECEIVED_APPROVAL_PENDING
B01-470-02,REQ-47002,470,SRS-FR-2366,BRD-001-REQ-47002,authorization,"Owner must provide an approved, requirement-specific rule and objective pass/fail oracle.",Name each actor/role/tenant and the allowed/denied actions for the target resource.,"Define resource ownership, privilege boundaries, delegation and session/context conditions.","Specify expected allow/deny result, HTTP/UI/API response, zero side effects on denial, and audit event.",Provide at least one invalid/denied/boundary case where applicable and define the required behavior.,"Define exact expected values, state, response/status, threshold or record fields; avoid 'works as expected'.","Define prohibited mutations, duplicate effects, partial commits, leakage or missing audit records.",Actor/role/tenant; request/action; allow/deny result; response; before/after state; security audit event,EM-LLD-001 v1.0; Chapters 463–500 Detailed Design Register; B01 requirement row present; exact approved binding pending,CLARIFICATION_REQUIRED,,,LLD_EVIDENCE_RECEIVED_APPROVAL_PENDING
B01-470-03,REQ-47003,470,SRS-FR-2367,BRD-001-REQ-47003,business-validation,"Owner must provide an approved, requirement-specific rule and objective pass/fail oracle.","List mandatory business conditions, validation order, field constraints and state-transition rules.","Provide valid and invalid boundary examples, including missing, conflicting and stale data.",Specify exact success state/output and each rejection code/message/state-integrity outcome.,Provide at least one invalid/denied/boundary case where applicable and define the required behavior.,"Define exact expected values, state, response/status, threshold or record fields; avoid 'works as expected'.","Define prohibited mutations, duplicate effects, partial commits, leakage or missing audit records.",Input fixture; validation result; response; before/after state; validation error evidence,EM-LLD-001 v1.0; Chapters 463–500 Detailed Design Register; B01 requirement row present; exact approved binding pending,CLARIFICATION_REQUIRED,,,LLD_EVIDENCE_RECEIVED_APPROVAL_PENDING
B01-470-04,REQ-47004,470,SRS-FR-2368,BRD-001-REQ-47004,audit-evidence,"Owner must provide an approved, requirement-specific rule and objective pass/fail oracle.","List material events, mandatory audit fields, actor attribution, timestamps, correlation IDs and retention.","Define event timing, immutability/access restrictions, failure behavior and any redaction rules.",Specify the exact audit record(s) that must exist or must not exist for each scenario.,Provide at least one invalid/denied/boundary case where applicable and define the required behavior.,"Define exact expected values, state, response/status, threshold or record fields; avoid 'works as expected'.","Define prohibited mutations, duplicate effects, partial commits, leakage or missing audit records.",Source event; resulting audit record; required fields; timestamp/correlation; access/immutability evidence,EM-LLD-001 v1.0; Chapters 463–500 Detailed Design Register; B01 requirement row present; exact approved binding pending,CLARIFICATION_REQUIRED,,,LLD_EVIDENCE_RECEIVED_APPROVAL_PENDING
B01-470-05,REQ-47005,470,SRS-FR-2369,BRD-001-REQ-47005,exception-handling,"Owner must provide an approved, requirement-specific rule and objective pass/fail oracle.","Enumerate exception classes, retryable/non-retryable conditions, retry limits/backoff and escalation owner.","Define idempotency, duplicate prevention, recovery/manual intervention and terminal states.","Specify retry count, final status, emitted alert/log, preserved state and no-duplicate side effects.",Provide at least one invalid/denied/boundary case where applicable and define the required behavior.,"Define exact expected values, state, response/status, threshold or record fields; avoid 'works as expected'.","Define prohibited mutations, duplicate effects, partial commits, leakage or missing audit records.",Injected exception; retry attempt log; terminal result; state snapshot; alert/escalation; duplicate-side-effect check,EM-LLD-001 v1.0; Chapters 463–500 Detailed Design Register; B01 requirement row present; exact approved binding pending,CLARIFICATION_REQUIRED,,,LLD_EVIDENCE_RECEIVED_APPROVAL_PENDING
B01-470-06,REQ-47006,470,SRS-FR-2370,BRD-001-REQ-47006,governed-reporting,"Owner must provide an approved, requirement-specific rule and objective pass/fail oracle.","Name report(s), audiences, filters, dimensions, metric definitions, refresh/cut-off and time zone.","Define access scope, data source, inclusion/exclusion rules, pagination/export and privacy constraints.",Specify an approved fixture and exact expected row counts/values/totals plus unauthorized-access behavior.,Provide at least one invalid/denied/boundary case where applicable and define the required behavior.,"Define exact expected values, state, response/status, threshold or record fields; avoid 'works as expected'.","Define prohibited mutations, duplicate effects, partial commits, leakage or missing audit records.",Approved fixture; report parameters; exported/result rows; expected counts/totals; access decision,EM-LLD-001 v1.0; Chapters 463–500 Detailed Design Register; B01 requirement row present; exact approved binding pending,CLARIFICATION_REQUIRED,,,LLD_EVIDENCE_RECEIVED_APPROVAL_PENDING
