requirement_id,chapter,srs_id,pattern,capability,scenario_reference_status,expected_result_status,approved_acceptance_source_status,gap_status,required_next_action,owner,status
REQ-46301,463,SRS-FR-2323,XX01,authoritative-records,DRAFT_PRESENT_NOT_APPROVED,DRAFT_PRESENT_NOT_APPROVED,NOT_VERIFIED,BLOCKED,Obtain approved requirement-specific acceptance criteria; review and refine the existing draft scenario and expected result against the controlled baseline; record source locator and owner approval before B01 execution.,Requirements owner / business owner,OPEN
REQ-46302,463,SRS-FR-2324,XX02,authorization,DRAFT_PRESENT_NOT_APPROVED,DRAFT_PRESENT_NOT_APPROVED,NOT_VERIFIED,BLOCKED,Obtain approved requirement-specific acceptance criteria; review and refine the existing draft scenario and expected result against the controlled baseline; record source locator and owner approval before B01 execution.,Requirements owner / business owner,OPEN
REQ-46303,463,SRS-FR-2325,XX03,business-validation,DRAFT_PRESENT_NOT_APPROVED,DRAFT_PRESENT_NOT_APPROVED,NOT_VERIFIED,BLOCKED,Obtain approved requirement-specific acceptance criteria; review and refine the existing draft scenario and expected result against the controlled baseline; record source locator and owner approval before B01 execution.,Requirements owner / business owner,OPEN
REQ-46304,463,SRS-FR-2326,XX04,audit-evidence,DRAFT_PRESENT_NOT_APPROVED,DRAFT_PRESENT_NOT_APPROVED,NOT_VERIFIED,BLOCKED,Obtain approved requirement-specific acceptance criteria; review and refine the existing draft scenario and expected result against the controlled baseline; record source locator and owner approval before B01 execution.,Requirements owner / business owner,OPEN
REQ-46305,463,SRS-FR-2327,XX05,exception-handling,DRAFT_PRESENT_NOT_APPROVED,DRAFT_PRESENT_NOT_APPROVED,NOT_VERIFIED,BLOCKED,Obtain approved requirement-specific acceptance criteria; review and refine the existing draft scenario and expected result against the controlled baseline; record source locator and owner approval before B01 execution.,Requirements owner / business owner,OPEN
REQ-46306,463,SRS-FR-2328,XX06,governed-reporting,DRAFT_PRESENT_NOT_APPROVED,DRAFT_PRESENT_NOT_APPROVED,NOT_VERIFIED,BLOCKED,Obtain approved requirement-specific acceptance criteria; review and refine the existing draft scenario and expected result against the controlled baseline; record source locator and owner approval before B01 execution.,Requirements owner / business owner,OPEN
REQ-46401,464,SRS-FR-2329,XX01,authoritative-records,DRAFT_PRESENT_NOT_APPROVED,DRAFT_PRESENT_NOT_APPROVED,NOT_VERIFIED,BLOCKED,Obtain approved requirement-specific acceptance criteria; review and refine the existing draft scenario and expected result against the controlled baseline; record source locator and owner approval before B01 execution.,Requirements owner / business owner,OPEN
REQ-46402,464,SRS-FR-2330,XX02,authorization,DRAFT_PRESENT_NOT_APPROVED,DRAFT_PRESENT_NOT_APPROVED,NOT_VERIFIED,BLOCKED,Obtain approved requirement-specific acceptance criteria; review and refine the existing draft scenario and expected result against the controlled baseline; record source locator and owner approval before B01 execution.,Requirements owner / business owner,OPEN
REQ-46403,464,SRS-FR-2331,XX03,business-validation,DRAFT_PRESENT_NOT_APPROVED,DRAFT_PRESENT_NOT_APPROVED,NOT_VERIFIED,BLOCKED,Obtain approved requirement-specific acceptance criteria; review and refine the existing draft scenario and expected result against the controlled baseline; record source locator and owner approval before B01 execution.,Requirements owner / business owner,OPEN
REQ-46404,464,SRS-FR-2332,XX04,audit-evidence,DRAFT_PRESENT_NOT_APPROVED,DRAFT_PRESENT_NOT_APPROVED,NOT_VERIFIED,BLOCKED,Obtain approved requirement-specific acceptance criteria; review and refine the existing draft scenario and expected result against the controlled baseline; record source locator and owner approval before B01 execution.,Requirements owner / business owner,OPEN
REQ-46405,464,SRS-FR-2333,XX05,exception-handling,DRAFT_PRESENT_NOT_APPROVED,DRAFT_PRESENT_NOT_APPROVED,NOT_VERIFIED,BLOCKED,Obtain approved requirement-specific acceptance criteria; review and refine the existing draft scenario and expected result against the controlled baseline; record source locator and owner approval before B01 execution.,Requirements owner / business owner,OPEN
REQ-46406,464,SRS-FR-2334,XX06,governed-reporting,DRAFT_PRESENT_NOT_APPROVED,DRAFT_PRESENT_NOT_APPROVED,NOT_VERIFIED,BLOCKED,Obtain approved requirement-specific acceptance criteria; review and refine the existing draft scenario and expected result against the controlled baseline; record source locator and owner approval before B01 execution.,Requirements owner / business owner,OPEN
REQ-46501,465,SRS-FR-2335,XX01,authoritative-records,DRAFT_PRESENT_NOT_APPROVED,DRAFT_PRESENT_NOT_APPROVED,NOT_VERIFIED,BLOCKED,Obtain approved requirement-specific acceptance criteria; review and refine the existing draft scenario and expected result against the controlled baseline; record source locator and owner approval before B01 execution.,Requirements owner / business owner,OPEN
REQ-46502,465,SRS-FR-2336,XX02,authorization,DRAFT_PRESENT_NOT_APPROVED,DRAFT_PRESENT_NOT_APPROVED,NOT_VERIFIED,BLOCKED,Obtain approved requirement-specific acceptance criteria; review and refine the existing draft scenario and expected result against the controlled baseline; record source locator and owner approval before B01 execution.,Requirements owner / business owner,OPEN
REQ-46503,465,SRS-FR-2337,XX03,business-validation,DRAFT_PRESENT_NOT_APPROVED,DRAFT_PRESENT_NOT_APPROVED,NOT_VERIFIED,BLOCKED,Obtain approved requirement-specific acceptance criteria; review and refine the existing draft scenario and expected result against the controlled baseline; record source locator and owner approval before B01 execution.,Requirements owner / business owner,OPEN
REQ-46504,465,SRS-FR-2338,XX04,audit-evidence,DRAFT_PRESENT_NOT_APPROVED,DRAFT_PRESENT_NOT_APPROVED,NOT_VERIFIED,BLOCKED,Obtain approved requirement-specific acceptance criteria; review and refine the existing draft scenario and expected result against the controlled baseline; record source locator and owner approval before B01 execution.,Requirements owner / business owner,OPEN
REQ-46505,465,SRS-FR-2339,XX05,exception-handling,DRAFT_PRESENT_NOT_APPROVED,DRAFT_PRESENT_NOT_APPROVED,NOT_VERIFIED,BLOCKED,Obtain approved requirement-specific acceptance criteria; review and refine the existing draft scenario and expected result against the controlled baseline; record source locator and owner approval before B01 execution.,Requirements owner / business owner,OPEN
REQ-46506,465,SRS-FR-2340,XX06,governed-reporting,DRAFT_PRESENT_NOT_APPROVED,DRAFT_PRESENT_NOT_APPROVED,NOT_VERIFIED,BLOCKED,Obtain approved requirement-specific acceptance criteria; review and refine the existing draft scenario and expected result against the controlled baseline; record source locator and owner approval before B01 execution.,Requirements owner / business owner,OPEN
REQ-46601,466,SRS-FR-2341,XX01,authoritative-records,DRAFT_PRESENT_NOT_APPROVED,DRAFT_PRESENT_NOT_APPROVED,NOT_VERIFIED,BLOCKED,Obtain approved requirement-specific acceptance criteria; review and refine the existing draft scenario and expected result against the controlled baseline; record source locator and owner approval before B01 execution.,Requirements owner / business owner,OPEN
REQ-46602,466,SRS-FR-2342,XX02,authorization,DRAFT_PRESENT_NOT_APPROVED,DRAFT_PRESENT_NOT_APPROVED,NOT_VERIFIED,BLOCKED,Obtain approved requirement-specific acceptance criteria; review and refine the existing draft scenario and expected result against the controlled baseline; record source locator and owner approval before B01 execution.,Requirements owner / business owner,OPEN
REQ-46603,466,SRS-FR-2343,XX03,business-validation,DRAFT_PRESENT_NOT_APPROVED,DRAFT_PRESENT_NOT_APPROVED,NOT_VERIFIED,BLOCKED,Obtain approved requirement-specific acceptance criteria; review and refine the existing draft scenario and expected result against the controlled baseline; record source locator and owner approval before B01 execution.,Requirements owner / business owner,OPEN
REQ-46604,466,SRS-FR-2344,XX04,audit-evidence,DRAFT_PRESENT_NOT_APPROVED,DRAFT_PRESENT_NOT_APPROVED,NOT_VERIFIED,BLOCKED,Obtain approved requirement-specific acceptance criteria; review and refine the existing draft scenario and expected result against the controlled baseline; record source locator and owner approval before B01 execution.,Requirements owner / business owner,OPEN
REQ-46605,466,SRS-FR-2345,XX05,exception-handling,DRAFT_PRESENT_NOT_APPROVED,DRAFT_PRESENT_NOT_APPROVED,NOT_VERIFIED,BLOCKED,Obtain approved requirement-specific acceptance criteria; review and refine the existing draft scenario and expected result against the controlled baseline; record source locator and owner approval before B01 execution.,Requirements owner / business owner,OPEN
REQ-46606,466,SRS-FR-2346,XX06,governed-reporting,DRAFT_PRESENT_NOT_APPROVED,DRAFT_PRESENT_NOT_APPROVED,NOT_VERIFIED,BLOCKED,Obtain approved requirement-specific acceptance criteria; review and refine the existing draft scenario and expected result against the controlled baseline; record source locator and owner approval before B01 execution.,Requirements owner / business owner,OPEN
REQ-46701,467,SRS-FR-2347,XX01,authoritative-records,DRAFT_PRESENT_NOT_APPROVED,DRAFT_PRESENT_NOT_APPROVED,NOT_VERIFIED,BLOCKED,Obtain approved requirement-specific acceptance criteria; review and refine the existing draft scenario and expected result against the controlled baseline; record source locator and owner approval before B01 execution.,Requirements owner / business owner,OPEN
REQ-46702,467,SRS-FR-2348,XX02,authorization,DRAFT_PRESENT_NOT_APPROVED,DRAFT_PRESENT_NOT_APPROVED,NOT_VERIFIED,BLOCKED,Obtain approved requirement-specific acceptance criteria; review and refine the existing draft scenario and expected result against the controlled baseline; record source locator and owner approval before B01 execution.,Requirements owner / business owner,OPEN
REQ-46703,467,SRS-FR-2349,XX03,business-validation,DRAFT_PRESENT_NOT_APPROVED,DRAFT_PRESENT_NOT_APPROVED,NOT_VERIFIED,BLOCKED,Obtain approved requirement-specific acceptance criteria; review and refine the existing draft scenario and expected result against the controlled baseline; record source locator and owner approval before B01 execution.,Requirements owner / business owner,OPEN
REQ-46704,467,SRS-FR-2350,XX04,audit-evidence,DRAFT_PRESENT_NOT_APPROVED,DRAFT_PRESENT_NOT_APPROVED,NOT_VERIFIED,BLOCKED,Obtain approved requirement-specific acceptance criteria; review and refine the existing draft scenario and expected result against the controlled baseline; record source locator and owner approval before B01 execution.,Requirements owner / business owner,OPEN
REQ-46705,467,SRS-FR-2351,XX05,exception-handling,DRAFT_PRESENT_NOT_APPROVED,DRAFT_PRESENT_NOT_APPROVED,NOT_VERIFIED,BLOCKED,Obtain approved requirement-specific acceptance criteria; review and refine the existing draft scenario and expected result against the controlled baseline; record source locator and owner approval before B01 execution.,Requirements owner / business owner,OPEN
REQ-46706,467,SRS-FR-2352,XX06,governed-reporting,DRAFT_PRESENT_NOT_APPROVED,DRAFT_PRESENT_NOT_APPROVED,NOT_VERIFIED,BLOCKED,Obtain approved requirement-specific acceptance criteria; review and refine the existing draft scenario and expected result against the controlled baseline; record source locator and owner approval before B01 execution.,Requirements owner / business owner,OPEN
REQ-46801,468,SRS-FR-2353,XX01,authoritative-records,DRAFT_PRESENT_NOT_APPROVED,DRAFT_PRESENT_NOT_APPROVED,NOT_VERIFIED,BLOCKED,Obtain approved requirement-specific acceptance criteria; review and refine the existing draft scenario and expected result against the controlled baseline; record source locator and owner approval before B01 execution.,Requirements owner / business owner,OPEN
REQ-46802,468,SRS-FR-2354,XX02,authorization,DRAFT_PRESENT_NOT_APPROVED,DRAFT_PRESENT_NOT_APPROVED,NOT_VERIFIED,BLOCKED,Obtain approved requirement-specific acceptance criteria; review and refine the existing draft scenario and expected result against the controlled baseline; record source locator and owner approval before B01 execution.,Requirements owner / business owner,OPEN
REQ-46803,468,SRS-FR-2355,XX03,business-validation,DRAFT_PRESENT_NOT_APPROVED,DRAFT_PRESENT_NOT_APPROVED,NOT_VERIFIED,BLOCKED,Obtain approved requirement-specific acceptance criteria; review and refine the existing draft scenario and expected result against the controlled baseline; record source locator and owner approval before B01 execution.,Requirements owner / business owner,OPEN
REQ-46804,468,SRS-FR-2356,XX04,audit-evidence,DRAFT_PRESENT_NOT_APPROVED,DRAFT_PRESENT_NOT_APPROVED,NOT_VERIFIED,BLOCKED,Obtain approved requirement-specific acceptance criteria; review and refine the existing draft scenario and expected result against the controlled baseline; record source locator and owner approval before B01 execution.,Requirements owner / business owner,OPEN
REQ-46805,468,SRS-FR-2357,XX05,exception-handling,DRAFT_PRESENT_NOT_APPROVED,DRAFT_PRESENT_NOT_APPROVED,NOT_VERIFIED,BLOCKED,Obtain approved requirement-specific acceptance criteria; review and refine the existing draft scenario and expected result against the controlled baseline; record source locator and owner approval before B01 execution.,Requirements owner / business owner,OPEN
REQ-46806,468,SRS-FR-2358,XX06,governed-reporting,DRAFT_PRESENT_NOT_APPROVED,DRAFT_PRESENT_NOT_APPROVED,NOT_VERIFIED,BLOCKED,Obtain approved requirement-specific acceptance criteria; review and refine the existing draft scenario and expected result against the controlled baseline; record source locator and owner approval before B01 execution.,Requirements owner / business owner,OPEN
REQ-46901,469,SRS-FR-2359,XX01,authoritative-records,DRAFT_PRESENT_NOT_APPROVED,DRAFT_PRESENT_NOT_APPROVED,NOT_VERIFIED,BLOCKED,Obtain approved requirement-specific acceptance criteria; review and refine the existing draft scenario and expected result against the controlled baseline; record source locator and owner approval before B01 execution.,Requirements owner / business owner,OPEN
REQ-46902,469,SRS-FR-2360,XX02,authorization,DRAFT_PRESENT_NOT_APPROVED,DRAFT_PRESENT_NOT_APPROVED,NOT_VERIFIED,BLOCKED,Obtain approved requirement-specific acceptance criteria; review and refine the existing draft scenario and expected result against the controlled baseline; record source locator and owner approval before B01 execution.,Requirements owner / business owner,OPEN
REQ-46903,469,SRS-FR-2361,XX03,business-validation,DRAFT_PRESENT_NOT_APPROVED,DRAFT_PRESENT_NOT_APPROVED,NOT_VERIFIED,BLOCKED,Obtain approved requirement-specific acceptance criteria; review and refine the existing draft scenario and expected result against the controlled baseline; record source locator and owner approval before B01 execution.,Requirements owner / business owner,OPEN
REQ-46904,469,SRS-FR-2362,XX04,audit-evidence,DRAFT_PRESENT_NOT_APPROVED,DRAFT_PRESENT_NOT_APPROVED,NOT_VERIFIED,BLOCKED,Obtain approved requirement-specific acceptance criteria; review and refine the existing draft scenario and expected result against the controlled baseline; record source locator and owner approval before B01 execution.,Requirements owner / business owner,OPEN
REQ-46905,469,SRS-FR-2363,XX05,exception-handling,DRAFT_PRESENT_NOT_APPROVED,DRAFT_PRESENT_NOT_APPROVED,NOT_VERIFIED,BLOCKED,Obtain approved requirement-specific acceptance criteria; review and refine the existing draft scenario and expected result against the controlled baseline; record source locator and owner approval before B01 execution.,Requirements owner / business owner,OPEN
REQ-46906,469,SRS-FR-2364,XX06,governed-reporting,DRAFT_PRESENT_NOT_APPROVED,DRAFT_PRESENT_NOT_APPROVED,NOT_VERIFIED,BLOCKED,Obtain approved requirement-specific acceptance criteria; review and refine the existing draft scenario and expected result against the controlled baseline; record source locator and owner approval before B01 execution.,Requirements owner / business owner,OPEN
REQ-47001,470,SRS-FR-2365,XX01,authoritative-records,DRAFT_PRESENT_NOT_APPROVED,DRAFT_PRESENT_NOT_APPROVED,NOT_VERIFIED,BLOCKED,Obtain approved requirement-specific acceptance criteria; review and refine the existing draft scenario and expected result against the controlled baseline; record source locator and owner approval before B01 execution.,Requirements owner / business owner,OPEN
REQ-47002,470,SRS-FR-2366,XX02,authorization,DRAFT_PRESENT_NOT_APPROVED,DRAFT_PRESENT_NOT_APPROVED,NOT_VERIFIED,BLOCKED,Obtain approved requirement-specific acceptance criteria; review and refine the existing draft scenario and expected result against the controlled baseline; record source locator and owner approval before B01 execution.,Requirements owner / business owner,OPEN
REQ-47003,470,SRS-FR-2367,XX03,business-validation,DRAFT_PRESENT_NOT_APPROVED,DRAFT_PRESENT_NOT_APPROVED,NOT_VERIFIED,BLOCKED,Obtain approved requirement-specific acceptance criteria; review and refine the existing draft scenario and expected result against the controlled baseline; record source locator and owner approval before B01 execution.,Requirements owner / business owner,OPEN
REQ-47004,470,SRS-FR-2368,XX04,audit-evidence,DRAFT_PRESENT_NOT_APPROVED,DRAFT_PRESENT_NOT_APPROVED,NOT_VERIFIED,BLOCKED,Obtain approved requirement-specific acceptance criteria; review and refine the existing draft scenario and expected result against the controlled baseline; record source locator and owner approval before B01 execution.,Requirements owner / business owner,OPEN
REQ-47005,470,SRS-FR-2369,XX05,exception-handling,DRAFT_PRESENT_NOT_APPROVED,DRAFT_PRESENT_NOT_APPROVED,NOT_VERIFIED,BLOCKED,Obtain approved requirement-specific acceptance criteria; review and refine the existing draft scenario and expected result against the controlled baseline; record source locator and owner approval before B01 execution.,Requirements owner / business owner,OPEN
REQ-47006,470,SRS-FR-2370,XX06,governed-reporting,DRAFT_PRESENT_NOT_APPROVED,DRAFT_PRESENT_NOT_APPROVED,NOT_VERIFIED,BLOCKED,Obtain approved requirement-specific acceptance criteria; review and refine the existing draft scenario and expected result against the controlled baseline; record source locator and owner approval before B01 execution.,Requirements owner / business owner,OPEN
