decision_id,decision_level,requirement_id,case_id,chapter,srs_id,decision_required,accountable_role,named_owner,requested_decision_or_evidence,status,target_date,decision_date,approval_or_change_reference,evidence_locator,escalation_role,escalation_due_or_trigger,escalation_status,notes
B01-D1,GLOBAL,,,,,Approve / reject / return the controlled BRD and SRS source set,Requirements owner + business owner,,"Record exact document versions, approval references, effective date, and source locators",PENDING,,,,,Project sponsor / governance lead,Escalate if source baseline decision is not recorded before case approval,NOT_ESCALATED,Batch 010 SRS is explicitly approval-pending
B01-D4,GLOBAL,,,,,Authorize B01 execution or keep on HOLD,Business owner + UAT lead,,"Confirm D1-D3, E1-E13 evidence, environment/build/testers/window and defect workflow",PENDING,,,,,Project sponsor / governance lead,Escalate if execution authorization is absent at planned UAT start,NOT_ESCALATED,Execution authorization must remain NO until complete
B01-D2-REQ-46301,REQUIREMENT,REQ-46301,B01-463-01,463,SRS-FR-2323,Approve testable acceptance source or return for clarification,Requirements owner + business owner,,"Provide exact approved source locator, actor/role/tenant, preconditions, business rules, positive/negative cases, measurable expected result and evidence plan",PENDING,,,,,Requirements lead / project sponsor,Escalate on missed owner-agreed target date or unresolved rule blocking case approval,NOT_ESCALATED,No generic criteria or inferred rules accepted
B01-D3-REQ-46301,CASE,REQ-46301,B01-463-01,463,SRS-FR-2323,Approve / approve with changes / reject the requirement-level UAT case,Business reviewer / UAT lead,,"Review steps, approved data, positive/negative paths, exact expected result, evidence capture plan and traceability",PENDING,,,,,Business owner / project sponsor,Escalate on missed owner-agreed review date or unresolved case blocking batch execution,NOT_ESCALATED,Case approval follows D1 and D2; execution remains unauthorized
B01-D2-REQ-46302,REQUIREMENT,REQ-46302,B01-463-02,463,SRS-FR-2324,Approve testable acceptance source or return for clarification,Requirements owner + business owner,,"Provide exact approved source locator, actor/role/tenant, preconditions, business rules, positive/negative cases, measurable expected result and evidence plan",PENDING,,,,,Requirements lead / project sponsor,Escalate on missed owner-agreed target date or unresolved rule blocking case approval,NOT_ESCALATED,No generic criteria or inferred rules accepted
B01-D3-REQ-46302,CASE,REQ-46302,B01-463-02,463,SRS-FR-2324,Approve / approve with changes / reject the requirement-level UAT case,Business reviewer / UAT lead,,"Review steps, approved data, positive/negative paths, exact expected result, evidence capture plan and traceability",PENDING,,,,,Business owner / project sponsor,Escalate on missed owner-agreed review date or unresolved case blocking batch execution,NOT_ESCALATED,Case approval follows D1 and D2; execution remains unauthorized
B01-D2-REQ-46303,REQUIREMENT,REQ-46303,B01-463-03,463,SRS-FR-2325,Approve testable acceptance source or return for clarification,Requirements owner + business owner,,"Provide exact approved source locator, actor/role/tenant, preconditions, business rules, positive/negative cases, measurable expected result and evidence plan",PENDING,,,,,Requirements lead / project sponsor,Escalate on missed owner-agreed target date or unresolved rule blocking case approval,NOT_ESCALATED,No generic criteria or inferred rules accepted
B01-D3-REQ-46303,CASE,REQ-46303,B01-463-03,463,SRS-FR-2325,Approve / approve with changes / reject the requirement-level UAT case,Business reviewer / UAT lead,,"Review steps, approved data, positive/negative paths, exact expected result, evidence capture plan and traceability",PENDING,,,,,Business owner / project sponsor,Escalate on missed owner-agreed review date or unresolved case blocking batch execution,NOT_ESCALATED,Case approval follows D1 and D2; execution remains unauthorized
B01-D2-REQ-46304,REQUIREMENT,REQ-46304,B01-463-04,463,SRS-FR-2326,Approve testable acceptance source or return for clarification,Requirements owner + business owner,,"Provide exact approved source locator, actor/role/tenant, preconditions, business rules, positive/negative cases, measurable expected result and evidence plan",PENDING,,,,,Requirements lead / project sponsor,Escalate on missed owner-agreed target date or unresolved rule blocking case approval,NOT_ESCALATED,No generic criteria or inferred rules accepted
B01-D3-REQ-46304,CASE,REQ-46304,B01-463-04,463,SRS-FR-2326,Approve / approve with changes / reject the requirement-level UAT case,Business reviewer / UAT lead,,"Review steps, approved data, positive/negative paths, exact expected result, evidence capture plan and traceability",PENDING,,,,,Business owner / project sponsor,Escalate on missed owner-agreed review date or unresolved case blocking batch execution,NOT_ESCALATED,Case approval follows D1 and D2; execution remains unauthorized
B01-D2-REQ-46305,REQUIREMENT,REQ-46305,B01-463-05,463,SRS-FR-2327,Approve testable acceptance source or return for clarification,Requirements owner + business owner,,"Provide exact approved source locator, actor/role/tenant, preconditions, business rules, positive/negative cases, measurable expected result and evidence plan",PENDING,,,,,Requirements lead / project sponsor,Escalate on missed owner-agreed target date or unresolved rule blocking case approval,NOT_ESCALATED,No generic criteria or inferred rules accepted
B01-D3-REQ-46305,CASE,REQ-46305,B01-463-05,463,SRS-FR-2327,Approve / approve with changes / reject the requirement-level UAT case,Business reviewer / UAT lead,,"Review steps, approved data, positive/negative paths, exact expected result, evidence capture plan and traceability",PENDING,,,,,Business owner / project sponsor,Escalate on missed owner-agreed review date or unresolved case blocking batch execution,NOT_ESCALATED,Case approval follows D1 and D2; execution remains unauthorized
B01-D2-REQ-46306,REQUIREMENT,REQ-46306,B01-463-06,463,SRS-FR-2328,Approve testable acceptance source or return for clarification,Requirements owner + business owner,,"Provide exact approved source locator, actor/role/tenant, preconditions, business rules, positive/negative cases, measurable expected result and evidence plan",PENDING,,,,,Requirements lead / project sponsor,Escalate on missed owner-agreed target date or unresolved rule blocking case approval,NOT_ESCALATED,No generic criteria or inferred rules accepted
B01-D3-REQ-46306,CASE,REQ-46306,B01-463-06,463,SRS-FR-2328,Approve / approve with changes / reject the requirement-level UAT case,Business reviewer / UAT lead,,"Review steps, approved data, positive/negative paths, exact expected result, evidence capture plan and traceability",PENDING,,,,,Business owner / project sponsor,Escalate on missed owner-agreed review date or unresolved case blocking batch execution,NOT_ESCALATED,Case approval follows D1 and D2; execution remains unauthorized
B01-D2-REQ-46401,REQUIREMENT,REQ-46401,B01-464-01,464,SRS-FR-2329,Approve testable acceptance source or return for clarification,Requirements owner + business owner,,"Provide exact approved source locator, actor/role/tenant, preconditions, business rules, positive/negative cases, measurable expected result and evidence plan",PENDING,,,,,Requirements lead / project sponsor,Escalate on missed owner-agreed target date or unresolved rule blocking case approval,NOT_ESCALATED,No generic criteria or inferred rules accepted
B01-D3-REQ-46401,CASE,REQ-46401,B01-464-01,464,SRS-FR-2329,Approve / approve with changes / reject the requirement-level UAT case,Business reviewer / UAT lead,,"Review steps, approved data, positive/negative paths, exact expected result, evidence capture plan and traceability",PENDING,,,,,Business owner / project sponsor,Escalate on missed owner-agreed review date or unresolved case blocking batch execution,NOT_ESCALATED,Case approval follows D1 and D2; execution remains unauthorized
B01-D2-REQ-46402,REQUIREMENT,REQ-46402,B01-464-02,464,SRS-FR-2330,Approve testable acceptance source or return for clarification,Requirements owner + business owner,,"Provide exact approved source locator, actor/role/tenant, preconditions, business rules, positive/negative cases, measurable expected result and evidence plan",PENDING,,,,,Requirements lead / project sponsor,Escalate on missed owner-agreed target date or unresolved rule blocking case approval,NOT_ESCALATED,No generic criteria or inferred rules accepted
B01-D3-REQ-46402,CASE,REQ-46402,B01-464-02,464,SRS-FR-2330,Approve / approve with changes / reject the requirement-level UAT case,Business reviewer / UAT lead,,"Review steps, approved data, positive/negative paths, exact expected result, evidence capture plan and traceability",PENDING,,,,,Business owner / project sponsor,Escalate on missed owner-agreed review date or unresolved case blocking batch execution,NOT_ESCALATED,Case approval follows D1 and D2; execution remains unauthorized
B01-D2-REQ-46403,REQUIREMENT,REQ-46403,B01-464-03,464,SRS-FR-2331,Approve testable acceptance source or return for clarification,Requirements owner + business owner,,"Provide exact approved source locator, actor/role/tenant, preconditions, business rules, positive/negative cases, measurable expected result and evidence plan",PENDING,,,,,Requirements lead / project sponsor,Escalate on missed owner-agreed target date or unresolved rule blocking case approval,NOT_ESCALATED,No generic criteria or inferred rules accepted
B01-D3-REQ-46403,CASE,REQ-46403,B01-464-03,464,SRS-FR-2331,Approve / approve with changes / reject the requirement-level UAT case,Business reviewer / UAT lead,,"Review steps, approved data, positive/negative paths, exact expected result, evidence capture plan and traceability",PENDING,,,,,Business owner / project sponsor,Escalate on missed owner-agreed review date or unresolved case blocking batch execution,NOT_ESCALATED,Case approval follows D1 and D2; execution remains unauthorized
B01-D2-REQ-46404,REQUIREMENT,REQ-46404,B01-464-04,464,SRS-FR-2332,Approve testable acceptance source or return for clarification,Requirements owner + business owner,,"Provide exact approved source locator, actor/role/tenant, preconditions, business rules, positive/negative cases, measurable expected result and evidence plan",PENDING,,,,,Requirements lead / project sponsor,Escalate on missed owner-agreed target date or unresolved rule blocking case approval,NOT_ESCALATED,No generic criteria or inferred rules accepted
B01-D3-REQ-46404,CASE,REQ-46404,B01-464-04,464,SRS-FR-2332,Approve / approve with changes / reject the requirement-level UAT case,Business reviewer / UAT lead,,"Review steps, approved data, positive/negative paths, exact expected result, evidence capture plan and traceability",PENDING,,,,,Business owner / project sponsor,Escalate on missed owner-agreed review date or unresolved case blocking batch execution,NOT_ESCALATED,Case approval follows D1 and D2; execution remains unauthorized
B01-D2-REQ-46405,REQUIREMENT,REQ-46405,B01-464-05,464,SRS-FR-2333,Approve testable acceptance source or return for clarification,Requirements owner + business owner,,"Provide exact approved source locator, actor/role/tenant, preconditions, business rules, positive/negative cases, measurable expected result and evidence plan",PENDING,,,,,Requirements lead / project sponsor,Escalate on missed owner-agreed target date or unresolved rule blocking case approval,NOT_ESCALATED,No generic criteria or inferred rules accepted
B01-D3-REQ-46405,CASE,REQ-46405,B01-464-05,464,SRS-FR-2333,Approve / approve with changes / reject the requirement-level UAT case,Business reviewer / UAT lead,,"Review steps, approved data, positive/negative paths, exact expected result, evidence capture plan and traceability",PENDING,,,,,Business owner / project sponsor,Escalate on missed owner-agreed review date or unresolved case blocking batch execution,NOT_ESCALATED,Case approval follows D1 and D2; execution remains unauthorized
B01-D2-REQ-46406,REQUIREMENT,REQ-46406,B01-464-06,464,SRS-FR-2334,Approve testable acceptance source or return for clarification,Requirements owner + business owner,,"Provide exact approved source locator, actor/role/tenant, preconditions, business rules, positive/negative cases, measurable expected result and evidence plan",PENDING,,,,,Requirements lead / project sponsor,Escalate on missed owner-agreed target date or unresolved rule blocking case approval,NOT_ESCALATED,No generic criteria or inferred rules accepted
B01-D3-REQ-46406,CASE,REQ-46406,B01-464-06,464,SRS-FR-2334,Approve / approve with changes / reject the requirement-level UAT case,Business reviewer / UAT lead,,"Review steps, approved data, positive/negative paths, exact expected result, evidence capture plan and traceability",PENDING,,,,,Business owner / project sponsor,Escalate on missed owner-agreed review date or unresolved case blocking batch execution,NOT_ESCALATED,Case approval follows D1 and D2; execution remains unauthorized
B01-D2-REQ-46501,REQUIREMENT,REQ-46501,B01-465-01,465,SRS-FR-2335,Approve testable acceptance source or return for clarification,Requirements owner + business owner,,"Provide exact approved source locator, actor/role/tenant, preconditions, business rules, positive/negative cases, measurable expected result and evidence plan",PENDING,,,,,Requirements lead / project sponsor,Escalate on missed owner-agreed target date or unresolved rule blocking case approval,NOT_ESCALATED,No generic criteria or inferred rules accepted
B01-D3-REQ-46501,CASE,REQ-46501,B01-465-01,465,SRS-FR-2335,Approve / approve with changes / reject the requirement-level UAT case,Business reviewer / UAT lead,,"Review steps, approved data, positive/negative paths, exact expected result, evidence capture plan and traceability",PENDING,,,,,Business owner / project sponsor,Escalate on missed owner-agreed review date or unresolved case blocking batch execution,NOT_ESCALATED,Case approval follows D1 and D2; execution remains unauthorized
B01-D2-REQ-46502,REQUIREMENT,REQ-46502,B01-465-02,465,SRS-FR-2336,Approve testable acceptance source or return for clarification,Requirements owner + business owner,,"Provide exact approved source locator, actor/role/tenant, preconditions, business rules, positive/negative cases, measurable expected result and evidence plan",PENDING,,,,,Requirements lead / project sponsor,Escalate on missed owner-agreed target date or unresolved rule blocking case approval,NOT_ESCALATED,No generic criteria or inferred rules accepted
B01-D3-REQ-46502,CASE,REQ-46502,B01-465-02,465,SRS-FR-2336,Approve / approve with changes / reject the requirement-level UAT case,Business reviewer / UAT lead,,"Review steps, approved data, positive/negative paths, exact expected result, evidence capture plan and traceability",PENDING,,,,,Business owner / project sponsor,Escalate on missed owner-agreed review date or unresolved case blocking batch execution,NOT_ESCALATED,Case approval follows D1 and D2; execution remains unauthorized
B01-D2-REQ-46503,REQUIREMENT,REQ-46503,B01-465-03,465,SRS-FR-2337,Approve testable acceptance source or return for clarification,Requirements owner + business owner,,"Provide exact approved source locator, actor/role/tenant, preconditions, business rules, positive/negative cases, measurable expected result and evidence plan",PENDING,,,,,Requirements lead / project sponsor,Escalate on missed owner-agreed target date or unresolved rule blocking case approval,NOT_ESCALATED,No generic criteria or inferred rules accepted
B01-D3-REQ-46503,CASE,REQ-46503,B01-465-03,465,SRS-FR-2337,Approve / approve with changes / reject the requirement-level UAT case,Business reviewer / UAT lead,,"Review steps, approved data, positive/negative paths, exact expected result, evidence capture plan and traceability",PENDING,,,,,Business owner / project sponsor,Escalate on missed owner-agreed review date or unresolved case blocking batch execution,NOT_ESCALATED,Case approval follows D1 and D2; execution remains unauthorized
B01-D2-REQ-46504,REQUIREMENT,REQ-46504,B01-465-04,465,SRS-FR-2338,Approve testable acceptance source or return for clarification,Requirements owner + business owner,,"Provide exact approved source locator, actor/role/tenant, preconditions, business rules, positive/negative cases, measurable expected result and evidence plan",PENDING,,,,,Requirements lead / project sponsor,Escalate on missed owner-agreed target date or unresolved rule blocking case approval,NOT_ESCALATED,No generic criteria or inferred rules accepted
B01-D3-REQ-46504,CASE,REQ-46504,B01-465-04,465,SRS-FR-2338,Approve / approve with changes / reject the requirement-level UAT case,Business reviewer / UAT lead,,"Review steps, approved data, positive/negative paths, exact expected result, evidence capture plan and traceability",PENDING,,,,,Business owner / project sponsor,Escalate on missed owner-agreed review date or unresolved case blocking batch execution,NOT_ESCALATED,Case approval follows D1 and D2; execution remains unauthorized
B01-D2-REQ-46505,REQUIREMENT,REQ-46505,B01-465-05,465,SRS-FR-2339,Approve testable acceptance source or return for clarification,Requirements owner + business owner,,"Provide exact approved source locator, actor/role/tenant, preconditions, business rules, positive/negative cases, measurable expected result and evidence plan",PENDING,,,,,Requirements lead / project sponsor,Escalate on missed owner-agreed target date or unresolved rule blocking case approval,NOT_ESCALATED,No generic criteria or inferred rules accepted
B01-D3-REQ-46505,CASE,REQ-46505,B01-465-05,465,SRS-FR-2339,Approve / approve with changes / reject the requirement-level UAT case,Business reviewer / UAT lead,,"Review steps, approved data, positive/negative paths, exact expected result, evidence capture plan and traceability",PENDING,,,,,Business owner / project sponsor,Escalate on missed owner-agreed review date or unresolved case blocking batch execution,NOT_ESCALATED,Case approval follows D1 and D2; execution remains unauthorized
B01-D2-REQ-46506,REQUIREMENT,REQ-46506,B01-465-06,465,SRS-FR-2340,Approve testable acceptance source or return for clarification,Requirements owner + business owner,,"Provide exact approved source locator, actor/role/tenant, preconditions, business rules, positive/negative cases, measurable expected result and evidence plan",PENDING,,,,,Requirements lead / project sponsor,Escalate on missed owner-agreed target date or unresolved rule blocking case approval,NOT_ESCALATED,No generic criteria or inferred rules accepted
B01-D3-REQ-46506,CASE,REQ-46506,B01-465-06,465,SRS-FR-2340,Approve / approve with changes / reject the requirement-level UAT case,Business reviewer / UAT lead,,"Review steps, approved data, positive/negative paths, exact expected result, evidence capture plan and traceability",PENDING,,,,,Business owner / project sponsor,Escalate on missed owner-agreed review date or unresolved case blocking batch execution,NOT_ESCALATED,Case approval follows D1 and D2; execution remains unauthorized
B01-D2-REQ-46601,REQUIREMENT,REQ-46601,B01-466-01,466,SRS-FR-2341,Approve testable acceptance source or return for clarification,Requirements owner + business owner,,"Provide exact approved source locator, actor/role/tenant, preconditions, business rules, positive/negative cases, measurable expected result and evidence plan",PENDING,,,,,Requirements lead / project sponsor,Escalate on missed owner-agreed target date or unresolved rule blocking case approval,NOT_ESCALATED,No generic criteria or inferred rules accepted
B01-D3-REQ-46601,CASE,REQ-46601,B01-466-01,466,SRS-FR-2341,Approve / approve with changes / reject the requirement-level UAT case,Business reviewer / UAT lead,,"Review steps, approved data, positive/negative paths, exact expected result, evidence capture plan and traceability",PENDING,,,,,Business owner / project sponsor,Escalate on missed owner-agreed review date or unresolved case blocking batch execution,NOT_ESCALATED,Case approval follows D1 and D2; execution remains unauthorized
B01-D2-REQ-46602,REQUIREMENT,REQ-46602,B01-466-02,466,SRS-FR-2342,Approve testable acceptance source or return for clarification,Requirements owner + business owner,,"Provide exact approved source locator, actor/role/tenant, preconditions, business rules, positive/negative cases, measurable expected result and evidence plan",PENDING,,,,,Requirements lead / project sponsor,Escalate on missed owner-agreed target date or unresolved rule blocking case approval,NOT_ESCALATED,No generic criteria or inferred rules accepted
B01-D3-REQ-46602,CASE,REQ-46602,B01-466-02,466,SRS-FR-2342,Approve / approve with changes / reject the requirement-level UAT case,Business reviewer / UAT lead,,"Review steps, approved data, positive/negative paths, exact expected result, evidence capture plan and traceability",PENDING,,,,,Business owner / project sponsor,Escalate on missed owner-agreed review date or unresolved case blocking batch execution,NOT_ESCALATED,Case approval follows D1 and D2; execution remains unauthorized
B01-D2-REQ-46603,REQUIREMENT,REQ-46603,B01-466-03,466,SRS-FR-2343,Approve testable acceptance source or return for clarification,Requirements owner + business owner,,"Provide exact approved source locator, actor/role/tenant, preconditions, business rules, positive/negative cases, measurable expected result and evidence plan",PENDING,,,,,Requirements lead / project sponsor,Escalate on missed owner-agreed target date or unresolved rule blocking case approval,NOT_ESCALATED,No generic criteria or inferred rules accepted
B01-D3-REQ-46603,CASE,REQ-46603,B01-466-03,466,SRS-FR-2343,Approve / approve with changes / reject the requirement-level UAT case,Business reviewer / UAT lead,,"Review steps, approved data, positive/negative paths, exact expected result, evidence capture plan and traceability",PENDING,,,,,Business owner / project sponsor,Escalate on missed owner-agreed review date or unresolved case blocking batch execution,NOT_ESCALATED,Case approval follows D1 and D2; execution remains unauthorized
B01-D2-REQ-46604,REQUIREMENT,REQ-46604,B01-466-04,466,SRS-FR-2344,Approve testable acceptance source or return for clarification,Requirements owner + business owner,,"Provide exact approved source locator, actor/role/tenant, preconditions, business rules, positive/negative cases, measurable expected result and evidence plan",PENDING,,,,,Requirements lead / project sponsor,Escalate on missed owner-agreed target date or unresolved rule blocking case approval,NOT_ESCALATED,No generic criteria or inferred rules accepted
B01-D3-REQ-46604,CASE,REQ-46604,B01-466-04,466,SRS-FR-2344,Approve / approve with changes / reject the requirement-level UAT case,Business reviewer / UAT lead,,"Review steps, approved data, positive/negative paths, exact expected result, evidence capture plan and traceability",PENDING,,,,,Business owner / project sponsor,Escalate on missed owner-agreed review date or unresolved case blocking batch execution,NOT_ESCALATED,Case approval follows D1 and D2; execution remains unauthorized
B01-D2-REQ-46605,REQUIREMENT,REQ-46605,B01-466-05,466,SRS-FR-2345,Approve testable acceptance source or return for clarification,Requirements owner + business owner,,"Provide exact approved source locator, actor/role/tenant, preconditions, business rules, positive/negative cases, measurable expected result and evidence plan",PENDING,,,,,Requirements lead / project sponsor,Escalate on missed owner-agreed target date or unresolved rule blocking case approval,NOT_ESCALATED,No generic criteria or inferred rules accepted
B01-D3-REQ-46605,CASE,REQ-46605,B01-466-05,466,SRS-FR-2345,Approve / approve with changes / reject the requirement-level UAT case,Business reviewer / UAT lead,,"Review steps, approved data, positive/negative paths, exact expected result, evidence capture plan and traceability",PENDING,,,,,Business owner / project sponsor,Escalate on missed owner-agreed review date or unresolved case blocking batch execution,NOT_ESCALATED,Case approval follows D1 and D2; execution remains unauthorized
B01-D2-REQ-46606,REQUIREMENT,REQ-46606,B01-466-06,466,SRS-FR-2346,Approve testable acceptance source or return for clarification,Requirements owner + business owner,,"Provide exact approved source locator, actor/role/tenant, preconditions, business rules, positive/negative cases, measurable expected result and evidence plan",PENDING,,,,,Requirements lead / project sponsor,Escalate on missed owner-agreed target date or unresolved rule blocking case approval,NOT_ESCALATED,No generic criteria or inferred rules accepted
B01-D3-REQ-46606,CASE,REQ-46606,B01-466-06,466,SRS-FR-2346,Approve / approve with changes / reject the requirement-level UAT case,Business reviewer / UAT lead,,"Review steps, approved data, positive/negative paths, exact expected result, evidence capture plan and traceability",PENDING,,,,,Business owner / project sponsor,Escalate on missed owner-agreed review date or unresolved case blocking batch execution,NOT_ESCALATED,Case approval follows D1 and D2; execution remains unauthorized
B01-D2-REQ-46701,REQUIREMENT,REQ-46701,B01-467-01,467,SRS-FR-2347,Approve testable acceptance source or return for clarification,Requirements owner + business owner,,"Provide exact approved source locator, actor/role/tenant, preconditions, business rules, positive/negative cases, measurable expected result and evidence plan",PENDING,,,,,Requirements lead / project sponsor,Escalate on missed owner-agreed target date or unresolved rule blocking case approval,NOT_ESCALATED,No generic criteria or inferred rules accepted
B01-D3-REQ-46701,CASE,REQ-46701,B01-467-01,467,SRS-FR-2347,Approve / approve with changes / reject the requirement-level UAT case,Business reviewer / UAT lead,,"Review steps, approved data, positive/negative paths, exact expected result, evidence capture plan and traceability",PENDING,,,,,Business owner / project sponsor,Escalate on missed owner-agreed review date or unresolved case blocking batch execution,NOT_ESCALATED,Case approval follows D1 and D2; execution remains unauthorized
B01-D2-REQ-46702,REQUIREMENT,REQ-46702,B01-467-02,467,SRS-FR-2348,Approve testable acceptance source or return for clarification,Requirements owner + business owner,,"Provide exact approved source locator, actor/role/tenant, preconditions, business rules, positive/negative cases, measurable expected result and evidence plan",PENDING,,,,,Requirements lead / project sponsor,Escalate on missed owner-agreed target date or unresolved rule blocking case approval,NOT_ESCALATED,No generic criteria or inferred rules accepted
B01-D3-REQ-46702,CASE,REQ-46702,B01-467-02,467,SRS-FR-2348,Approve / approve with changes / reject the requirement-level UAT case,Business reviewer / UAT lead,,"Review steps, approved data, positive/negative paths, exact expected result, evidence capture plan and traceability",PENDING,,,,,Business owner / project sponsor,Escalate on missed owner-agreed review date or unresolved case blocking batch execution,NOT_ESCALATED,Case approval follows D1 and D2; execution remains unauthorized
B01-D2-REQ-46703,REQUIREMENT,REQ-46703,B01-467-03,467,SRS-FR-2349,Approve testable acceptance source or return for clarification,Requirements owner + business owner,,"Provide exact approved source locator, actor/role/tenant, preconditions, business rules, positive/negative cases, measurable expected result and evidence plan",PENDING,,,,,Requirements lead / project sponsor,Escalate on missed owner-agreed target date or unresolved rule blocking case approval,NOT_ESCALATED,No generic criteria or inferred rules accepted
B01-D3-REQ-46703,CASE,REQ-46703,B01-467-03,467,SRS-FR-2349,Approve / approve with changes / reject the requirement-level UAT case,Business reviewer / UAT lead,,"Review steps, approved data, positive/negative paths, exact expected result, evidence capture plan and traceability",PENDING,,,,,Business owner / project sponsor,Escalate on missed owner-agreed review date or unresolved case blocking batch execution,NOT_ESCALATED,Case approval follows D1 and D2; execution remains unauthorized
B01-D2-REQ-46704,REQUIREMENT,REQ-46704,B01-467-04,467,SRS-FR-2350,Approve testable acceptance source or return for clarification,Requirements owner + business owner,,"Provide exact approved source locator, actor/role/tenant, preconditions, business rules, positive/negative cases, measurable expected result and evidence plan",PENDING,,,,,Requirements lead / project sponsor,Escalate on missed owner-agreed target date or unresolved rule blocking case approval,NOT_ESCALATED,No generic criteria or inferred rules accepted
B01-D3-REQ-46704,CASE,REQ-46704,B01-467-04,467,SRS-FR-2350,Approve / approve with changes / reject the requirement-level UAT case,Business reviewer / UAT lead,,"Review steps, approved data, positive/negative paths, exact expected result, evidence capture plan and traceability",PENDING,,,,,Business owner / project sponsor,Escalate on missed owner-agreed review date or unresolved case blocking batch execution,NOT_ESCALATED,Case approval follows D1 and D2; execution remains unauthorized
B01-D2-REQ-46705,REQUIREMENT,REQ-46705,B01-467-05,467,SRS-FR-2351,Approve testable acceptance source or return for clarification,Requirements owner + business owner,,"Provide exact approved source locator, actor/role/tenant, preconditions, business rules, positive/negative cases, measurable expected result and evidence plan",PENDING,,,,,Requirements lead / project sponsor,Escalate on missed owner-agreed target date or unresolved rule blocking case approval,NOT_ESCALATED,No generic criteria or inferred rules accepted
B01-D3-REQ-46705,CASE,REQ-46705,B01-467-05,467,SRS-FR-2351,Approve / approve with changes / reject the requirement-level UAT case,Business reviewer / UAT lead,,"Review steps, approved data, positive/negative paths, exact expected result, evidence capture plan and traceability",PENDING,,,,,Business owner / project sponsor,Escalate on missed owner-agreed review date or unresolved case blocking batch execution,NOT_ESCALATED,Case approval follows D1 and D2; execution remains unauthorized
B01-D2-REQ-46706,REQUIREMENT,REQ-46706,B01-467-06,467,SRS-FR-2352,Approve testable acceptance source or return for clarification,Requirements owner + business owner,,"Provide exact approved source locator, actor/role/tenant, preconditions, business rules, positive/negative cases, measurable expected result and evidence plan",PENDING,,,,,Requirements lead / project sponsor,Escalate on missed owner-agreed target date or unresolved rule blocking case approval,NOT_ESCALATED,No generic criteria or inferred rules accepted
B01-D3-REQ-46706,CASE,REQ-46706,B01-467-06,467,SRS-FR-2352,Approve / approve with changes / reject the requirement-level UAT case,Business reviewer / UAT lead,,"Review steps, approved data, positive/negative paths, exact expected result, evidence capture plan and traceability",PENDING,,,,,Business owner / project sponsor,Escalate on missed owner-agreed review date or unresolved case blocking batch execution,NOT_ESCALATED,Case approval follows D1 and D2; execution remains unauthorized
B01-D2-REQ-46801,REQUIREMENT,REQ-46801,B01-468-01,468,SRS-FR-2353,Approve testable acceptance source or return for clarification,Requirements owner + business owner,,"Provide exact approved source locator, actor/role/tenant, preconditions, business rules, positive/negative cases, measurable expected result and evidence plan",PENDING,,,,,Requirements lead / project sponsor,Escalate on missed owner-agreed target date or unresolved rule blocking case approval,NOT_ESCALATED,No generic criteria or inferred rules accepted
B01-D3-REQ-46801,CASE,REQ-46801,B01-468-01,468,SRS-FR-2353,Approve / approve with changes / reject the requirement-level UAT case,Business reviewer / UAT lead,,"Review steps, approved data, positive/negative paths, exact expected result, evidence capture plan and traceability",PENDING,,,,,Business owner / project sponsor,Escalate on missed owner-agreed review date or unresolved case blocking batch execution,NOT_ESCALATED,Case approval follows D1 and D2; execution remains unauthorized
B01-D2-REQ-46802,REQUIREMENT,REQ-46802,B01-468-02,468,SRS-FR-2354,Approve testable acceptance source or return for clarification,Requirements owner + business owner,,"Provide exact approved source locator, actor/role/tenant, preconditions, business rules, positive/negative cases, measurable expected result and evidence plan",PENDING,,,,,Requirements lead / project sponsor,Escalate on missed owner-agreed target date or unresolved rule blocking case approval,NOT_ESCALATED,No generic criteria or inferred rules accepted
B01-D3-REQ-46802,CASE,REQ-46802,B01-468-02,468,SRS-FR-2354,Approve / approve with changes / reject the requirement-level UAT case,Business reviewer / UAT lead,,"Review steps, approved data, positive/negative paths, exact expected result, evidence capture plan and traceability",PENDING,,,,,Business owner / project sponsor,Escalate on missed owner-agreed review date or unresolved case blocking batch execution,NOT_ESCALATED,Case approval follows D1 and D2; execution remains unauthorized
B01-D2-REQ-46803,REQUIREMENT,REQ-46803,B01-468-03,468,SRS-FR-2355,Approve testable acceptance source or return for clarification,Requirements owner + business owner,,"Provide exact approved source locator, actor/role/tenant, preconditions, business rules, positive/negative cases, measurable expected result and evidence plan",PENDING,,,,,Requirements lead / project sponsor,Escalate on missed owner-agreed target date or unresolved rule blocking case approval,NOT_ESCALATED,No generic criteria or inferred rules accepted
B01-D3-REQ-46803,CASE,REQ-46803,B01-468-03,468,SRS-FR-2355,Approve / approve with changes / reject the requirement-level UAT case,Business reviewer / UAT lead,,"Review steps, approved data, positive/negative paths, exact expected result, evidence capture plan and traceability",PENDING,,,,,Business owner / project sponsor,Escalate on missed owner-agreed review date or unresolved case blocking batch execution,NOT_ESCALATED,Case approval follows D1 and D2; execution remains unauthorized
B01-D2-REQ-46804,REQUIREMENT,REQ-46804,B01-468-04,468,SRS-FR-2356,Approve testable acceptance source or return for clarification,Requirements owner + business owner,,"Provide exact approved source locator, actor/role/tenant, preconditions, business rules, positive/negative cases, measurable expected result and evidence plan",PENDING,,,,,Requirements lead / project sponsor,Escalate on missed owner-agreed target date or unresolved rule blocking case approval,NOT_ESCALATED,No generic criteria or inferred rules accepted
B01-D3-REQ-46804,CASE,REQ-46804,B01-468-04,468,SRS-FR-2356,Approve / approve with changes / reject the requirement-level UAT case,Business reviewer / UAT lead,,"Review steps, approved data, positive/negative paths, exact expected result, evidence capture plan and traceability",PENDING,,,,,Business owner / project sponsor,Escalate on missed owner-agreed review date or unresolved case blocking batch execution,NOT_ESCALATED,Case approval follows D1 and D2; execution remains unauthorized
B01-D2-REQ-46805,REQUIREMENT,REQ-46805,B01-468-05,468,SRS-FR-2357,Approve testable acceptance source or return for clarification,Requirements owner + business owner,,"Provide exact approved source locator, actor/role/tenant, preconditions, business rules, positive/negative cases, measurable expected result and evidence plan",PENDING,,,,,Requirements lead / project sponsor,Escalate on missed owner-agreed target date or unresolved rule blocking case approval,NOT_ESCALATED,No generic criteria or inferred rules accepted
B01-D3-REQ-46805,CASE,REQ-46805,B01-468-05,468,SRS-FR-2357,Approve / approve with changes / reject the requirement-level UAT case,Business reviewer / UAT lead,,"Review steps, approved data, positive/negative paths, exact expected result, evidence capture plan and traceability",PENDING,,,,,Business owner / project sponsor,Escalate on missed owner-agreed review date or unresolved case blocking batch execution,NOT_ESCALATED,Case approval follows D1 and D2; execution remains unauthorized
B01-D2-REQ-46806,REQUIREMENT,REQ-46806,B01-468-06,468,SRS-FR-2358,Approve testable acceptance source or return for clarification,Requirements owner + business owner,,"Provide exact approved source locator, actor/role/tenant, preconditions, business rules, positive/negative cases, measurable expected result and evidence plan",PENDING,,,,,Requirements lead / project sponsor,Escalate on missed owner-agreed target date or unresolved rule blocking case approval,NOT_ESCALATED,No generic criteria or inferred rules accepted
B01-D3-REQ-46806,CASE,REQ-46806,B01-468-06,468,SRS-FR-2358,Approve / approve with changes / reject the requirement-level UAT case,Business reviewer / UAT lead,,"Review steps, approved data, positive/negative paths, exact expected result, evidence capture plan and traceability",PENDING,,,,,Business owner / project sponsor,Escalate on missed owner-agreed review date or unresolved case blocking batch execution,NOT_ESCALATED,Case approval follows D1 and D2; execution remains unauthorized
B01-D2-REQ-46901,REQUIREMENT,REQ-46901,B01-469-01,469,SRS-FR-2359,Approve testable acceptance source or return for clarification,Requirements owner + business owner,,"Provide exact approved source locator, actor/role/tenant, preconditions, business rules, positive/negative cases, measurable expected result and evidence plan",PENDING,,,,,Requirements lead / project sponsor,Escalate on missed owner-agreed target date or unresolved rule blocking case approval,NOT_ESCALATED,No generic criteria or inferred rules accepted
B01-D3-REQ-46901,CASE,REQ-46901,B01-469-01,469,SRS-FR-2359,Approve / approve with changes / reject the requirement-level UAT case,Business reviewer / UAT lead,,"Review steps, approved data, positive/negative paths, exact expected result, evidence capture plan and traceability",PENDING,,,,,Business owner / project sponsor,Escalate on missed owner-agreed review date or unresolved case blocking batch execution,NOT_ESCALATED,Case approval follows D1 and D2; execution remains unauthorized
B01-D2-REQ-46902,REQUIREMENT,REQ-46902,B01-469-02,469,SRS-FR-2360,Approve testable acceptance source or return for clarification,Requirements owner + business owner,,"Provide exact approved source locator, actor/role/tenant, preconditions, business rules, positive/negative cases, measurable expected result and evidence plan",PENDING,,,,,Requirements lead / project sponsor,Escalate on missed owner-agreed target date or unresolved rule blocking case approval,NOT_ESCALATED,No generic criteria or inferred rules accepted
B01-D3-REQ-46902,CASE,REQ-46902,B01-469-02,469,SRS-FR-2360,Approve / approve with changes / reject the requirement-level UAT case,Business reviewer / UAT lead,,"Review steps, approved data, positive/negative paths, exact expected result, evidence capture plan and traceability",PENDING,,,,,Business owner / project sponsor,Escalate on missed owner-agreed review date or unresolved case blocking batch execution,NOT_ESCALATED,Case approval follows D1 and D2; execution remains unauthorized
B01-D2-REQ-46903,REQUIREMENT,REQ-46903,B01-469-03,469,SRS-FR-2361,Approve testable acceptance source or return for clarification,Requirements owner + business owner,,"Provide exact approved source locator, actor/role/tenant, preconditions, business rules, positive/negative cases, measurable expected result and evidence plan",PENDING,,,,,Requirements lead / project sponsor,Escalate on missed owner-agreed target date or unresolved rule blocking case approval,NOT_ESCALATED,No generic criteria or inferred rules accepted
B01-D3-REQ-46903,CASE,REQ-46903,B01-469-03,469,SRS-FR-2361,Approve / approve with changes / reject the requirement-level UAT case,Business reviewer / UAT lead,,"Review steps, approved data, positive/negative paths, exact expected result, evidence capture plan and traceability",PENDING,,,,,Business owner / project sponsor,Escalate on missed owner-agreed review date or unresolved case blocking batch execution,NOT_ESCALATED,Case approval follows D1 and D2; execution remains unauthorized
B01-D2-REQ-46904,REQUIREMENT,REQ-46904,B01-469-04,469,SRS-FR-2362,Approve testable acceptance source or return for clarification,Requirements owner + business owner,,"Provide exact approved source locator, actor/role/tenant, preconditions, business rules, positive/negative cases, measurable expected result and evidence plan",PENDING,,,,,Requirements lead / project sponsor,Escalate on missed owner-agreed target date or unresolved rule blocking case approval,NOT_ESCALATED,No generic criteria or inferred rules accepted
B01-D3-REQ-46904,CASE,REQ-46904,B01-469-04,469,SRS-FR-2362,Approve / approve with changes / reject the requirement-level UAT case,Business reviewer / UAT lead,,"Review steps, approved data, positive/negative paths, exact expected result, evidence capture plan and traceability",PENDING,,,,,Business owner / project sponsor,Escalate on missed owner-agreed review date or unresolved case blocking batch execution,NOT_ESCALATED,Case approval follows D1 and D2; execution remains unauthorized
B01-D2-REQ-46905,REQUIREMENT,REQ-46905,B01-469-05,469,SRS-FR-2363,Approve testable acceptance source or return for clarification,Requirements owner + business owner,,"Provide exact approved source locator, actor/role/tenant, preconditions, business rules, positive/negative cases, measurable expected result and evidence plan",PENDING,,,,,Requirements lead / project sponsor,Escalate on missed owner-agreed target date or unresolved rule blocking case approval,NOT_ESCALATED,No generic criteria or inferred rules accepted
B01-D3-REQ-46905,CASE,REQ-46905,B01-469-05,469,SRS-FR-2363,Approve / approve with changes / reject the requirement-level UAT case,Business reviewer / UAT lead,,"Review steps, approved data, positive/negative paths, exact expected result, evidence capture plan and traceability",PENDING,,,,,Business owner / project sponsor,Escalate on missed owner-agreed review date or unresolved case blocking batch execution,NOT_ESCALATED,Case approval follows D1 and D2; execution remains unauthorized
B01-D2-REQ-46906,REQUIREMENT,REQ-46906,B01-469-06,469,SRS-FR-2364,Approve testable acceptance source or return for clarification,Requirements owner + business owner,,"Provide exact approved source locator, actor/role/tenant, preconditions, business rules, positive/negative cases, measurable expected result and evidence plan",PENDING,,,,,Requirements lead / project sponsor,Escalate on missed owner-agreed target date or unresolved rule blocking case approval,NOT_ESCALATED,No generic criteria or inferred rules accepted
B01-D3-REQ-46906,CASE,REQ-46906,B01-469-06,469,SRS-FR-2364,Approve / approve with changes / reject the requirement-level UAT case,Business reviewer / UAT lead,,"Review steps, approved data, positive/negative paths, exact expected result, evidence capture plan and traceability",PENDING,,,,,Business owner / project sponsor,Escalate on missed owner-agreed review date or unresolved case blocking batch execution,NOT_ESCALATED,Case approval follows D1 and D2; execution remains unauthorized
B01-D2-REQ-47001,REQUIREMENT,REQ-47001,B01-470-01,470,SRS-FR-2365,Approve testable acceptance source or return for clarification,Requirements owner + business owner,,"Provide exact approved source locator, actor/role/tenant, preconditions, business rules, positive/negative cases, measurable expected result and evidence plan",PENDING,,,,,Requirements lead / project sponsor,Escalate on missed owner-agreed target date or unresolved rule blocking case approval,NOT_ESCALATED,No generic criteria or inferred rules accepted
B01-D3-REQ-47001,CASE,REQ-47001,B01-470-01,470,SRS-FR-2365,Approve / approve with changes / reject the requirement-level UAT case,Business reviewer / UAT lead,,"Review steps, approved data, positive/negative paths, exact expected result, evidence capture plan and traceability",PENDING,,,,,Business owner / project sponsor,Escalate on missed owner-agreed review date or unresolved case blocking batch execution,NOT_ESCALATED,Case approval follows D1 and D2; execution remains unauthorized
B01-D2-REQ-47002,REQUIREMENT,REQ-47002,B01-470-02,470,SRS-FR-2366,Approve testable acceptance source or return for clarification,Requirements owner + business owner,,"Provide exact approved source locator, actor/role/tenant, preconditions, business rules, positive/negative cases, measurable expected result and evidence plan",PENDING,,,,,Requirements lead / project sponsor,Escalate on missed owner-agreed target date or unresolved rule blocking case approval,NOT_ESCALATED,No generic criteria or inferred rules accepted
B01-D3-REQ-47002,CASE,REQ-47002,B01-470-02,470,SRS-FR-2366,Approve / approve with changes / reject the requirement-level UAT case,Business reviewer / UAT lead,,"Review steps, approved data, positive/negative paths, exact expected result, evidence capture plan and traceability",PENDING,,,,,Business owner / project sponsor,Escalate on missed owner-agreed review date or unresolved case blocking batch execution,NOT_ESCALATED,Case approval follows D1 and D2; execution remains unauthorized
B01-D2-REQ-47003,REQUIREMENT,REQ-47003,B01-470-03,470,SRS-FR-2367,Approve testable acceptance source or return for clarification,Requirements owner + business owner,,"Provide exact approved source locator, actor/role/tenant, preconditions, business rules, positive/negative cases, measurable expected result and evidence plan",PENDING,,,,,Requirements lead / project sponsor,Escalate on missed owner-agreed target date or unresolved rule blocking case approval,NOT_ESCALATED,No generic criteria or inferred rules accepted
B01-D3-REQ-47003,CASE,REQ-47003,B01-470-03,470,SRS-FR-2367,Approve / approve with changes / reject the requirement-level UAT case,Business reviewer / UAT lead,,"Review steps, approved data, positive/negative paths, exact expected result, evidence capture plan and traceability",PENDING,,,,,Business owner / project sponsor,Escalate on missed owner-agreed review date or unresolved case blocking batch execution,NOT_ESCALATED,Case approval follows D1 and D2; execution remains unauthorized
B01-D2-REQ-47004,REQUIREMENT,REQ-47004,B01-470-04,470,SRS-FR-2368,Approve testable acceptance source or return for clarification,Requirements owner + business owner,,"Provide exact approved source locator, actor/role/tenant, preconditions, business rules, positive/negative cases, measurable expected result and evidence plan",PENDING,,,,,Requirements lead / project sponsor,Escalate on missed owner-agreed target date or unresolved rule blocking case approval,NOT_ESCALATED,No generic criteria or inferred rules accepted
B01-D3-REQ-47004,CASE,REQ-47004,B01-470-04,470,SRS-FR-2368,Approve / approve with changes / reject the requirement-level UAT case,Business reviewer / UAT lead,,"Review steps, approved data, positive/negative paths, exact expected result, evidence capture plan and traceability",PENDING,,,,,Business owner / project sponsor,Escalate on missed owner-agreed review date or unresolved case blocking batch execution,NOT_ESCALATED,Case approval follows D1 and D2; execution remains unauthorized
B01-D2-REQ-47005,REQUIREMENT,REQ-47005,B01-470-05,470,SRS-FR-2369,Approve testable acceptance source or return for clarification,Requirements owner + business owner,,"Provide exact approved source locator, actor/role/tenant, preconditions, business rules, positive/negative cases, measurable expected result and evidence plan",PENDING,,,,,Requirements lead / project sponsor,Escalate on missed owner-agreed target date or unresolved rule blocking case approval,NOT_ESCALATED,No generic criteria or inferred rules accepted
B01-D3-REQ-47005,CASE,REQ-47005,B01-470-05,470,SRS-FR-2369,Approve / approve with changes / reject the requirement-level UAT case,Business reviewer / UAT lead,,"Review steps, approved data, positive/negative paths, exact expected result, evidence capture plan and traceability",PENDING,,,,,Business owner / project sponsor,Escalate on missed owner-agreed review date or unresolved case blocking batch execution,NOT_ESCALATED,Case approval follows D1 and D2; execution remains unauthorized
B01-D2-REQ-47006,REQUIREMENT,REQ-47006,B01-470-06,470,SRS-FR-2370,Approve testable acceptance source or return for clarification,Requirements owner + business owner,,"Provide exact approved source locator, actor/role/tenant, preconditions, business rules, positive/negative cases, measurable expected result and evidence plan",PENDING,,,,,Requirements lead / project sponsor,Escalate on missed owner-agreed target date or unresolved rule blocking case approval,NOT_ESCALATED,No generic criteria or inferred rules accepted
B01-D3-REQ-47006,CASE,REQ-47006,B01-470-06,470,SRS-FR-2370,Approve / approve with changes / reject the requirement-level UAT case,Business reviewer / UAT lead,,"Review steps, approved data, positive/negative paths, exact expected result, evidence capture plan and traceability",PENDING,,,,,Business owner / project sponsor,Escalate on missed owner-agreed review date or unresolved case blocking batch execution,NOT_ESCALATED,Case approval follows D1 and D2; execution remains unauthorized
