requirement_id,srs_id,chapter,pattern_type,capability_family,draft_positive_scenario,candidate_measurable_acceptance_oracle,draft_negative_scenario,approval_status,approval_needed_from,approval_note
REQ-46301,SRS-FR-2323,463,01,authoritative-records,"Create or update a valid record, then read it back using the authorized tenant context; inspect lifecycle/version metadata and event timing.",Valid command persists one authoritative state change; read-back matches committed values; lifecycle/version metadata is present; any lifecycle event is observable only after commit; duplicate idempotency key does not create a second state change where idempotency applies.,Invalid or unauthorized command leaves authoritative state unchanged and emits no success lifecycle event.,DRAFT_FOR_REVIEW_NOT_APPROVED,Business owner + requirements owner + security/audit owner where applicable,"Generic capability-level proposal derived from EM-LLD-001 design patterns; bind domain-specific data, policy thresholds, errors, event/API contracts and measurable timing/SLA to approved BRD/SRS before execution."
REQ-46302,SRS-FR-2324,463,02,authorization,"Exercise an allowed role and a denied role against the same protected material action, including a cross-tenant attempt.",Allowed role succeeds only within its permitted scope; denied or cross-tenant request returns the approved denial response before mutation; authoritative state remains unchanged; required denial audit is recorded without secrets.,No role/tenant bypass can mutate state; client-supplied tenant identifier alone grants no authority.,DRAFT_FOR_REVIEW_NOT_APPROVED,Business owner + requirements owner + security/audit owner where applicable,"Generic capability-level proposal derived from EM-LLD-001 design patterns; bind domain-specific data, policy thresholds, errors, event/API contracts and measurable timing/SLA to approved BRD/SRS before execution."
REQ-46303,SRS-FR-2325,463,03,business-validation,Submit a valid command and variants missing a mandatory condition or violating a domain invariant.,"Valid command passes all configured mandatory rules; invalid command returns a stable, classifiable validation result; no partial authoritative mutation occurs on rejection; retries with the same idempotency key do not duplicate a committed action.",Missing/invalid mandatory conditions cannot produce a successful material change.,DRAFT_FOR_REVIEW_NOT_APPROVED,Business owner + requirements owner + security/audit owner where applicable,"Generic capability-level proposal derived from EM-LLD-001 design patterns; bind domain-specific data, policy thresholds, errors, event/API contracts and measurable timing/SLA to approved BRD/SRS before execution."
REQ-46304,SRS-FR-2326,463,04,audit-evidence,Perform a material action and inspect its correlated audit record; test denied action where applicable.,"Required audit record includes actor, tenant, action, timestamp, correlation and outcome; audit evidence is retrievable by the approved audit path; secrets and unnecessary sensitive payloads are absent.",Material action cannot silently bypass required audit capture; ordinary logs/audit payloads do not expose credentials or secrets.,DRAFT_FOR_REVIEW_NOT_APPROVED,Business owner + requirements owner + security/audit owner where applicable,"Generic capability-level proposal derived from EM-LLD-001 design patterns; bind domain-specific data, policy thresholds, errors, event/API contracts and measurable timing/SLA to approved BRD/SRS before execution."
REQ-46305,SRS-FR-2327,463,05,exception-handling,"Inject a controlled downstream failure and observe retry, recovery, compensation or dead-letter behavior according to the approved policy.",Retries remain within configured bounds; processing is idempotent under redelivery; terminal failure reaches the configured exception/DLQ route with correlation and recovery metadata; any compensation is recorded and consistent.,"No unbounded retry loop, silent drop, duplicate material effect, or unauthorized replay.",DRAFT_FOR_REVIEW_NOT_APPROVED,Business owner + requirements owner + security/audit owner where applicable,"Generic capability-level proposal derived from EM-LLD-001 design patterns; bind domain-specific data, policy thresholds, errors, event/API contracts and measurable timing/SLA to approved BRD/SRS before execution."
REQ-46306,SRS-FR-2328,463,06,governed-reporting,"Seed known tenant-scoped source records, run the governed report, and compare aggregates/status/exception values to the fixture.",Report matches the approved fixture for the defined filters/time window; tenant scope is enforced; metrics and exception counts reconcile to source records; refresh/freshness expectation is met once an approved threshold is supplied.,Cross-tenant rows are not disclosed and unsupported filters/unauthorized access are rejected.,DRAFT_FOR_REVIEW_NOT_APPROVED,Business owner + requirements owner + security/audit owner where applicable,"Generic capability-level proposal derived from EM-LLD-001 design patterns; bind domain-specific data, policy thresholds, errors, event/API contracts and measurable timing/SLA to approved BRD/SRS before execution."
REQ-46401,SRS-FR-2329,464,01,authoritative-records,"Create or update a valid record, then read it back using the authorized tenant context; inspect lifecycle/version metadata and event timing.",Valid command persists one authoritative state change; read-back matches committed values; lifecycle/version metadata is present; any lifecycle event is observable only after commit; duplicate idempotency key does not create a second state change where idempotency applies.,Invalid or unauthorized command leaves authoritative state unchanged and emits no success lifecycle event.,DRAFT_FOR_REVIEW_NOT_APPROVED,Business owner + requirements owner + security/audit owner where applicable,"Generic capability-level proposal derived from EM-LLD-001 design patterns; bind domain-specific data, policy thresholds, errors, event/API contracts and measurable timing/SLA to approved BRD/SRS before execution."
REQ-46402,SRS-FR-2330,464,02,authorization,"Exercise an allowed role and a denied role against the same protected material action, including a cross-tenant attempt.",Allowed role succeeds only within its permitted scope; denied or cross-tenant request returns the approved denial response before mutation; authoritative state remains unchanged; required denial audit is recorded without secrets.,No role/tenant bypass can mutate state; client-supplied tenant identifier alone grants no authority.,DRAFT_FOR_REVIEW_NOT_APPROVED,Business owner + requirements owner + security/audit owner where applicable,"Generic capability-level proposal derived from EM-LLD-001 design patterns; bind domain-specific data, policy thresholds, errors, event/API contracts and measurable timing/SLA to approved BRD/SRS before execution."
REQ-46403,SRS-FR-2331,464,03,business-validation,Submit a valid command and variants missing a mandatory condition or violating a domain invariant.,"Valid command passes all configured mandatory rules; invalid command returns a stable, classifiable validation result; no partial authoritative mutation occurs on rejection; retries with the same idempotency key do not duplicate a committed action.",Missing/invalid mandatory conditions cannot produce a successful material change.,DRAFT_FOR_REVIEW_NOT_APPROVED,Business owner + requirements owner + security/audit owner where applicable,"Generic capability-level proposal derived from EM-LLD-001 design patterns; bind domain-specific data, policy thresholds, errors, event/API contracts and measurable timing/SLA to approved BRD/SRS before execution."
REQ-46404,SRS-FR-2332,464,04,audit-evidence,Perform a material action and inspect its correlated audit record; test denied action where applicable.,"Required audit record includes actor, tenant, action, timestamp, correlation and outcome; audit evidence is retrievable by the approved audit path; secrets and unnecessary sensitive payloads are absent.",Material action cannot silently bypass required audit capture; ordinary logs/audit payloads do not expose credentials or secrets.,DRAFT_FOR_REVIEW_NOT_APPROVED,Business owner + requirements owner + security/audit owner where applicable,"Generic capability-level proposal derived from EM-LLD-001 design patterns; bind domain-specific data, policy thresholds, errors, event/API contracts and measurable timing/SLA to approved BRD/SRS before execution."
REQ-46405,SRS-FR-2333,464,05,exception-handling,"Inject a controlled downstream failure and observe retry, recovery, compensation or dead-letter behavior according to the approved policy.",Retries remain within configured bounds; processing is idempotent under redelivery; terminal failure reaches the configured exception/DLQ route with correlation and recovery metadata; any compensation is recorded and consistent.,"No unbounded retry loop, silent drop, duplicate material effect, or unauthorized replay.",DRAFT_FOR_REVIEW_NOT_APPROVED,Business owner + requirements owner + security/audit owner where applicable,"Generic capability-level proposal derived from EM-LLD-001 design patterns; bind domain-specific data, policy thresholds, errors, event/API contracts and measurable timing/SLA to approved BRD/SRS before execution."
REQ-46406,SRS-FR-2334,464,06,governed-reporting,"Seed known tenant-scoped source records, run the governed report, and compare aggregates/status/exception values to the fixture.",Report matches the approved fixture for the defined filters/time window; tenant scope is enforced; metrics and exception counts reconcile to source records; refresh/freshness expectation is met once an approved threshold is supplied.,Cross-tenant rows are not disclosed and unsupported filters/unauthorized access are rejected.,DRAFT_FOR_REVIEW_NOT_APPROVED,Business owner + requirements owner + security/audit owner where applicable,"Generic capability-level proposal derived from EM-LLD-001 design patterns; bind domain-specific data, policy thresholds, errors, event/API contracts and measurable timing/SLA to approved BRD/SRS before execution."
REQ-46501,SRS-FR-2335,465,01,authoritative-records,"Create or update a valid record, then read it back using the authorized tenant context; inspect lifecycle/version metadata and event timing.",Valid command persists one authoritative state change; read-back matches committed values; lifecycle/version metadata is present; any lifecycle event is observable only after commit; duplicate idempotency key does not create a second state change where idempotency applies.,Invalid or unauthorized command leaves authoritative state unchanged and emits no success lifecycle event.,DRAFT_FOR_REVIEW_NOT_APPROVED,Business owner + requirements owner + security/audit owner where applicable,"Generic capability-level proposal derived from EM-LLD-001 design patterns; bind domain-specific data, policy thresholds, errors, event/API contracts and measurable timing/SLA to approved BRD/SRS before execution."
REQ-46502,SRS-FR-2336,465,02,authorization,"Exercise an allowed role and a denied role against the same protected material action, including a cross-tenant attempt.",Allowed role succeeds only within its permitted scope; denied or cross-tenant request returns the approved denial response before mutation; authoritative state remains unchanged; required denial audit is recorded without secrets.,No role/tenant bypass can mutate state; client-supplied tenant identifier alone grants no authority.,DRAFT_FOR_REVIEW_NOT_APPROVED,Business owner + requirements owner + security/audit owner where applicable,"Generic capability-level proposal derived from EM-LLD-001 design patterns; bind domain-specific data, policy thresholds, errors, event/API contracts and measurable timing/SLA to approved BRD/SRS before execution."
REQ-46503,SRS-FR-2337,465,03,business-validation,Submit a valid command and variants missing a mandatory condition or violating a domain invariant.,"Valid command passes all configured mandatory rules; invalid command returns a stable, classifiable validation result; no partial authoritative mutation occurs on rejection; retries with the same idempotency key do not duplicate a committed action.",Missing/invalid mandatory conditions cannot produce a successful material change.,DRAFT_FOR_REVIEW_NOT_APPROVED,Business owner + requirements owner + security/audit owner where applicable,"Generic capability-level proposal derived from EM-LLD-001 design patterns; bind domain-specific data, policy thresholds, errors, event/API contracts and measurable timing/SLA to approved BRD/SRS before execution."
REQ-46504,SRS-FR-2338,465,04,audit-evidence,Perform a material action and inspect its correlated audit record; test denied action where applicable.,"Required audit record includes actor, tenant, action, timestamp, correlation and outcome; audit evidence is retrievable by the approved audit path; secrets and unnecessary sensitive payloads are absent.",Material action cannot silently bypass required audit capture; ordinary logs/audit payloads do not expose credentials or secrets.,DRAFT_FOR_REVIEW_NOT_APPROVED,Business owner + requirements owner + security/audit owner where applicable,"Generic capability-level proposal derived from EM-LLD-001 design patterns; bind domain-specific data, policy thresholds, errors, event/API contracts and measurable timing/SLA to approved BRD/SRS before execution."
REQ-46505,SRS-FR-2339,465,05,exception-handling,"Inject a controlled downstream failure and observe retry, recovery, compensation or dead-letter behavior according to the approved policy.",Retries remain within configured bounds; processing is idempotent under redelivery; terminal failure reaches the configured exception/DLQ route with correlation and recovery metadata; any compensation is recorded and consistent.,"No unbounded retry loop, silent drop, duplicate material effect, or unauthorized replay.",DRAFT_FOR_REVIEW_NOT_APPROVED,Business owner + requirements owner + security/audit owner where applicable,"Generic capability-level proposal derived from EM-LLD-001 design patterns; bind domain-specific data, policy thresholds, errors, event/API contracts and measurable timing/SLA to approved BRD/SRS before execution."
REQ-46506,SRS-FR-2340,465,06,governed-reporting,"Seed known tenant-scoped source records, run the governed report, and compare aggregates/status/exception values to the fixture.",Report matches the approved fixture for the defined filters/time window; tenant scope is enforced; metrics and exception counts reconcile to source records; refresh/freshness expectation is met once an approved threshold is supplied.,Cross-tenant rows are not disclosed and unsupported filters/unauthorized access are rejected.,DRAFT_FOR_REVIEW_NOT_APPROVED,Business owner + requirements owner + security/audit owner where applicable,"Generic capability-level proposal derived from EM-LLD-001 design patterns; bind domain-specific data, policy thresholds, errors, event/API contracts and measurable timing/SLA to approved BRD/SRS before execution."
REQ-46601,SRS-FR-2341,466,01,authoritative-records,"Create or update a valid record, then read it back using the authorized tenant context; inspect lifecycle/version metadata and event timing.",Valid command persists one authoritative state change; read-back matches committed values; lifecycle/version metadata is present; any lifecycle event is observable only after commit; duplicate idempotency key does not create a second state change where idempotency applies.,Invalid or unauthorized command leaves authoritative state unchanged and emits no success lifecycle event.,DRAFT_FOR_REVIEW_NOT_APPROVED,Business owner + requirements owner + security/audit owner where applicable,"Generic capability-level proposal derived from EM-LLD-001 design patterns; bind domain-specific data, policy thresholds, errors, event/API contracts and measurable timing/SLA to approved BRD/SRS before execution."
REQ-46602,SRS-FR-2342,466,02,authorization,"Exercise an allowed role and a denied role against the same protected material action, including a cross-tenant attempt.",Allowed role succeeds only within its permitted scope; denied or cross-tenant request returns the approved denial response before mutation; authoritative state remains unchanged; required denial audit is recorded without secrets.,No role/tenant bypass can mutate state; client-supplied tenant identifier alone grants no authority.,DRAFT_FOR_REVIEW_NOT_APPROVED,Business owner + requirements owner + security/audit owner where applicable,"Generic capability-level proposal derived from EM-LLD-001 design patterns; bind domain-specific data, policy thresholds, errors, event/API contracts and measurable timing/SLA to approved BRD/SRS before execution."
REQ-46603,SRS-FR-2343,466,03,business-validation,Submit a valid command and variants missing a mandatory condition or violating a domain invariant.,"Valid command passes all configured mandatory rules; invalid command returns a stable, classifiable validation result; no partial authoritative mutation occurs on rejection; retries with the same idempotency key do not duplicate a committed action.",Missing/invalid mandatory conditions cannot produce a successful material change.,DRAFT_FOR_REVIEW_NOT_APPROVED,Business owner + requirements owner + security/audit owner where applicable,"Generic capability-level proposal derived from EM-LLD-001 design patterns; bind domain-specific data, policy thresholds, errors, event/API contracts and measurable timing/SLA to approved BRD/SRS before execution."
REQ-46604,SRS-FR-2344,466,04,audit-evidence,Perform a material action and inspect its correlated audit record; test denied action where applicable.,"Required audit record includes actor, tenant, action, timestamp, correlation and outcome; audit evidence is retrievable by the approved audit path; secrets and unnecessary sensitive payloads are absent.",Material action cannot silently bypass required audit capture; ordinary logs/audit payloads do not expose credentials or secrets.,DRAFT_FOR_REVIEW_NOT_APPROVED,Business owner + requirements owner + security/audit owner where applicable,"Generic capability-level proposal derived from EM-LLD-001 design patterns; bind domain-specific data, policy thresholds, errors, event/API contracts and measurable timing/SLA to approved BRD/SRS before execution."
REQ-46605,SRS-FR-2345,466,05,exception-handling,"Inject a controlled downstream failure and observe retry, recovery, compensation or dead-letter behavior according to the approved policy.",Retries remain within configured bounds; processing is idempotent under redelivery; terminal failure reaches the configured exception/DLQ route with correlation and recovery metadata; any compensation is recorded and consistent.,"No unbounded retry loop, silent drop, duplicate material effect, or unauthorized replay.",DRAFT_FOR_REVIEW_NOT_APPROVED,Business owner + requirements owner + security/audit owner where applicable,"Generic capability-level proposal derived from EM-LLD-001 design patterns; bind domain-specific data, policy thresholds, errors, event/API contracts and measurable timing/SLA to approved BRD/SRS before execution."
REQ-46606,SRS-FR-2346,466,06,governed-reporting,"Seed known tenant-scoped source records, run the governed report, and compare aggregates/status/exception values to the fixture.",Report matches the approved fixture for the defined filters/time window; tenant scope is enforced; metrics and exception counts reconcile to source records; refresh/freshness expectation is met once an approved threshold is supplied.,Cross-tenant rows are not disclosed and unsupported filters/unauthorized access are rejected.,DRAFT_FOR_REVIEW_NOT_APPROVED,Business owner + requirements owner + security/audit owner where applicable,"Generic capability-level proposal derived from EM-LLD-001 design patterns; bind domain-specific data, policy thresholds, errors, event/API contracts and measurable timing/SLA to approved BRD/SRS before execution."
REQ-46701,SRS-FR-2347,467,01,authoritative-records,"Create or update a valid record, then read it back using the authorized tenant context; inspect lifecycle/version metadata and event timing.",Valid command persists one authoritative state change; read-back matches committed values; lifecycle/version metadata is present; any lifecycle event is observable only after commit; duplicate idempotency key does not create a second state change where idempotency applies.,Invalid or unauthorized command leaves authoritative state unchanged and emits no success lifecycle event.,DRAFT_FOR_REVIEW_NOT_APPROVED,Business owner + requirements owner + security/audit owner where applicable,"Generic capability-level proposal derived from EM-LLD-001 design patterns; bind domain-specific data, policy thresholds, errors, event/API contracts and measurable timing/SLA to approved BRD/SRS before execution."
REQ-46702,SRS-FR-2348,467,02,authorization,"Exercise an allowed role and a denied role against the same protected material action, including a cross-tenant attempt.",Allowed role succeeds only within its permitted scope; denied or cross-tenant request returns the approved denial response before mutation; authoritative state remains unchanged; required denial audit is recorded without secrets.,No role/tenant bypass can mutate state; client-supplied tenant identifier alone grants no authority.,DRAFT_FOR_REVIEW_NOT_APPROVED,Business owner + requirements owner + security/audit owner where applicable,"Generic capability-level proposal derived from EM-LLD-001 design patterns; bind domain-specific data, policy thresholds, errors, event/API contracts and measurable timing/SLA to approved BRD/SRS before execution."
REQ-46703,SRS-FR-2349,467,03,business-validation,Submit a valid command and variants missing a mandatory condition or violating a domain invariant.,"Valid command passes all configured mandatory rules; invalid command returns a stable, classifiable validation result; no partial authoritative mutation occurs on rejection; retries with the same idempotency key do not duplicate a committed action.",Missing/invalid mandatory conditions cannot produce a successful material change.,DRAFT_FOR_REVIEW_NOT_APPROVED,Business owner + requirements owner + security/audit owner where applicable,"Generic capability-level proposal derived from EM-LLD-001 design patterns; bind domain-specific data, policy thresholds, errors, event/API contracts and measurable timing/SLA to approved BRD/SRS before execution."
REQ-46704,SRS-FR-2350,467,04,audit-evidence,Perform a material action and inspect its correlated audit record; test denied action where applicable.,"Required audit record includes actor, tenant, action, timestamp, correlation and outcome; audit evidence is retrievable by the approved audit path; secrets and unnecessary sensitive payloads are absent.",Material action cannot silently bypass required audit capture; ordinary logs/audit payloads do not expose credentials or secrets.,DRAFT_FOR_REVIEW_NOT_APPROVED,Business owner + requirements owner + security/audit owner where applicable,"Generic capability-level proposal derived from EM-LLD-001 design patterns; bind domain-specific data, policy thresholds, errors, event/API contracts and measurable timing/SLA to approved BRD/SRS before execution."
REQ-46705,SRS-FR-2351,467,05,exception-handling,"Inject a controlled downstream failure and observe retry, recovery, compensation or dead-letter behavior according to the approved policy.",Retries remain within configured bounds; processing is idempotent under redelivery; terminal failure reaches the configured exception/DLQ route with correlation and recovery metadata; any compensation is recorded and consistent.,"No unbounded retry loop, silent drop, duplicate material effect, or unauthorized replay.",DRAFT_FOR_REVIEW_NOT_APPROVED,Business owner + requirements owner + security/audit owner where applicable,"Generic capability-level proposal derived from EM-LLD-001 design patterns; bind domain-specific data, policy thresholds, errors, event/API contracts and measurable timing/SLA to approved BRD/SRS before execution."
REQ-46706,SRS-FR-2352,467,06,governed-reporting,"Seed known tenant-scoped source records, run the governed report, and compare aggregates/status/exception values to the fixture.",Report matches the approved fixture for the defined filters/time window; tenant scope is enforced; metrics and exception counts reconcile to source records; refresh/freshness expectation is met once an approved threshold is supplied.,Cross-tenant rows are not disclosed and unsupported filters/unauthorized access are rejected.,DRAFT_FOR_REVIEW_NOT_APPROVED,Business owner + requirements owner + security/audit owner where applicable,"Generic capability-level proposal derived from EM-LLD-001 design patterns; bind domain-specific data, policy thresholds, errors, event/API contracts and measurable timing/SLA to approved BRD/SRS before execution."
REQ-46801,SRS-FR-2353,468,01,authoritative-records,"Create or update a valid record, then read it back using the authorized tenant context; inspect lifecycle/version metadata and event timing.",Valid command persists one authoritative state change; read-back matches committed values; lifecycle/version metadata is present; any lifecycle event is observable only after commit; duplicate idempotency key does not create a second state change where idempotency applies.,Invalid or unauthorized command leaves authoritative state unchanged and emits no success lifecycle event.,DRAFT_FOR_REVIEW_NOT_APPROVED,Business owner + requirements owner + security/audit owner where applicable,"Generic capability-level proposal derived from EM-LLD-001 design patterns; bind domain-specific data, policy thresholds, errors, event/API contracts and measurable timing/SLA to approved BRD/SRS before execution."
REQ-46802,SRS-FR-2354,468,02,authorization,"Exercise an allowed role and a denied role against the same protected material action, including a cross-tenant attempt.",Allowed role succeeds only within its permitted scope; denied or cross-tenant request returns the approved denial response before mutation; authoritative state remains unchanged; required denial audit is recorded without secrets.,No role/tenant bypass can mutate state; client-supplied tenant identifier alone grants no authority.,DRAFT_FOR_REVIEW_NOT_APPROVED,Business owner + requirements owner + security/audit owner where applicable,"Generic capability-level proposal derived from EM-LLD-001 design patterns; bind domain-specific data, policy thresholds, errors, event/API contracts and measurable timing/SLA to approved BRD/SRS before execution."
REQ-46803,SRS-FR-2355,468,03,business-validation,Submit a valid command and variants missing a mandatory condition or violating a domain invariant.,"Valid command passes all configured mandatory rules; invalid command returns a stable, classifiable validation result; no partial authoritative mutation occurs on rejection; retries with the same idempotency key do not duplicate a committed action.",Missing/invalid mandatory conditions cannot produce a successful material change.,DRAFT_FOR_REVIEW_NOT_APPROVED,Business owner + requirements owner + security/audit owner where applicable,"Generic capability-level proposal derived from EM-LLD-001 design patterns; bind domain-specific data, policy thresholds, errors, event/API contracts and measurable timing/SLA to approved BRD/SRS before execution."
REQ-46804,SRS-FR-2356,468,04,audit-evidence,Perform a material action and inspect its correlated audit record; test denied action where applicable.,"Required audit record includes actor, tenant, action, timestamp, correlation and outcome; audit evidence is retrievable by the approved audit path; secrets and unnecessary sensitive payloads are absent.",Material action cannot silently bypass required audit capture; ordinary logs/audit payloads do not expose credentials or secrets.,DRAFT_FOR_REVIEW_NOT_APPROVED,Business owner + requirements owner + security/audit owner where applicable,"Generic capability-level proposal derived from EM-LLD-001 design patterns; bind domain-specific data, policy thresholds, errors, event/API contracts and measurable timing/SLA to approved BRD/SRS before execution."
REQ-46805,SRS-FR-2357,468,05,exception-handling,"Inject a controlled downstream failure and observe retry, recovery, compensation or dead-letter behavior according to the approved policy.",Retries remain within configured bounds; processing is idempotent under redelivery; terminal failure reaches the configured exception/DLQ route with correlation and recovery metadata; any compensation is recorded and consistent.,"No unbounded retry loop, silent drop, duplicate material effect, or unauthorized replay.",DRAFT_FOR_REVIEW_NOT_APPROVED,Business owner + requirements owner + security/audit owner where applicable,"Generic capability-level proposal derived from EM-LLD-001 design patterns; bind domain-specific data, policy thresholds, errors, event/API contracts and measurable timing/SLA to approved BRD/SRS before execution."
REQ-46806,SRS-FR-2358,468,06,governed-reporting,"Seed known tenant-scoped source records, run the governed report, and compare aggregates/status/exception values to the fixture.",Report matches the approved fixture for the defined filters/time window; tenant scope is enforced; metrics and exception counts reconcile to source records; refresh/freshness expectation is met once an approved threshold is supplied.,Cross-tenant rows are not disclosed and unsupported filters/unauthorized access are rejected.,DRAFT_FOR_REVIEW_NOT_APPROVED,Business owner + requirements owner + security/audit owner where applicable,"Generic capability-level proposal derived from EM-LLD-001 design patterns; bind domain-specific data, policy thresholds, errors, event/API contracts and measurable timing/SLA to approved BRD/SRS before execution."
REQ-46901,SRS-FR-2359,469,01,authoritative-records,"Create or update a valid record, then read it back using the authorized tenant context; inspect lifecycle/version metadata and event timing.",Valid command persists one authoritative state change; read-back matches committed values; lifecycle/version metadata is present; any lifecycle event is observable only after commit; duplicate idempotency key does not create a second state change where idempotency applies.,Invalid or unauthorized command leaves authoritative state unchanged and emits no success lifecycle event.,DRAFT_FOR_REVIEW_NOT_APPROVED,Business owner + requirements owner + security/audit owner where applicable,"Generic capability-level proposal derived from EM-LLD-001 design patterns; bind domain-specific data, policy thresholds, errors, event/API contracts and measurable timing/SLA to approved BRD/SRS before execution."
REQ-46902,SRS-FR-2360,469,02,authorization,"Exercise an allowed role and a denied role against the same protected material action, including a cross-tenant attempt.",Allowed role succeeds only within its permitted scope; denied or cross-tenant request returns the approved denial response before mutation; authoritative state remains unchanged; required denial audit is recorded without secrets.,No role/tenant bypass can mutate state; client-supplied tenant identifier alone grants no authority.,DRAFT_FOR_REVIEW_NOT_APPROVED,Business owner + requirements owner + security/audit owner where applicable,"Generic capability-level proposal derived from EM-LLD-001 design patterns; bind domain-specific data, policy thresholds, errors, event/API contracts and measurable timing/SLA to approved BRD/SRS before execution."
REQ-46903,SRS-FR-2361,469,03,business-validation,Submit a valid command and variants missing a mandatory condition or violating a domain invariant.,"Valid command passes all configured mandatory rules; invalid command returns a stable, classifiable validation result; no partial authoritative mutation occurs on rejection; retries with the same idempotency key do not duplicate a committed action.",Missing/invalid mandatory conditions cannot produce a successful material change.,DRAFT_FOR_REVIEW_NOT_APPROVED,Business owner + requirements owner + security/audit owner where applicable,"Generic capability-level proposal derived from EM-LLD-001 design patterns; bind domain-specific data, policy thresholds, errors, event/API contracts and measurable timing/SLA to approved BRD/SRS before execution."
REQ-46904,SRS-FR-2362,469,04,audit-evidence,Perform a material action and inspect its correlated audit record; test denied action where applicable.,"Required audit record includes actor, tenant, action, timestamp, correlation and outcome; audit evidence is retrievable by the approved audit path; secrets and unnecessary sensitive payloads are absent.",Material action cannot silently bypass required audit capture; ordinary logs/audit payloads do not expose credentials or secrets.,DRAFT_FOR_REVIEW_NOT_APPROVED,Business owner + requirements owner + security/audit owner where applicable,"Generic capability-level proposal derived from EM-LLD-001 design patterns; bind domain-specific data, policy thresholds, errors, event/API contracts and measurable timing/SLA to approved BRD/SRS before execution."
REQ-46905,SRS-FR-2363,469,05,exception-handling,"Inject a controlled downstream failure and observe retry, recovery, compensation or dead-letter behavior according to the approved policy.",Retries remain within configured bounds; processing is idempotent under redelivery; terminal failure reaches the configured exception/DLQ route with correlation and recovery metadata; any compensation is recorded and consistent.,"No unbounded retry loop, silent drop, duplicate material effect, or unauthorized replay.",DRAFT_FOR_REVIEW_NOT_APPROVED,Business owner + requirements owner + security/audit owner where applicable,"Generic capability-level proposal derived from EM-LLD-001 design patterns; bind domain-specific data, policy thresholds, errors, event/API contracts and measurable timing/SLA to approved BRD/SRS before execution."
REQ-46906,SRS-FR-2364,469,06,governed-reporting,"Seed known tenant-scoped source records, run the governed report, and compare aggregates/status/exception values to the fixture.",Report matches the approved fixture for the defined filters/time window; tenant scope is enforced; metrics and exception counts reconcile to source records; refresh/freshness expectation is met once an approved threshold is supplied.,Cross-tenant rows are not disclosed and unsupported filters/unauthorized access are rejected.,DRAFT_FOR_REVIEW_NOT_APPROVED,Business owner + requirements owner + security/audit owner where applicable,"Generic capability-level proposal derived from EM-LLD-001 design patterns; bind domain-specific data, policy thresholds, errors, event/API contracts and measurable timing/SLA to approved BRD/SRS before execution."
REQ-47001,SRS-FR-2365,470,01,authoritative-records,"Create or update a valid record, then read it back using the authorized tenant context; inspect lifecycle/version metadata and event timing.",Valid command persists one authoritative state change; read-back matches committed values; lifecycle/version metadata is present; any lifecycle event is observable only after commit; duplicate idempotency key does not create a second state change where idempotency applies.,Invalid or unauthorized command leaves authoritative state unchanged and emits no success lifecycle event.,DRAFT_FOR_REVIEW_NOT_APPROVED,Business owner + requirements owner + security/audit owner where applicable,"Generic capability-level proposal derived from EM-LLD-001 design patterns; bind domain-specific data, policy thresholds, errors, event/API contracts and measurable timing/SLA to approved BRD/SRS before execution."
REQ-47002,SRS-FR-2366,470,02,authorization,"Exercise an allowed role and a denied role against the same protected material action, including a cross-tenant attempt.",Allowed role succeeds only within its permitted scope; denied or cross-tenant request returns the approved denial response before mutation; authoritative state remains unchanged; required denial audit is recorded without secrets.,No role/tenant bypass can mutate state; client-supplied tenant identifier alone grants no authority.,DRAFT_FOR_REVIEW_NOT_APPROVED,Business owner + requirements owner + security/audit owner where applicable,"Generic capability-level proposal derived from EM-LLD-001 design patterns; bind domain-specific data, policy thresholds, errors, event/API contracts and measurable timing/SLA to approved BRD/SRS before execution."
REQ-47003,SRS-FR-2367,470,03,business-validation,Submit a valid command and variants missing a mandatory condition or violating a domain invariant.,"Valid command passes all configured mandatory rules; invalid command returns a stable, classifiable validation result; no partial authoritative mutation occurs on rejection; retries with the same idempotency key do not duplicate a committed action.",Missing/invalid mandatory conditions cannot produce a successful material change.,DRAFT_FOR_REVIEW_NOT_APPROVED,Business owner + requirements owner + security/audit owner where applicable,"Generic capability-level proposal derived from EM-LLD-001 design patterns; bind domain-specific data, policy thresholds, errors, event/API contracts and measurable timing/SLA to approved BRD/SRS before execution."
REQ-47004,SRS-FR-2368,470,04,audit-evidence,Perform a material action and inspect its correlated audit record; test denied action where applicable.,"Required audit record includes actor, tenant, action, timestamp, correlation and outcome; audit evidence is retrievable by the approved audit path; secrets and unnecessary sensitive payloads are absent.",Material action cannot silently bypass required audit capture; ordinary logs/audit payloads do not expose credentials or secrets.,DRAFT_FOR_REVIEW_NOT_APPROVED,Business owner + requirements owner + security/audit owner where applicable,"Generic capability-level proposal derived from EM-LLD-001 design patterns; bind domain-specific data, policy thresholds, errors, event/API contracts and measurable timing/SLA to approved BRD/SRS before execution."
REQ-47005,SRS-FR-2369,470,05,exception-handling,"Inject a controlled downstream failure and observe retry, recovery, compensation or dead-letter behavior according to the approved policy.",Retries remain within configured bounds; processing is idempotent under redelivery; terminal failure reaches the configured exception/DLQ route with correlation and recovery metadata; any compensation is recorded and consistent.,"No unbounded retry loop, silent drop, duplicate material effect, or unauthorized replay.",DRAFT_FOR_REVIEW_NOT_APPROVED,Business owner + requirements owner + security/audit owner where applicable,"Generic capability-level proposal derived from EM-LLD-001 design patterns; bind domain-specific data, policy thresholds, errors, event/API contracts and measurable timing/SLA to approved BRD/SRS before execution."
REQ-47006,SRS-FR-2370,470,06,governed-reporting,"Seed known tenant-scoped source records, run the governed report, and compare aggregates/status/exception values to the fixture.",Report matches the approved fixture for the defined filters/time window; tenant scope is enforced; metrics and exception counts reconcile to source records; refresh/freshness expectation is met once an approved threshold is supplied.,Cross-tenant rows are not disclosed and unsupported filters/unauthorized access are rejected.,DRAFT_FOR_REVIEW_NOT_APPROVED,Business owner + requirements owner + security/audit owner where applicable,"Generic capability-level proposal derived from EM-LLD-001 design patterns; bind domain-specific data, policy thresholds, errors, event/API contracts and measurable timing/SLA to approved BRD/SRS before execution."
