requirement_id,brd_id,srs_id,chapter,pattern_type,requirement_type_from_lld,capability_family,supporting_lld_modules_and_design_target,data_target,api_event_target,exact_hld_locator_status,exact_lld_locator_status,acceptance_source_binding_status,traceability_disposition
REQ-46301,BRD-001-REQ-46301,SRS-FR-2323,463,01,Maintain authoritative records and lifecycle history,authoritative-records,LLD-02 Domain & Component; LLD-03 Data Model; Authoritative aggregate/entity + repository/service boundary,"Authoritative entity/aggregate; keys, tenant scope, lifecycle/version metadata, audit fields, constraints and retention",Domain/application API; lifecycle events only after authoritative commit,PENDING — no exact approved locator in supplied consolidated LLD,PENDING — supporting design only; exact requirement-level binding not evidenced,PENDING — approved BRD/SRS acceptance source and measurable oracle required,SUPPORTING DESIGN IDENTIFIED — DO NOT PROMOTE TO EXACT BINDING
REQ-46302,BRD-001-REQ-46302,SRS-FR-2324,463,02,Enforce role-based authorization before material actions,authorization,LLD-05 Security & Authorization; Trusted identity/tenant context; RBAC/ABAC policy evaluator,"Identity principal, tenant context, role/permission policy; privileged-action audit",Auth context and policy evaluation; authorization denial event/audit as required,PENDING — no exact approved locator in supplied consolidated LLD,PENDING — supporting design only; exact requirement-level binding not evidenced,PENDING — approved BRD/SRS acceptance source and measurable oracle required,SUPPORTING DESIGN IDENTIFIED — DO NOT PROMOTE TO EXACT BINDING
REQ-46303,BRD-001-REQ-46303,SRS-FR-2325,463,03,Validate mandatory business conditions before material changes,business-validation,LLD-02 Domain & Component; LLD-06 Workflow & Rules; Command handler + invariant/rule evaluation,"Validation rules/invariants, command inputs, decision outputs; transactional consistency",Command/query contracts; validation result/error envelope; idempotency key,PENDING — no exact approved locator in supplied consolidated LLD,PENDING — supporting design only; exact requirement-level binding not evidenced,PENDING — approved BRD/SRS acceptance source and measurable oracle required,SUPPORTING DESIGN IDENTIFIED — DO NOT PROMOTE TO EXACT BINDING
REQ-46304,BRD-001-REQ-46304,SRS-FR-2326,463,04,Preserve audit evidence for material events,audit-evidence,LLD-03 Audit metadata; LLD-09 Observability; Governed audit writer/event consumer,"Audit event/entity with actor, tenant, action, timestamp, correlation and outcome metadata; retention controls",Audit event contract; correlation/causation identifiers; protected payload rules,PENDING — no exact approved locator in supplied consolidated LLD,PENDING — supporting design only; exact requirement-level binding not evidenced,PENDING — approved BRD/SRS acceptance source and measurable oracle required,SUPPORTING DESIGN IDENTIFIED — DO NOT PROMOTE TO EXACT BINDING
REQ-46305,BRD-001-REQ-46305,SRS-FR-2327,463,05,Support controlled exception handling,exception-handling,"LLD-06 Workflow & Rules; LLD-07 Integration; Bounded retry, compensation, dead-letter queue/recovery handling","Workflow state, exception state, retry counters, compensation/recovery metadata; DLQ where applicable",Workflow commands/events; retry/recovery/DLQ contract; idempotent consumers,PENDING — no exact approved locator in supplied consolidated LLD,PENDING — supporting design only; exact requirement-level binding not evidenced,PENDING — approved BRD/SRS acceptance source and measurable oracle required,SUPPORTING DESIGN IDENTIFIED — DO NOT PROMOTE TO EXACT BINDING
REQ-46306,BRD-001-REQ-46306,SRS-FR-2328,463,06,"Provide governed reporting for status, exceptions and performance",governed-reporting,LLD-09 Observability/Analytics; Governed reporting read model; tenant-scoped aggregation,Governed read model/aggregation; tenant-scoped metrics and reporting dimensions,Reporting query/read-model contract; governed analytics feed,PENDING — no exact approved locator in supplied consolidated LLD,PENDING — supporting design only; exact requirement-level binding not evidenced,PENDING — approved BRD/SRS acceptance source and measurable oracle required,SUPPORTING DESIGN IDENTIFIED — DO NOT PROMOTE TO EXACT BINDING
REQ-46401,BRD-001-REQ-46401,SRS-FR-2329,464,01,Maintain authoritative records and lifecycle history,authoritative-records,LLD-02 Domain & Component; LLD-03 Data Model; Authoritative aggregate/entity + repository/service boundary,"Authoritative entity/aggregate; keys, tenant scope, lifecycle/version metadata, audit fields, constraints and retention",Domain/application API; lifecycle events only after authoritative commit,PENDING — no exact approved locator in supplied consolidated LLD,PENDING — supporting design only; exact requirement-level binding not evidenced,PENDING — approved BRD/SRS acceptance source and measurable oracle required,SUPPORTING DESIGN IDENTIFIED — DO NOT PROMOTE TO EXACT BINDING
REQ-46402,BRD-001-REQ-46402,SRS-FR-2330,464,02,Enforce role-based authorization before material actions,authorization,LLD-05 Security & Authorization; Trusted identity/tenant context; RBAC/ABAC policy evaluator,"Identity principal, tenant context, role/permission policy; privileged-action audit",Auth context and policy evaluation; authorization denial event/audit as required,PENDING — no exact approved locator in supplied consolidated LLD,PENDING — supporting design only; exact requirement-level binding not evidenced,PENDING — approved BRD/SRS acceptance source and measurable oracle required,SUPPORTING DESIGN IDENTIFIED — DO NOT PROMOTE TO EXACT BINDING
REQ-46403,BRD-001-REQ-46403,SRS-FR-2331,464,03,Validate mandatory business conditions before material changes,business-validation,LLD-02 Domain & Component; LLD-06 Workflow & Rules; Command handler + invariant/rule evaluation,"Validation rules/invariants, command inputs, decision outputs; transactional consistency",Command/query contracts; validation result/error envelope; idempotency key,PENDING — no exact approved locator in supplied consolidated LLD,PENDING — supporting design only; exact requirement-level binding not evidenced,PENDING — approved BRD/SRS acceptance source and measurable oracle required,SUPPORTING DESIGN IDENTIFIED — DO NOT PROMOTE TO EXACT BINDING
REQ-46404,BRD-001-REQ-46404,SRS-FR-2332,464,04,Preserve audit evidence for material events,audit-evidence,LLD-03 Audit metadata; LLD-09 Observability; Governed audit writer/event consumer,"Audit event/entity with actor, tenant, action, timestamp, correlation and outcome metadata; retention controls",Audit event contract; correlation/causation identifiers; protected payload rules,PENDING — no exact approved locator in supplied consolidated LLD,PENDING — supporting design only; exact requirement-level binding not evidenced,PENDING — approved BRD/SRS acceptance source and measurable oracle required,SUPPORTING DESIGN IDENTIFIED — DO NOT PROMOTE TO EXACT BINDING
REQ-46405,BRD-001-REQ-46405,SRS-FR-2333,464,05,Support controlled exception handling,exception-handling,"LLD-06 Workflow & Rules; LLD-07 Integration; Bounded retry, compensation, dead-letter queue/recovery handling","Workflow state, exception state, retry counters, compensation/recovery metadata; DLQ where applicable",Workflow commands/events; retry/recovery/DLQ contract; idempotent consumers,PENDING — no exact approved locator in supplied consolidated LLD,PENDING — supporting design only; exact requirement-level binding not evidenced,PENDING — approved BRD/SRS acceptance source and measurable oracle required,SUPPORTING DESIGN IDENTIFIED — DO NOT PROMOTE TO EXACT BINDING
REQ-46406,BRD-001-REQ-46406,SRS-FR-2334,464,06,"Provide governed reporting for status, exceptions and performance",governed-reporting,LLD-09 Observability/Analytics; Governed reporting read model; tenant-scoped aggregation,Governed read model/aggregation; tenant-scoped metrics and reporting dimensions,Reporting query/read-model contract; governed analytics feed,PENDING — no exact approved locator in supplied consolidated LLD,PENDING — supporting design only; exact requirement-level binding not evidenced,PENDING — approved BRD/SRS acceptance source and measurable oracle required,SUPPORTING DESIGN IDENTIFIED — DO NOT PROMOTE TO EXACT BINDING
REQ-46501,BRD-001-REQ-46501,SRS-FR-2335,465,01,Maintain authoritative records and lifecycle history,authoritative-records,LLD-02 Domain & Component; LLD-03 Data Model; Authoritative aggregate/entity + repository/service boundary,"Authoritative entity/aggregate; keys, tenant scope, lifecycle/version metadata, audit fields, constraints and retention",Domain/application API; lifecycle events only after authoritative commit,PENDING — no exact approved locator in supplied consolidated LLD,PENDING — supporting design only; exact requirement-level binding not evidenced,PENDING — approved BRD/SRS acceptance source and measurable oracle required,SUPPORTING DESIGN IDENTIFIED — DO NOT PROMOTE TO EXACT BINDING
REQ-46502,BRD-001-REQ-46502,SRS-FR-2336,465,02,Enforce role-based authorization before material actions,authorization,LLD-05 Security & Authorization; Trusted identity/tenant context; RBAC/ABAC policy evaluator,"Identity principal, tenant context, role/permission policy; privileged-action audit",Auth context and policy evaluation; authorization denial event/audit as required,PENDING — no exact approved locator in supplied consolidated LLD,PENDING — supporting design only; exact requirement-level binding not evidenced,PENDING — approved BRD/SRS acceptance source and measurable oracle required,SUPPORTING DESIGN IDENTIFIED — DO NOT PROMOTE TO EXACT BINDING
REQ-46503,BRD-001-REQ-46503,SRS-FR-2337,465,03,Validate mandatory business conditions before material changes,business-validation,LLD-02 Domain & Component; LLD-06 Workflow & Rules; Command handler + invariant/rule evaluation,"Validation rules/invariants, command inputs, decision outputs; transactional consistency",Command/query contracts; validation result/error envelope; idempotency key,PENDING — no exact approved locator in supplied consolidated LLD,PENDING — supporting design only; exact requirement-level binding not evidenced,PENDING — approved BRD/SRS acceptance source and measurable oracle required,SUPPORTING DESIGN IDENTIFIED — DO NOT PROMOTE TO EXACT BINDING
REQ-46504,BRD-001-REQ-46504,SRS-FR-2338,465,04,Preserve audit evidence for material events,audit-evidence,LLD-03 Audit metadata; LLD-09 Observability; Governed audit writer/event consumer,"Audit event/entity with actor, tenant, action, timestamp, correlation and outcome metadata; retention controls",Audit event contract; correlation/causation identifiers; protected payload rules,PENDING — no exact approved locator in supplied consolidated LLD,PENDING — supporting design only; exact requirement-level binding not evidenced,PENDING — approved BRD/SRS acceptance source and measurable oracle required,SUPPORTING DESIGN IDENTIFIED — DO NOT PROMOTE TO EXACT BINDING
REQ-46505,BRD-001-REQ-46505,SRS-FR-2339,465,05,Support controlled exception handling,exception-handling,"LLD-06 Workflow & Rules; LLD-07 Integration; Bounded retry, compensation, dead-letter queue/recovery handling","Workflow state, exception state, retry counters, compensation/recovery metadata; DLQ where applicable",Workflow commands/events; retry/recovery/DLQ contract; idempotent consumers,PENDING — no exact approved locator in supplied consolidated LLD,PENDING — supporting design only; exact requirement-level binding not evidenced,PENDING — approved BRD/SRS acceptance source and measurable oracle required,SUPPORTING DESIGN IDENTIFIED — DO NOT PROMOTE TO EXACT BINDING
REQ-46506,BRD-001-REQ-46506,SRS-FR-2340,465,06,"Provide governed reporting for status, exceptions and performance",governed-reporting,LLD-09 Observability/Analytics; Governed reporting read model; tenant-scoped aggregation,Governed read model/aggregation; tenant-scoped metrics and reporting dimensions,Reporting query/read-model contract; governed analytics feed,PENDING — no exact approved locator in supplied consolidated LLD,PENDING — supporting design only; exact requirement-level binding not evidenced,PENDING — approved BRD/SRS acceptance source and measurable oracle required,SUPPORTING DESIGN IDENTIFIED — DO NOT PROMOTE TO EXACT BINDING
REQ-46601,BRD-001-REQ-46601,SRS-FR-2341,466,01,Maintain authoritative records and lifecycle history,authoritative-records,LLD-02 Domain & Component; LLD-03 Data Model; Authoritative aggregate/entity + repository/service boundary,"Authoritative entity/aggregate; keys, tenant scope, lifecycle/version metadata, audit fields, constraints and retention",Domain/application API; lifecycle events only after authoritative commit,PENDING — no exact approved locator in supplied consolidated LLD,PENDING — supporting design only; exact requirement-level binding not evidenced,PENDING — approved BRD/SRS acceptance source and measurable oracle required,SUPPORTING DESIGN IDENTIFIED — DO NOT PROMOTE TO EXACT BINDING
REQ-46602,BRD-001-REQ-46602,SRS-FR-2342,466,02,Enforce role-based authorization before material actions,authorization,LLD-05 Security & Authorization; Trusted identity/tenant context; RBAC/ABAC policy evaluator,"Identity principal, tenant context, role/permission policy; privileged-action audit",Auth context and policy evaluation; authorization denial event/audit as required,PENDING — no exact approved locator in supplied consolidated LLD,PENDING — supporting design only; exact requirement-level binding not evidenced,PENDING — approved BRD/SRS acceptance source and measurable oracle required,SUPPORTING DESIGN IDENTIFIED — DO NOT PROMOTE TO EXACT BINDING
REQ-46603,BRD-001-REQ-46603,SRS-FR-2343,466,03,Validate mandatory business conditions before material changes,business-validation,LLD-02 Domain & Component; LLD-06 Workflow & Rules; Command handler + invariant/rule evaluation,"Validation rules/invariants, command inputs, decision outputs; transactional consistency",Command/query contracts; validation result/error envelope; idempotency key,PENDING — no exact approved locator in supplied consolidated LLD,PENDING — supporting design only; exact requirement-level binding not evidenced,PENDING — approved BRD/SRS acceptance source and measurable oracle required,SUPPORTING DESIGN IDENTIFIED — DO NOT PROMOTE TO EXACT BINDING
REQ-46604,BRD-001-REQ-46604,SRS-FR-2344,466,04,Preserve audit evidence for material events,audit-evidence,LLD-03 Audit metadata; LLD-09 Observability; Governed audit writer/event consumer,"Audit event/entity with actor, tenant, action, timestamp, correlation and outcome metadata; retention controls",Audit event contract; correlation/causation identifiers; protected payload rules,PENDING — no exact approved locator in supplied consolidated LLD,PENDING — supporting design only; exact requirement-level binding not evidenced,PENDING — approved BRD/SRS acceptance source and measurable oracle required,SUPPORTING DESIGN IDENTIFIED — DO NOT PROMOTE TO EXACT BINDING
REQ-46605,BRD-001-REQ-46605,SRS-FR-2345,466,05,Support controlled exception handling,exception-handling,"LLD-06 Workflow & Rules; LLD-07 Integration; Bounded retry, compensation, dead-letter queue/recovery handling","Workflow state, exception state, retry counters, compensation/recovery metadata; DLQ where applicable",Workflow commands/events; retry/recovery/DLQ contract; idempotent consumers,PENDING — no exact approved locator in supplied consolidated LLD,PENDING — supporting design only; exact requirement-level binding not evidenced,PENDING — approved BRD/SRS acceptance source and measurable oracle required,SUPPORTING DESIGN IDENTIFIED — DO NOT PROMOTE TO EXACT BINDING
REQ-46606,BRD-001-REQ-46606,SRS-FR-2346,466,06,"Provide governed reporting for status, exceptions and performance",governed-reporting,LLD-09 Observability/Analytics; Governed reporting read model; tenant-scoped aggregation,Governed read model/aggregation; tenant-scoped metrics and reporting dimensions,Reporting query/read-model contract; governed analytics feed,PENDING — no exact approved locator in supplied consolidated LLD,PENDING — supporting design only; exact requirement-level binding not evidenced,PENDING — approved BRD/SRS acceptance source and measurable oracle required,SUPPORTING DESIGN IDENTIFIED — DO NOT PROMOTE TO EXACT BINDING
REQ-46701,BRD-001-REQ-46701,SRS-FR-2347,467,01,Maintain authoritative records and lifecycle history,authoritative-records,LLD-02 Domain & Component; LLD-03 Data Model; Authoritative aggregate/entity + repository/service boundary,"Authoritative entity/aggregate; keys, tenant scope, lifecycle/version metadata, audit fields, constraints and retention",Domain/application API; lifecycle events only after authoritative commit,PENDING — no exact approved locator in supplied consolidated LLD,PENDING — supporting design only; exact requirement-level binding not evidenced,PENDING — approved BRD/SRS acceptance source and measurable oracle required,SUPPORTING DESIGN IDENTIFIED — DO NOT PROMOTE TO EXACT BINDING
REQ-46702,BRD-001-REQ-46702,SRS-FR-2348,467,02,Enforce role-based authorization before material actions,authorization,LLD-05 Security & Authorization; Trusted identity/tenant context; RBAC/ABAC policy evaluator,"Identity principal, tenant context, role/permission policy; privileged-action audit",Auth context and policy evaluation; authorization denial event/audit as required,PENDING — no exact approved locator in supplied consolidated LLD,PENDING — supporting design only; exact requirement-level binding not evidenced,PENDING — approved BRD/SRS acceptance source and measurable oracle required,SUPPORTING DESIGN IDENTIFIED — DO NOT PROMOTE TO EXACT BINDING
REQ-46703,BRD-001-REQ-46703,SRS-FR-2349,467,03,Validate mandatory business conditions before material changes,business-validation,LLD-02 Domain & Component; LLD-06 Workflow & Rules; Command handler + invariant/rule evaluation,"Validation rules/invariants, command inputs, decision outputs; transactional consistency",Command/query contracts; validation result/error envelope; idempotency key,PENDING — no exact approved locator in supplied consolidated LLD,PENDING — supporting design only; exact requirement-level binding not evidenced,PENDING — approved BRD/SRS acceptance source and measurable oracle required,SUPPORTING DESIGN IDENTIFIED — DO NOT PROMOTE TO EXACT BINDING
REQ-46704,BRD-001-REQ-46704,SRS-FR-2350,467,04,Preserve audit evidence for material events,audit-evidence,LLD-03 Audit metadata; LLD-09 Observability; Governed audit writer/event consumer,"Audit event/entity with actor, tenant, action, timestamp, correlation and outcome metadata; retention controls",Audit event contract; correlation/causation identifiers; protected payload rules,PENDING — no exact approved locator in supplied consolidated LLD,PENDING — supporting design only; exact requirement-level binding not evidenced,PENDING — approved BRD/SRS acceptance source and measurable oracle required,SUPPORTING DESIGN IDENTIFIED — DO NOT PROMOTE TO EXACT BINDING
REQ-46705,BRD-001-REQ-46705,SRS-FR-2351,467,05,Support controlled exception handling,exception-handling,"LLD-06 Workflow & Rules; LLD-07 Integration; Bounded retry, compensation, dead-letter queue/recovery handling","Workflow state, exception state, retry counters, compensation/recovery metadata; DLQ where applicable",Workflow commands/events; retry/recovery/DLQ contract; idempotent consumers,PENDING — no exact approved locator in supplied consolidated LLD,PENDING — supporting design only; exact requirement-level binding not evidenced,PENDING — approved BRD/SRS acceptance source and measurable oracle required,SUPPORTING DESIGN IDENTIFIED — DO NOT PROMOTE TO EXACT BINDING
REQ-46706,BRD-001-REQ-46706,SRS-FR-2352,467,06,"Provide governed reporting for status, exceptions and performance",governed-reporting,LLD-09 Observability/Analytics; Governed reporting read model; tenant-scoped aggregation,Governed read model/aggregation; tenant-scoped metrics and reporting dimensions,Reporting query/read-model contract; governed analytics feed,PENDING — no exact approved locator in supplied consolidated LLD,PENDING — supporting design only; exact requirement-level binding not evidenced,PENDING — approved BRD/SRS acceptance source and measurable oracle required,SUPPORTING DESIGN IDENTIFIED — DO NOT PROMOTE TO EXACT BINDING
REQ-46801,BRD-001-REQ-46801,SRS-FR-2353,468,01,Maintain authoritative records and lifecycle history,authoritative-records,LLD-02 Domain & Component; LLD-03 Data Model; Authoritative aggregate/entity + repository/service boundary,"Authoritative entity/aggregate; keys, tenant scope, lifecycle/version metadata, audit fields, constraints and retention",Domain/application API; lifecycle events only after authoritative commit,PENDING — no exact approved locator in supplied consolidated LLD,PENDING — supporting design only; exact requirement-level binding not evidenced,PENDING — approved BRD/SRS acceptance source and measurable oracle required,SUPPORTING DESIGN IDENTIFIED — DO NOT PROMOTE TO EXACT BINDING
REQ-46802,BRD-001-REQ-46802,SRS-FR-2354,468,02,Enforce role-based authorization before material actions,authorization,LLD-05 Security & Authorization; Trusted identity/tenant context; RBAC/ABAC policy evaluator,"Identity principal, tenant context, role/permission policy; privileged-action audit",Auth context and policy evaluation; authorization denial event/audit as required,PENDING — no exact approved locator in supplied consolidated LLD,PENDING — supporting design only; exact requirement-level binding not evidenced,PENDING — approved BRD/SRS acceptance source and measurable oracle required,SUPPORTING DESIGN IDENTIFIED — DO NOT PROMOTE TO EXACT BINDING
REQ-46803,BRD-001-REQ-46803,SRS-FR-2355,468,03,Validate mandatory business conditions before material changes,business-validation,LLD-02 Domain & Component; LLD-06 Workflow & Rules; Command handler + invariant/rule evaluation,"Validation rules/invariants, command inputs, decision outputs; transactional consistency",Command/query contracts; validation result/error envelope; idempotency key,PENDING — no exact approved locator in supplied consolidated LLD,PENDING — supporting design only; exact requirement-level binding not evidenced,PENDING — approved BRD/SRS acceptance source and measurable oracle required,SUPPORTING DESIGN IDENTIFIED — DO NOT PROMOTE TO EXACT BINDING
REQ-46804,BRD-001-REQ-46804,SRS-FR-2356,468,04,Preserve audit evidence for material events,audit-evidence,LLD-03 Audit metadata; LLD-09 Observability; Governed audit writer/event consumer,"Audit event/entity with actor, tenant, action, timestamp, correlation and outcome metadata; retention controls",Audit event contract; correlation/causation identifiers; protected payload rules,PENDING — no exact approved locator in supplied consolidated LLD,PENDING — supporting design only; exact requirement-level binding not evidenced,PENDING — approved BRD/SRS acceptance source and measurable oracle required,SUPPORTING DESIGN IDENTIFIED — DO NOT PROMOTE TO EXACT BINDING
REQ-46805,BRD-001-REQ-46805,SRS-FR-2357,468,05,Support controlled exception handling,exception-handling,"LLD-06 Workflow & Rules; LLD-07 Integration; Bounded retry, compensation, dead-letter queue/recovery handling","Workflow state, exception state, retry counters, compensation/recovery metadata; DLQ where applicable",Workflow commands/events; retry/recovery/DLQ contract; idempotent consumers,PENDING — no exact approved locator in supplied consolidated LLD,PENDING — supporting design only; exact requirement-level binding not evidenced,PENDING — approved BRD/SRS acceptance source and measurable oracle required,SUPPORTING DESIGN IDENTIFIED — DO NOT PROMOTE TO EXACT BINDING
REQ-46806,BRD-001-REQ-46806,SRS-FR-2358,468,06,"Provide governed reporting for status, exceptions and performance",governed-reporting,LLD-09 Observability/Analytics; Governed reporting read model; tenant-scoped aggregation,Governed read model/aggregation; tenant-scoped metrics and reporting dimensions,Reporting query/read-model contract; governed analytics feed,PENDING — no exact approved locator in supplied consolidated LLD,PENDING — supporting design only; exact requirement-level binding not evidenced,PENDING — approved BRD/SRS acceptance source and measurable oracle required,SUPPORTING DESIGN IDENTIFIED — DO NOT PROMOTE TO EXACT BINDING
REQ-46901,BRD-001-REQ-46901,SRS-FR-2359,469,01,Maintain authoritative records and lifecycle history,authoritative-records,LLD-02 Domain & Component; LLD-03 Data Model; Authoritative aggregate/entity + repository/service boundary,"Authoritative entity/aggregate; keys, tenant scope, lifecycle/version metadata, audit fields, constraints and retention",Domain/application API; lifecycle events only after authoritative commit,PENDING — no exact approved locator in supplied consolidated LLD,PENDING — supporting design only; exact requirement-level binding not evidenced,PENDING — approved BRD/SRS acceptance source and measurable oracle required,SUPPORTING DESIGN IDENTIFIED — DO NOT PROMOTE TO EXACT BINDING
REQ-46902,BRD-001-REQ-46902,SRS-FR-2360,469,02,Enforce role-based authorization before material actions,authorization,LLD-05 Security & Authorization; Trusted identity/tenant context; RBAC/ABAC policy evaluator,"Identity principal, tenant context, role/permission policy; privileged-action audit",Auth context and policy evaluation; authorization denial event/audit as required,PENDING — no exact approved locator in supplied consolidated LLD,PENDING — supporting design only; exact requirement-level binding not evidenced,PENDING — approved BRD/SRS acceptance source and measurable oracle required,SUPPORTING DESIGN IDENTIFIED — DO NOT PROMOTE TO EXACT BINDING
REQ-46903,BRD-001-REQ-46903,SRS-FR-2361,469,03,Validate mandatory business conditions before material changes,business-validation,LLD-02 Domain & Component; LLD-06 Workflow & Rules; Command handler + invariant/rule evaluation,"Validation rules/invariants, command inputs, decision outputs; transactional consistency",Command/query contracts; validation result/error envelope; idempotency key,PENDING — no exact approved locator in supplied consolidated LLD,PENDING — supporting design only; exact requirement-level binding not evidenced,PENDING — approved BRD/SRS acceptance source and measurable oracle required,SUPPORTING DESIGN IDENTIFIED — DO NOT PROMOTE TO EXACT BINDING
REQ-46904,BRD-001-REQ-46904,SRS-FR-2362,469,04,Preserve audit evidence for material events,audit-evidence,LLD-03 Audit metadata; LLD-09 Observability; Governed audit writer/event consumer,"Audit event/entity with actor, tenant, action, timestamp, correlation and outcome metadata; retention controls",Audit event contract; correlation/causation identifiers; protected payload rules,PENDING — no exact approved locator in supplied consolidated LLD,PENDING — supporting design only; exact requirement-level binding not evidenced,PENDING — approved BRD/SRS acceptance source and measurable oracle required,SUPPORTING DESIGN IDENTIFIED — DO NOT PROMOTE TO EXACT BINDING
REQ-46905,BRD-001-REQ-46905,SRS-FR-2363,469,05,Support controlled exception handling,exception-handling,"LLD-06 Workflow & Rules; LLD-07 Integration; Bounded retry, compensation, dead-letter queue/recovery handling","Workflow state, exception state, retry counters, compensation/recovery metadata; DLQ where applicable",Workflow commands/events; retry/recovery/DLQ contract; idempotent consumers,PENDING — no exact approved locator in supplied consolidated LLD,PENDING — supporting design only; exact requirement-level binding not evidenced,PENDING — approved BRD/SRS acceptance source and measurable oracle required,SUPPORTING DESIGN IDENTIFIED — DO NOT PROMOTE TO EXACT BINDING
REQ-46906,BRD-001-REQ-46906,SRS-FR-2364,469,06,"Provide governed reporting for status, exceptions and performance",governed-reporting,LLD-09 Observability/Analytics; Governed reporting read model; tenant-scoped aggregation,Governed read model/aggregation; tenant-scoped metrics and reporting dimensions,Reporting query/read-model contract; governed analytics feed,PENDING — no exact approved locator in supplied consolidated LLD,PENDING — supporting design only; exact requirement-level binding not evidenced,PENDING — approved BRD/SRS acceptance source and measurable oracle required,SUPPORTING DESIGN IDENTIFIED — DO NOT PROMOTE TO EXACT BINDING
REQ-47001,BRD-001-REQ-47001,SRS-FR-2365,470,01,Maintain authoritative records and lifecycle history,authoritative-records,LLD-02 Domain & Component; LLD-03 Data Model; Authoritative aggregate/entity + repository/service boundary,"Authoritative entity/aggregate; keys, tenant scope, lifecycle/version metadata, audit fields, constraints and retention",Domain/application API; lifecycle events only after authoritative commit,PENDING — no exact approved locator in supplied consolidated LLD,PENDING — supporting design only; exact requirement-level binding not evidenced,PENDING — approved BRD/SRS acceptance source and measurable oracle required,SUPPORTING DESIGN IDENTIFIED — DO NOT PROMOTE TO EXACT BINDING
REQ-47002,BRD-001-REQ-47002,SRS-FR-2366,470,02,Enforce role-based authorization before material actions,authorization,LLD-05 Security & Authorization; Trusted identity/tenant context; RBAC/ABAC policy evaluator,"Identity principal, tenant context, role/permission policy; privileged-action audit",Auth context and policy evaluation; authorization denial event/audit as required,PENDING — no exact approved locator in supplied consolidated LLD,PENDING — supporting design only; exact requirement-level binding not evidenced,PENDING — approved BRD/SRS acceptance source and measurable oracle required,SUPPORTING DESIGN IDENTIFIED — DO NOT PROMOTE TO EXACT BINDING
REQ-47003,BRD-001-REQ-47003,SRS-FR-2367,470,03,Validate mandatory business conditions before material changes,business-validation,LLD-02 Domain & Component; LLD-06 Workflow & Rules; Command handler + invariant/rule evaluation,"Validation rules/invariants, command inputs, decision outputs; transactional consistency",Command/query contracts; validation result/error envelope; idempotency key,PENDING — no exact approved locator in supplied consolidated LLD,PENDING — supporting design only; exact requirement-level binding not evidenced,PENDING — approved BRD/SRS acceptance source and measurable oracle required,SUPPORTING DESIGN IDENTIFIED — DO NOT PROMOTE TO EXACT BINDING
REQ-47004,BRD-001-REQ-47004,SRS-FR-2368,470,04,Preserve audit evidence for material events,audit-evidence,LLD-03 Audit metadata; LLD-09 Observability; Governed audit writer/event consumer,"Audit event/entity with actor, tenant, action, timestamp, correlation and outcome metadata; retention controls",Audit event contract; correlation/causation identifiers; protected payload rules,PENDING — no exact approved locator in supplied consolidated LLD,PENDING — supporting design only; exact requirement-level binding not evidenced,PENDING — approved BRD/SRS acceptance source and measurable oracle required,SUPPORTING DESIGN IDENTIFIED — DO NOT PROMOTE TO EXACT BINDING
REQ-47005,BRD-001-REQ-47005,SRS-FR-2369,470,05,Support controlled exception handling,exception-handling,"LLD-06 Workflow & Rules; LLD-07 Integration; Bounded retry, compensation, dead-letter queue/recovery handling","Workflow state, exception state, retry counters, compensation/recovery metadata; DLQ where applicable",Workflow commands/events; retry/recovery/DLQ contract; idempotent consumers,PENDING — no exact approved locator in supplied consolidated LLD,PENDING — supporting design only; exact requirement-level binding not evidenced,PENDING — approved BRD/SRS acceptance source and measurable oracle required,SUPPORTING DESIGN IDENTIFIED — DO NOT PROMOTE TO EXACT BINDING
REQ-47006,BRD-001-REQ-47006,SRS-FR-2370,470,06,"Provide governed reporting for status, exceptions and performance",governed-reporting,LLD-09 Observability/Analytics; Governed reporting read model; tenant-scoped aggregation,Governed read model/aggregation; tenant-scoped metrics and reporting dimensions,Reporting query/read-model contract; governed analytics feed,PENDING — no exact approved locator in supplied consolidated LLD,PENDING — supporting design only; exact requirement-level binding not evidenced,PENDING — approved BRD/SRS acceptance source and measurable oracle required,SUPPORTING DESIGN IDENTIFIED — DO NOT PROMOTE TO EXACT BINDING
