gate_id,gate_control,evidence_required,proposed_accountable_role,named_owner,target_date,evidence_reference,evidence_date,verified_by,verification_date,review_decision,approval_reference,status,blocker_if_not_met,notes
E1,Protected GitHub Environment and approved protection policy,Environment settings export or authorized confirmation; required reviewers; branch restrictions; policy approval,Repository administrator / security owner,,,,,,,PENDING,,PENDING,Do not authorize target deployment or UAT execution,
E2,Exact approved UAT_ALLOWED_HOST,Environment configuration evidence showing variable name and approved host only; never include secrets,Repository administrator / release engineer,,,,,,,PENDING,,PENDING,Target host remains unverified,
E3,Service-owner approval of HTTPS base URL and health path,Approved service/change ticket with exact HTTPS base URL and health path,Service owner,,,,,,,PENDING,,PENDING,Target endpoint is not authorized,
E4,Authorized target preflight for expected deployed build,"Preflight workflow URL, artifact reference, target identity, deployed build/commit identity and timestamp",Release engineer / service owner,,,,,,,PENDING,,PENDING,Do not begin business execution,
E5,Explicit business-owner authorization for B01,"Recorded approval identifying approver, scope (Chapters 463–470 / 48 requirements), date/time and decision reference",B01 business owner,,,,,,,PENDING,,PENDING,B01 execution not authorized,
E6,Named tester and valid session authorization,Access/session authorization reference and planned session window; no passwords or tokens,UAT lead / identity administrator,,,,,,,PENDING,,PENDING,Tester cannot execute tests,
E7,OAuth login verified using approved identity provider,Authentication test evidence reference and timestamp; do not capture access or refresh tokens,Identity administrator / UAT lead,,,,,,,PENDING,,PENDING,Authentication path unverified,
E8,Tester role and tenant scope confirmed,Approved role/tenant access matrix and verification evidence,Application security owner / business owner,,,,,,,PENDING,,PENDING,Authorization coverage cannot be trusted,
E9,Test data approved and identifiable,"Dataset reference, data-owner approval, and masking/privacy confirmation where applicable",Data owner / UAT lead,,,,,,,PENDING,,PENDING,Tests must not use unapproved data,
E10,Audit logs and business reports accessible,Read-access verification and references to relevant audit log/report views,Operations owner / audit owner,,,,,,,PENDING,,PENDING,Outcome cannot be adequately evidenced,
E11,Controlled evidence archive and naming convention available,"Archive location, index/register reference, access controls and naming/version convention",Records / audit evidence owner,,,,,,,PENDING,,PENDING,Evidence cannot be controlled or retrieved,
E12,Defect and exception workflow known,"Defect/exception tracker reference, named triage owner, severity rules and escalation path",UAT lead / defect manager,,,,,,,PENDING,,PENDING,Failures may not receive controlled disposition,
E13,All 48 cases reviewed with explicit expected results,"Completed 48-row case checklist; every row links requirement/SRS, approved acceptance source, scenario, expected result and reviewer approval",Requirements owner / business owner / test lead,,,,,,,PENDING,,PENDING,Do not execute B01 until all in-scope cases meet criterion,
