gate,required_control,evidence_to_request,proposed_accountable_role,pass_criterion,status,blocker_if_not_met
E1,Protected GitHub Environment exists and controls match approved policy,Environment settings evidence or authorized administrator confirmation; required reviewers and branch restrictions visible,Repository administrator / security owner,Environment exists and protection settings are evidenced and approved,PENDING,Do not authorize target deployment or UAT execution
E2,UAT_ALLOWED_HOST is set to exact approved host,Environment configuration confirmation showing variable name and approved host only; exclude secrets,Repository administrator / release engineer,Configured host exactly matches approved target host,PENDING,Target host is unverified
E3,Service owner approves HTTPS base URL and health path,Service approval or change ticket with base URL and health endpoint,Service owner,Approval explicitly identifies the target URL and health path,PENDING,Target endpoint is not authorized
E4,Authorized target preflight passes for expected deployed build,Preflight workflow run URL plus artifact and deployed build/commit identity,Release engineer / service owner,Preflight passes against the authorized target and expected build identity,PENDING,Do not begin business execution
E5,Business owner authorizes B01 execution,Recorded approval with approver identity, scope, date/time and batch, B01 business owner,Approval explicitly authorizes Chapters 463–470 / 48 requirements,PENDING,B01 execution not authorized
E6,Named tester identity and session authorization are valid,Access request or session authorization reference; no passwords or tokens, UAT lead / identity administrator,Tester is named and authorization is valid for the planned session,PENDING,Tester cannot execute tests
E7,OAuth login verified through approved identity provider,Authentication test evidence reference and timestamp; never capture access or refresh tokens,Identity administrator / UAT lead,Approved identity can authenticate and evidence is archived,PENDING,Authentication path unverified
E8,Tester role and tenant scope confirmed,Approved role/tenant access matrix and verification evidence,Application security owner / business owner,Tester has only the approved role and tenant scope required for B01,PENDING,Authorization coverage cannot be trusted
E9,Test data approved and identifiable,Test data set reference, data owner approval and masking/privacy confirmation where applicable,Data owner / UAT lead,Test data is approved, available, identifiable and appropriate for UAT,PENDING,Tests must not use unapproved data
E10,Audit logs and business reports accessible,Read-access verification and reference to relevant audit log/report views,Operations owner / audit owner,Authorized tester/reviewer can retrieve the required audit logs and reports,PENDING,Outcome cannot be adequately evidenced
E11,Evidence archive and naming convention available,Controlled archive location, index/register reference, access controls and naming/version convention,Records / audit evidence owner,Archive is accessible and each test can be linked to a controlled evidence reference,PENDING,Evidence cannot be controlled or retrieved
E12,Defect and exception workflow is known,Defect/exception tracker reference, named triage owner and escalation path,UAT lead / defect manager,Failures and blockers can be logged, assigned and escalated,PENDING,Failures may not receive controlled disposition
E13,All 48 B01 cases have reviewed scenarios and approved explicit expected results,Completed 48-row case-gap register; each row links to requirement and SRS, approved source acceptance criteria, scenario steps, expected result and reviewer approval,Requirements owner / business owner / test lead,All 48 rows are reviewed and traceable to approved requirement-specific acceptance criteria; no generic placeholders,PENDING,Do not execute B01 until all in-scope cases meet the criterion
