evidence_id,gate_id,domain,required_evidence,evidence_reference,source_or_ticket,approved_value_or_scope,owner_role,owner_name,reviewer_role,reviewer_name,verified_at_utc,status,blocker_id,next_action,due_date_utc,notes
"ENV-01","E1","Environment","Protected GitHub Environment exists; required reviewers and branch restrictions verified","","","","","","","PENDING","","","","No approval or access is implied. Never store credentials, tokens, cookies or secret values here."
"ENV-02","E2","Environment","UAT_ALLOWED_HOST exact host configured; no secret value copied to this register","","","","","","","PENDING","","","","No approval or access is implied. Never store credentials, tokens, cookies or secret values here."
"TGT-01","E3","Target","Service-owner approval for HTTPS base URL and safe health path","","","","","","","PENDING","","","","No approval or access is implied. Never store credentials, tokens, cookies or secret values here."
"TGT-02","E4","Target","Preflight run URL, artifact, timestamp and exact build ID match","","","","","","","PENDING","","","","No approval or access is implied. Never store credentials, tokens, cookies or secret values here."
"AUTH-01","E5","Authorization","Business-owner approval to begin B01","","","","","","","PENDING","","","","No approval or access is implied. Never store credentials, tokens, cookies or secret values here."
"ID-01","E6","Identity","Named tester and approved access request reference","","","","","","","PENDING","","","","No approval or access is implied. Never store credentials, tokens, cookies or secret values here."
"OAUTH-01","E7","Authentication","OAuth login verification evidence; no token/cookie/auth code","","","","","","","PENDING","","","","No approval or access is implied. Never store credentials, tokens, cookies or secret values here."
"ROLE-01","E8","Authorization","Approved role/action matrix and tester role evidence","","","","","","","PENDING","","","","No approval or access is implied. Never store credentials, tokens, cookies or secret values here."
"TENANT-01","E8","Authorization","Approved tenant/scope reference and boundary verification","","","","","","","PENDING","","","","No approval or access is implied. Never store credentials, tokens, cookies or secret values here."
"DATA-01","E9","Test data","Approved dataset reference, owner, scope and refresh/cleanup plan","","","","","","","PENDING","","","","No approval or access is implied. Never store credentials, tokens, cookies or secret values here."
"AUD-01","E10","Evidence access","Audit-log read access verification and sample event retrieval reference","","","","","","","PENDING","","","","No approval or access is implied. Never store credentials, tokens, cookies or secret values here."
"RPT-01","E10","Evidence access","Business-report access verification and report/export reference","","","","","","","PENDING","","","","No approval or access is implied. Never store credentials, tokens, cookies or secret values here."
"ARCH-01","E11","Evidence archive","Archive location, access policy, naming, retention and retrieval verification","","","","","","","PENDING","","","","No approval or access is implied. Never store credentials, tokens, cookies or secret values here."
"DEF-01","E12","Defect handling","Defect tracker, triage owner, severity/SLA and escalation path","","","","","","","PENDING","","","","No approval or access is implied. Never store credentials, tokens, cookies or secret values here."
"CASE-01","E13","Test cases","Approved case baseline and source locator coverage for all 48 requirements","","","","","","","PENDING","","","","No approval or access is implied. Never store credentials, tokens, cookies or secret values here."
"CASE-02","E13","Test cases","Reviewed steps, measurable expected results, test data and evidence fields per requirement","","","","","","","PENDING","","","","No approval or access is implied. Never store credentials, tokens, cookies or secret values here."
