case_id,requirement_id,chapter,brd_id,brd_id_status,srs_id,approved_brd_version_locator,approved_srs_version_locator,requirement_specific_acceptance_source,actor_role_tenant_confirmed,preconditions_and_test_data_approved,positive_steps_reviewed,negative_path_reviewed,measurable_expected_result_approved,evidence_capture_plan_approved,reviewer_identity,review_decision,decision_date,approval_reference,execution_authorized
B01-463-01,REQ-46301,463,BRD-001-REQ-46301,UNVERIFIED_PENDING_OWNER_CONFIRMATION,SRS-FR-2323,,,,PENDING,PENDING,PENDING,PENDING,PENDING,PENDING,,PENDING,,,NO
B01-463-02,REQ-46302,463,BRD-001-REQ-46302,UNVERIFIED_PENDING_OWNER_CONFIRMATION,SRS-FR-2324,,,,PENDING,PENDING,PENDING,PENDING,PENDING,PENDING,,PENDING,,,NO
B01-463-03,REQ-46303,463,BRD-001-REQ-46303,UNVERIFIED_PENDING_OWNER_CONFIRMATION,SRS-FR-2325,,,,PENDING,PENDING,PENDING,PENDING,PENDING,PENDING,,PENDING,,,NO
B01-463-04,REQ-46304,463,BRD-001-REQ-46304,UNVERIFIED_PENDING_OWNER_CONFIRMATION,SRS-FR-2326,,,,PENDING,PENDING,PENDING,PENDING,PENDING,PENDING,,PENDING,,,NO
B01-463-05,REQ-46305,463,BRD-001-REQ-46305,UNVERIFIED_PENDING_OWNER_CONFIRMATION,SRS-FR-2327,,,,PENDING,PENDING,PENDING,PENDING,PENDING,PENDING,,PENDING,,,NO
B01-463-06,REQ-46306,463,BRD-001-REQ-46306,UNVERIFIED_PENDING_OWNER_CONFIRMATION,SRS-FR-2328,,,,PENDING,PENDING,PENDING,PENDING,PENDING,PENDING,,PENDING,,,NO
B01-464-01,REQ-46401,464,BRD-001-REQ-46401,UNVERIFIED_PENDING_OWNER_CONFIRMATION,SRS-FR-2329,,,,PENDING,PENDING,PENDING,PENDING,PENDING,PENDING,,PENDING,,,NO
B01-464-02,REQ-46402,464,BRD-001-REQ-46402,UNVERIFIED_PENDING_OWNER_CONFIRMATION,SRS-FR-2330,,,,PENDING,PENDING,PENDING,PENDING,PENDING,PENDING,,PENDING,,,NO
B01-464-03,REQ-46403,464,BRD-001-REQ-46403,UNVERIFIED_PENDING_OWNER_CONFIRMATION,SRS-FR-2331,,,,PENDING,PENDING,PENDING,PENDING,PENDING,PENDING,,PENDING,,,NO
B01-464-04,REQ-46404,464,BRD-001-REQ-46404,UNVERIFIED_PENDING_OWNER_CONFIRMATION,SRS-FR-2332,,,,PENDING,PENDING,PENDING,PENDING,PENDING,PENDING,,PENDING,,,NO
B01-464-05,REQ-46405,464,BRD-001-REQ-46405,UNVERIFIED_PENDING_OWNER_CONFIRMATION,SRS-FR-2333,,,,PENDING,PENDING,PENDING,PENDING,PENDING,PENDING,,PENDING,,,NO
B01-464-06,REQ-46406,464,BRD-001-REQ-46406,UNVERIFIED_PENDING_OWNER_CONFIRMATION,SRS-FR-2334,,,,PENDING,PENDING,PENDING,PENDING,PENDING,PENDING,,PENDING,,,NO
B01-465-01,REQ-46501,465,BRD-001-REQ-46501,UNVERIFIED_PENDING_OWNER_CONFIRMATION,SRS-FR-2335,,,,PENDING,PENDING,PENDING,PENDING,PENDING,PENDING,,PENDING,,,NO
B01-465-02,REQ-46502,465,BRD-001-REQ-46502,UNVERIFIED_PENDING_OWNER_CONFIRMATION,SRS-FR-2336,,,,PENDING,PENDING,PENDING,PENDING,PENDING,PENDING,,PENDING,,,NO
B01-465-03,REQ-46503,465,BRD-001-REQ-46503,UNVERIFIED_PENDING_OWNER_CONFIRMATION,SRS-FR-2337,,,,PENDING,PENDING,PENDING,PENDING,PENDING,PENDING,,PENDING,,,NO
B01-465-04,REQ-46504,465,BRD-001-REQ-46504,UNVERIFIED_PENDING_OWNER_CONFIRMATION,SRS-FR-2338,,,,PENDING,PENDING,PENDING,PENDING,PENDING,PENDING,,PENDING,,,NO
B01-465-05,REQ-46505,465,BRD-001-REQ-46505,UNVERIFIED_PENDING_OWNER_CONFIRMATION,SRS-FR-2339,,,,PENDING,PENDING,PENDING,PENDING,PENDING,PENDING,,PENDING,,,NO
B01-465-06,REQ-46506,465,BRD-001-REQ-46506,UNVERIFIED_PENDING_OWNER_CONFIRMATION,SRS-FR-2340,,,,PENDING,PENDING,PENDING,PENDING,PENDING,PENDING,,PENDING,,,NO
B01-466-01,REQ-46601,466,BRD-001-REQ-46601,UNVERIFIED_PENDING_OWNER_CONFIRMATION,SRS-FR-2341,,,,PENDING,PENDING,PENDING,PENDING,PENDING,PENDING,,PENDING,,,NO
B01-466-02,REQ-46602,466,BRD-001-REQ-46602,UNVERIFIED_PENDING_OWNER_CONFIRMATION,SRS-FR-2342,,,,PENDING,PENDING,PENDING,PENDING,PENDING,PENDING,,PENDING,,,NO
B01-466-03,REQ-46603,466,BRD-001-REQ-46603,UNVERIFIED_PENDING_OWNER_CONFIRMATION,SRS-FR-2343,,,,PENDING,PENDING,PENDING,PENDING,PENDING,PENDING,,PENDING,,,NO
B01-466-04,REQ-46604,466,BRD-001-REQ-46604,UNVERIFIED_PENDING_OWNER_CONFIRMATION,SRS-FR-2344,,,,PENDING,PENDING,PENDING,PENDING,PENDING,PENDING,,PENDING,,,NO
B01-466-05,REQ-46605,466,BRD-001-REQ-46605,UNVERIFIED_PENDING_OWNER_CONFIRMATION,SRS-FR-2345,,,,PENDING,PENDING,PENDING,PENDING,PENDING,PENDING,,PENDING,,,NO
B01-466-06,REQ-46606,466,BRD-001-REQ-46606,UNVERIFIED_PENDING_OWNER_CONFIRMATION,SRS-FR-2346,,,,PENDING,PENDING,PENDING,PENDING,PENDING,PENDING,,PENDING,,,NO
B01-467-01,REQ-46701,467,BRD-001-REQ-46701,UNVERIFIED_PENDING_OWNER_CONFIRMATION,SRS-FR-2347,,,,PENDING,PENDING,PENDING,PENDING,PENDING,PENDING,,PENDING,,,NO
B01-467-02,REQ-46702,467,BRD-001-REQ-46702,UNVERIFIED_PENDING_OWNER_CONFIRMATION,SRS-FR-2348,,,,PENDING,PENDING,PENDING,PENDING,PENDING,PENDING,,PENDING,,,NO
B01-467-03,REQ-46703,467,BRD-001-REQ-46703,UNVERIFIED_PENDING_OWNER_CONFIRMATION,SRS-FR-2349,,,,PENDING,PENDING,PENDING,PENDING,PENDING,PENDING,,PENDING,,,NO
B01-467-04,REQ-46704,467,BRD-001-REQ-46704,UNVERIFIED_PENDING_OWNER_CONFIRMATION,SRS-FR-2350,,,,PENDING,PENDING,PENDING,PENDING,PENDING,PENDING,,PENDING,,,NO
B01-467-05,REQ-46705,467,BRD-001-REQ-46705,UNVERIFIED_PENDING_OWNER_CONFIRMATION,SRS-FR-2351,,,,PENDING,PENDING,PENDING,PENDING,PENDING,PENDING,,PENDING,,,NO
B01-467-06,REQ-46706,467,BRD-001-REQ-46706,UNVERIFIED_PENDING_OWNER_CONFIRMATION,SRS-FR-2352,,,,PENDING,PENDING,PENDING,PENDING,PENDING,PENDING,,PENDING,,,NO
B01-468-01,REQ-46801,468,BRD-001-REQ-46801,UNVERIFIED_PENDING_OWNER_CONFIRMATION,SRS-FR-2353,,,,PENDING,PENDING,PENDING,PENDING,PENDING,PENDING,,PENDING,,,NO
B01-468-02,REQ-46802,468,BRD-001-REQ-46802,UNVERIFIED_PENDING_OWNER_CONFIRMATION,SRS-FR-2354,,,,PENDING,PENDING,PENDING,PENDING,PENDING,PENDING,,PENDING,,,NO
B01-468-03,REQ-46803,468,BRD-001-REQ-46803,UNVERIFIED_PENDING_OWNER_CONFIRMATION,SRS-FR-2355,,,,PENDING,PENDING,PENDING,PENDING,PENDING,PENDING,,PENDING,,,NO
B01-468-04,REQ-46804,468,BRD-001-REQ-46804,UNVERIFIED_PENDING_OWNER_CONFIRMATION,SRS-FR-2356,,,,PENDING,PENDING,PENDING,PENDING,PENDING,PENDING,,PENDING,,,NO
B01-468-05,REQ-46805,468,BRD-001-REQ-46805,UNVERIFIED_PENDING_OWNER_CONFIRMATION,SRS-FR-2357,,,,PENDING,PENDING,PENDING,PENDING,PENDING,PENDING,,PENDING,,,NO
B01-468-06,REQ-46806,468,BRD-001-REQ-46806,UNVERIFIED_PENDING_OWNER_CONFIRMATION,SRS-FR-2358,,,,PENDING,PENDING,PENDING,PENDING,PENDING,PENDING,,PENDING,,,NO
B01-469-01,REQ-46901,469,BRD-001-REQ-46901,UNVERIFIED_PENDING_OWNER_CONFIRMATION,SRS-FR-2359,,,,PENDING,PENDING,PENDING,PENDING,PENDING,PENDING,,PENDING,,,NO
B01-469-02,REQ-46902,469,BRD-001-REQ-46902,UNVERIFIED_PENDING_OWNER_CONFIRMATION,SRS-FR-2360,,,,PENDING,PENDING,PENDING,PENDING,PENDING,PENDING,,PENDING,,,NO
B01-469-03,REQ-46903,469,BRD-001-REQ-46903,UNVERIFIED_PENDING_OWNER_CONFIRMATION,SRS-FR-2361,,,,PENDING,PENDING,PENDING,PENDING,PENDING,PENDING,,PENDING,,,NO
B01-469-04,REQ-46904,469,BRD-001-REQ-46904,UNVERIFIED_PENDING_OWNER_CONFIRMATION,SRS-FR-2362,,,,PENDING,PENDING,PENDING,PENDING,PENDING,PENDING,,PENDING,,,NO
B01-469-05,REQ-46905,469,BRD-001-REQ-46905,UNVERIFIED_PENDING_OWNER_CONFIRMATION,SRS-FR-2363,,,,PENDING,PENDING,PENDING,PENDING,PENDING,PENDING,,PENDING,,,NO
B01-469-06,REQ-46906,469,BRD-001-REQ-46906,UNVERIFIED_PENDING_OWNER_CONFIRMATION,SRS-FR-2364,,,,PENDING,PENDING,PENDING,PENDING,PENDING,PENDING,,PENDING,,,NO
B01-470-01,REQ-47001,470,BRD-001-REQ-47001,UNVERIFIED_PENDING_OWNER_CONFIRMATION,SRS-FR-2365,,,,PENDING,PENDING,PENDING,PENDING,PENDING,PENDING,,PENDING,,,NO
B01-470-02,REQ-47002,470,BRD-001-REQ-47002,UNVERIFIED_PENDING_OWNER_CONFIRMATION,SRS-FR-2366,,,,PENDING,PENDING,PENDING,PENDING,PENDING,PENDING,,PENDING,,,NO
B01-470-03,REQ-47003,470,BRD-001-REQ-47003,UNVERIFIED_PENDING_OWNER_CONFIRMATION,SRS-FR-2367,,,,PENDING,PENDING,PENDING,PENDING,PENDING,PENDING,,PENDING,,,NO
B01-470-04,REQ-47004,470,BRD-001-REQ-47004,UNVERIFIED_PENDING_OWNER_CONFIRMATION,SRS-FR-2368,,,,PENDING,PENDING,PENDING,PENDING,PENDING,PENDING,,PENDING,,,NO
B01-470-05,REQ-47005,470,BRD-001-REQ-47005,UNVERIFIED_PENDING_OWNER_CONFIRMATION,SRS-FR-2369,,,,PENDING,PENDING,PENDING,PENDING,PENDING,PENDING,,PENDING,,,NO
B01-470-06,REQ-47006,470,BRD-001-REQ-47006,UNVERIFIED_PENDING_OWNER_CONFIRMATION,SRS-FR-2370,,,,PENDING,PENDING,PENDING,PENDING,PENDING,PENDING,,PENDING,,,NO
