requirement_id,chapter,chapter_title,brd_priority,brd_requirement_statement,brd_exact_locator,srs_id,srs_parent_requirement_locator,srs_acceptance_criteria_specificity,source_backed_observation,owner_decision_needed,source_baseline_status
REQ-46301,463,Enterprise Event & Message Management,MUST,Maintain authoritative records and lifecycle history.,"EM-BRD-001_Detailed_Chapters-461-470_v1.0.docx — Chapter 463, §463.21 “Initial Requirement Register”, row BRD-001-REQ-46301",SRS-FR-2323,"EM-SRS-001_SRS_Batch_010_Chapters_451_500.docx — SRS-FR-2323, parent BRD-001-REQ-46301",GENERIC_CRITERIA_NOT_REQUIREMENT_SPECIFIC,"BRD register provides a capability-level statement; SRS repeats generic criteria (capability available; stated rules enforced; valid processing outcome; invalid processing rejected/handled; traceability). Chapter template sections do not provide an approved actor/role matrix, concrete business-rule values, measurable expected results, or case-specific data.","Owner must supply/approve actors and permissions, preconditions/test data, exact rule/constraints, positive/negative outcomes, measurable oracle, state-integrity requirements, evidence fields, and source version/approval reference.",SRS BATCH 010 WORKING DRAFT — BASELINE APPROVAL PENDING
REQ-46302,463,Enterprise Event & Message Management,MUST,Enforce role-based authorization before material actions.,"EM-BRD-001_Detailed_Chapters-461-470_v1.0.docx — Chapter 463, §463.21 “Initial Requirement Register”, row BRD-001-REQ-46302",SRS-FR-2324,"EM-SRS-001_SRS_Batch_010_Chapters_451_500.docx — SRS-FR-2324, parent BRD-001-REQ-46302",GENERIC_CRITERIA_NOT_REQUIREMENT_SPECIFIC,"BRD register provides a capability-level statement; SRS repeats generic criteria (capability available; stated rules enforced; valid processing outcome; invalid processing rejected/handled; traceability). Chapter template sections do not provide an approved actor/role matrix, concrete business-rule values, measurable expected results, or case-specific data.","Owner must supply/approve actors and permissions, preconditions/test data, exact rule/constraints, positive/negative outcomes, measurable oracle, state-integrity requirements, evidence fields, and source version/approval reference.",SRS BATCH 010 WORKING DRAFT — BASELINE APPROVAL PENDING
REQ-46303,463,Enterprise Event & Message Management,MUST,Validate mandatory business conditions before material changes.,"EM-BRD-001_Detailed_Chapters-461-470_v1.0.docx — Chapter 463, §463.21 “Initial Requirement Register”, row BRD-001-REQ-46303",SRS-FR-2325,"EM-SRS-001_SRS_Batch_010_Chapters_451_500.docx — SRS-FR-2325, parent BRD-001-REQ-46303",GENERIC_CRITERIA_NOT_REQUIREMENT_SPECIFIC,"BRD register provides a capability-level statement; SRS repeats generic criteria (capability available; stated rules enforced; valid processing outcome; invalid processing rejected/handled; traceability). Chapter template sections do not provide an approved actor/role matrix, concrete business-rule values, measurable expected results, or case-specific data.","Owner must supply/approve actors and permissions, preconditions/test data, exact rule/constraints, positive/negative outcomes, measurable oracle, state-integrity requirements, evidence fields, and source version/approval reference.",SRS BATCH 010 WORKING DRAFT — BASELINE APPROVAL PENDING
REQ-46304,463,Enterprise Event & Message Management,MUST,Preserve audit evidence for material events.,"EM-BRD-001_Detailed_Chapters-461-470_v1.0.docx — Chapter 463, §463.21 “Initial Requirement Register”, row BRD-001-REQ-46304",SRS-FR-2326,"EM-SRS-001_SRS_Batch_010_Chapters_451_500.docx — SRS-FR-2326, parent BRD-001-REQ-46304",GENERIC_CRITERIA_NOT_REQUIREMENT_SPECIFIC,"BRD register provides a capability-level statement; SRS repeats generic criteria (capability available; stated rules enforced; valid processing outcome; invalid processing rejected/handled; traceability). Chapter template sections do not provide an approved actor/role matrix, concrete business-rule values, measurable expected results, or case-specific data.","Owner must supply/approve actors and permissions, preconditions/test data, exact rule/constraints, positive/negative outcomes, measurable oracle, state-integrity requirements, evidence fields, and source version/approval reference.",SRS BATCH 010 WORKING DRAFT — BASELINE APPROVAL PENDING
REQ-46305,463,Enterprise Event & Message Management,MUST,Support controlled exception handling.,"EM-BRD-001_Detailed_Chapters-461-470_v1.0.docx — Chapter 463, §463.21 “Initial Requirement Register”, row BRD-001-REQ-46305",SRS-FR-2327,"EM-SRS-001_SRS_Batch_010_Chapters_451_500.docx — SRS-FR-2327, parent BRD-001-REQ-46305",GENERIC_CRITERIA_NOT_REQUIREMENT_SPECIFIC,"BRD register provides a capability-level statement; SRS repeats generic criteria (capability available; stated rules enforced; valid processing outcome; invalid processing rejected/handled; traceability). Chapter template sections do not provide an approved actor/role matrix, concrete business-rule values, measurable expected results, or case-specific data.","Owner must supply/approve actors and permissions, preconditions/test data, exact rule/constraints, positive/negative outcomes, measurable oracle, state-integrity requirements, evidence fields, and source version/approval reference.",SRS BATCH 010 WORKING DRAFT — BASELINE APPROVAL PENDING
REQ-46306,463,Enterprise Event & Message Management,SHOULD,"Provide governed reporting for status, exceptions and performance.","EM-BRD-001_Detailed_Chapters-461-470_v1.0.docx — Chapter 463, §463.21 “Initial Requirement Register”, row BRD-001-REQ-46306",SRS-FR-2328,"EM-SRS-001_SRS_Batch_010_Chapters_451_500.docx — SRS-FR-2328, parent BRD-001-REQ-46306",GENERIC_CRITERIA_NOT_REQUIREMENT_SPECIFIC,"BRD register provides a capability-level statement; SRS repeats generic criteria (capability available; stated rules enforced; valid processing outcome; invalid processing rejected/handled; traceability). Chapter template sections do not provide an approved actor/role matrix, concrete business-rule values, measurable expected results, or case-specific data.","Owner must supply/approve actors and permissions, preconditions/test data, exact rule/constraints, positive/negative outcomes, measurable oracle, state-integrity requirements, evidence fields, and source version/approval reference.",SRS BATCH 010 WORKING DRAFT — BASELINE APPROVAL PENDING
REQ-46401,464,Enterprise Integration Workflow & Orchestration,MUST,Maintain authoritative records and lifecycle history.,"EM-BRD-001_Detailed_Chapters-461-470_v1.0.docx — Chapter 464, §464.21 “Initial Requirement Register”, row BRD-001-REQ-46401",SRS-FR-2329,"EM-SRS-001_SRS_Batch_010_Chapters_451_500.docx — SRS-FR-2329, parent BRD-001-REQ-46401",GENERIC_CRITERIA_NOT_REQUIREMENT_SPECIFIC,"BRD register provides a capability-level statement; SRS repeats generic criteria (capability available; stated rules enforced; valid processing outcome; invalid processing rejected/handled; traceability). Chapter template sections do not provide an approved actor/role matrix, concrete business-rule values, measurable expected results, or case-specific data.","Owner must supply/approve actors and permissions, preconditions/test data, exact rule/constraints, positive/negative outcomes, measurable oracle, state-integrity requirements, evidence fields, and source version/approval reference.",SRS BATCH 010 WORKING DRAFT — BASELINE APPROVAL PENDING
REQ-46402,464,Enterprise Integration Workflow & Orchestration,MUST,Enforce role-based authorization before material actions.,"EM-BRD-001_Detailed_Chapters-461-470_v1.0.docx — Chapter 464, §464.21 “Initial Requirement Register”, row BRD-001-REQ-46402",SRS-FR-2330,"EM-SRS-001_SRS_Batch_010_Chapters_451_500.docx — SRS-FR-2330, parent BRD-001-REQ-46402",GENERIC_CRITERIA_NOT_REQUIREMENT_SPECIFIC,"BRD register provides a capability-level statement; SRS repeats generic criteria (capability available; stated rules enforced; valid processing outcome; invalid processing rejected/handled; traceability). Chapter template sections do not provide an approved actor/role matrix, concrete business-rule values, measurable expected results, or case-specific data.","Owner must supply/approve actors and permissions, preconditions/test data, exact rule/constraints, positive/negative outcomes, measurable oracle, state-integrity requirements, evidence fields, and source version/approval reference.",SRS BATCH 010 WORKING DRAFT — BASELINE APPROVAL PENDING
REQ-46403,464,Enterprise Integration Workflow & Orchestration,MUST,Validate mandatory business conditions before material changes.,"EM-BRD-001_Detailed_Chapters-461-470_v1.0.docx — Chapter 464, §464.21 “Initial Requirement Register”, row BRD-001-REQ-46403",SRS-FR-2331,"EM-SRS-001_SRS_Batch_010_Chapters_451_500.docx — SRS-FR-2331, parent BRD-001-REQ-46403",GENERIC_CRITERIA_NOT_REQUIREMENT_SPECIFIC,"BRD register provides a capability-level statement; SRS repeats generic criteria (capability available; stated rules enforced; valid processing outcome; invalid processing rejected/handled; traceability). Chapter template sections do not provide an approved actor/role matrix, concrete business-rule values, measurable expected results, or case-specific data.","Owner must supply/approve actors and permissions, preconditions/test data, exact rule/constraints, positive/negative outcomes, measurable oracle, state-integrity requirements, evidence fields, and source version/approval reference.",SRS BATCH 010 WORKING DRAFT — BASELINE APPROVAL PENDING
REQ-46404,464,Enterprise Integration Workflow & Orchestration,MUST,Preserve audit evidence for material events.,"EM-BRD-001_Detailed_Chapters-461-470_v1.0.docx — Chapter 464, §464.21 “Initial Requirement Register”, row BRD-001-REQ-46404",SRS-FR-2332,"EM-SRS-001_SRS_Batch_010_Chapters_451_500.docx — SRS-FR-2332, parent BRD-001-REQ-46404",GENERIC_CRITERIA_NOT_REQUIREMENT_SPECIFIC,"BRD register provides a capability-level statement; SRS repeats generic criteria (capability available; stated rules enforced; valid processing outcome; invalid processing rejected/handled; traceability). Chapter template sections do not provide an approved actor/role matrix, concrete business-rule values, measurable expected results, or case-specific data.","Owner must supply/approve actors and permissions, preconditions/test data, exact rule/constraints, positive/negative outcomes, measurable oracle, state-integrity requirements, evidence fields, and source version/approval reference.",SRS BATCH 010 WORKING DRAFT — BASELINE APPROVAL PENDING
REQ-46405,464,Enterprise Integration Workflow & Orchestration,MUST,Support controlled exception handling.,"EM-BRD-001_Detailed_Chapters-461-470_v1.0.docx — Chapter 464, §464.21 “Initial Requirement Register”, row BRD-001-REQ-46405",SRS-FR-2333,"EM-SRS-001_SRS_Batch_010_Chapters_451_500.docx — SRS-FR-2333, parent BRD-001-REQ-46405",GENERIC_CRITERIA_NOT_REQUIREMENT_SPECIFIC,"BRD register provides a capability-level statement; SRS repeats generic criteria (capability available; stated rules enforced; valid processing outcome; invalid processing rejected/handled; traceability). Chapter template sections do not provide an approved actor/role matrix, concrete business-rule values, measurable expected results, or case-specific data.","Owner must supply/approve actors and permissions, preconditions/test data, exact rule/constraints, positive/negative outcomes, measurable oracle, state-integrity requirements, evidence fields, and source version/approval reference.",SRS BATCH 010 WORKING DRAFT — BASELINE APPROVAL PENDING
REQ-46406,464,Enterprise Integration Workflow & Orchestration,SHOULD,"Provide governed reporting for status, exceptions and performance.","EM-BRD-001_Detailed_Chapters-461-470_v1.0.docx — Chapter 464, §464.21 “Initial Requirement Register”, row BRD-001-REQ-46406",SRS-FR-2334,"EM-SRS-001_SRS_Batch_010_Chapters_451_500.docx — SRS-FR-2334, parent BRD-001-REQ-46406",GENERIC_CRITERIA_NOT_REQUIREMENT_SPECIFIC,"BRD register provides a capability-level statement; SRS repeats generic criteria (capability available; stated rules enforced; valid processing outcome; invalid processing rejected/handled; traceability). Chapter template sections do not provide an approved actor/role matrix, concrete business-rule values, measurable expected results, or case-specific data.","Owner must supply/approve actors and permissions, preconditions/test data, exact rule/constraints, positive/negative outcomes, measurable oracle, state-integrity requirements, evidence fields, and source version/approval reference.",SRS BATCH 010 WORKING DRAFT — BASELINE APPROVAL PENDING
REQ-46501,465,Enterprise External Partner Integration,MUST,Maintain authoritative records and lifecycle history.,"EM-BRD-001_Detailed_Chapters-461-470_v1.0.docx — Chapter 465, §465.21 “Initial Requirement Register”, row BRD-001-REQ-46501",SRS-FR-2335,"EM-SRS-001_SRS_Batch_010_Chapters_451_500.docx — SRS-FR-2335, parent BRD-001-REQ-46501",GENERIC_CRITERIA_NOT_REQUIREMENT_SPECIFIC,"BRD register provides a capability-level statement; SRS repeats generic criteria (capability available; stated rules enforced; valid processing outcome; invalid processing rejected/handled; traceability). Chapter template sections do not provide an approved actor/role matrix, concrete business-rule values, measurable expected results, or case-specific data.","Owner must supply/approve actors and permissions, preconditions/test data, exact rule/constraints, positive/negative outcomes, measurable oracle, state-integrity requirements, evidence fields, and source version/approval reference.",SRS BATCH 010 WORKING DRAFT — BASELINE APPROVAL PENDING
REQ-46502,465,Enterprise External Partner Integration,MUST,Enforce role-based authorization before material actions.,"EM-BRD-001_Detailed_Chapters-461-470_v1.0.docx — Chapter 465, §465.21 “Initial Requirement Register”, row BRD-001-REQ-46502",SRS-FR-2336,"EM-SRS-001_SRS_Batch_010_Chapters_451_500.docx — SRS-FR-2336, parent BRD-001-REQ-46502",GENERIC_CRITERIA_NOT_REQUIREMENT_SPECIFIC,"BRD register provides a capability-level statement; SRS repeats generic criteria (capability available; stated rules enforced; valid processing outcome; invalid processing rejected/handled; traceability). Chapter template sections do not provide an approved actor/role matrix, concrete business-rule values, measurable expected results, or case-specific data.","Owner must supply/approve actors and permissions, preconditions/test data, exact rule/constraints, positive/negative outcomes, measurable oracle, state-integrity requirements, evidence fields, and source version/approval reference.",SRS BATCH 010 WORKING DRAFT — BASELINE APPROVAL PENDING
REQ-46503,465,Enterprise External Partner Integration,MUST,Validate mandatory business conditions before material changes.,"EM-BRD-001_Detailed_Chapters-461-470_v1.0.docx — Chapter 465, §465.21 “Initial Requirement Register”, row BRD-001-REQ-46503",SRS-FR-2337,"EM-SRS-001_SRS_Batch_010_Chapters_451_500.docx — SRS-FR-2337, parent BRD-001-REQ-46503",GENERIC_CRITERIA_NOT_REQUIREMENT_SPECIFIC,"BRD register provides a capability-level statement; SRS repeats generic criteria (capability available; stated rules enforced; valid processing outcome; invalid processing rejected/handled; traceability). Chapter template sections do not provide an approved actor/role matrix, concrete business-rule values, measurable expected results, or case-specific data.","Owner must supply/approve actors and permissions, preconditions/test data, exact rule/constraints, positive/negative outcomes, measurable oracle, state-integrity requirements, evidence fields, and source version/approval reference.",SRS BATCH 010 WORKING DRAFT — BASELINE APPROVAL PENDING
REQ-46504,465,Enterprise External Partner Integration,MUST,Preserve audit evidence for material events.,"EM-BRD-001_Detailed_Chapters-461-470_v1.0.docx — Chapter 465, §465.21 “Initial Requirement Register”, row BRD-001-REQ-46504",SRS-FR-2338,"EM-SRS-001_SRS_Batch_010_Chapters_451_500.docx — SRS-FR-2338, parent BRD-001-REQ-46504",GENERIC_CRITERIA_NOT_REQUIREMENT_SPECIFIC,"BRD register provides a capability-level statement; SRS repeats generic criteria (capability available; stated rules enforced; valid processing outcome; invalid processing rejected/handled; traceability). Chapter template sections do not provide an approved actor/role matrix, concrete business-rule values, measurable expected results, or case-specific data.","Owner must supply/approve actors and permissions, preconditions/test data, exact rule/constraints, positive/negative outcomes, measurable oracle, state-integrity requirements, evidence fields, and source version/approval reference.",SRS BATCH 010 WORKING DRAFT — BASELINE APPROVAL PENDING
REQ-46505,465,Enterprise External Partner Integration,MUST,Support controlled exception handling.,"EM-BRD-001_Detailed_Chapters-461-470_v1.0.docx — Chapter 465, §465.21 “Initial Requirement Register”, row BRD-001-REQ-46505",SRS-FR-2339,"EM-SRS-001_SRS_Batch_010_Chapters_451_500.docx — SRS-FR-2339, parent BRD-001-REQ-46505",GENERIC_CRITERIA_NOT_REQUIREMENT_SPECIFIC,"BRD register provides a capability-level statement; SRS repeats generic criteria (capability available; stated rules enforced; valid processing outcome; invalid processing rejected/handled; traceability). Chapter template sections do not provide an approved actor/role matrix, concrete business-rule values, measurable expected results, or case-specific data.","Owner must supply/approve actors and permissions, preconditions/test data, exact rule/constraints, positive/negative outcomes, measurable oracle, state-integrity requirements, evidence fields, and source version/approval reference.",SRS BATCH 010 WORKING DRAFT — BASELINE APPROVAL PENDING
REQ-46506,465,Enterprise External Partner Integration,SHOULD,"Provide governed reporting for status, exceptions and performance.","EM-BRD-001_Detailed_Chapters-461-470_v1.0.docx — Chapter 465, §465.21 “Initial Requirement Register”, row BRD-001-REQ-46506",SRS-FR-2340,"EM-SRS-001_SRS_Batch_010_Chapters_451_500.docx — SRS-FR-2340, parent BRD-001-REQ-46506",GENERIC_CRITERIA_NOT_REQUIREMENT_SPECIFIC,"BRD register provides a capability-level statement; SRS repeats generic criteria (capability available; stated rules enforced; valid processing outcome; invalid processing rejected/handled; traceability). Chapter template sections do not provide an approved actor/role matrix, concrete business-rule values, measurable expected results, or case-specific data.","Owner must supply/approve actors and permissions, preconditions/test data, exact rule/constraints, positive/negative outcomes, measurable oracle, state-integrity requirements, evidence fields, and source version/approval reference.",SRS BATCH 010 WORKING DRAFT — BASELINE APPROVAL PENDING
REQ-46601,466,Enterprise Integration Security & Credential Management,MUST,Maintain authoritative records and lifecycle history.,"EM-BRD-001_Detailed_Chapters-461-470_v1.0.docx — Chapter 466, §466.21 “Initial Requirement Register”, row BRD-001-REQ-46601",SRS-FR-2341,"EM-SRS-001_SRS_Batch_010_Chapters_451_500.docx — SRS-FR-2341, parent BRD-001-REQ-46601",GENERIC_CRITERIA_NOT_REQUIREMENT_SPECIFIC,"BRD register provides a capability-level statement; SRS repeats generic criteria (capability available; stated rules enforced; valid processing outcome; invalid processing rejected/handled; traceability). Chapter template sections do not provide an approved actor/role matrix, concrete business-rule values, measurable expected results, or case-specific data.","Owner must supply/approve actors and permissions, preconditions/test data, exact rule/constraints, positive/negative outcomes, measurable oracle, state-integrity requirements, evidence fields, and source version/approval reference.",SRS BATCH 010 WORKING DRAFT — BASELINE APPROVAL PENDING
REQ-46602,466,Enterprise Integration Security & Credential Management,MUST,Enforce role-based authorization before material actions.,"EM-BRD-001_Detailed_Chapters-461-470_v1.0.docx — Chapter 466, §466.21 “Initial Requirement Register”, row BRD-001-REQ-46602",SRS-FR-2342,"EM-SRS-001_SRS_Batch_010_Chapters_451_500.docx — SRS-FR-2342, parent BRD-001-REQ-46602",GENERIC_CRITERIA_NOT_REQUIREMENT_SPECIFIC,"BRD register provides a capability-level statement; SRS repeats generic criteria (capability available; stated rules enforced; valid processing outcome; invalid processing rejected/handled; traceability). Chapter template sections do not provide an approved actor/role matrix, concrete business-rule values, measurable expected results, or case-specific data.","Owner must supply/approve actors and permissions, preconditions/test data, exact rule/constraints, positive/negative outcomes, measurable oracle, state-integrity requirements, evidence fields, and source version/approval reference.",SRS BATCH 010 WORKING DRAFT — BASELINE APPROVAL PENDING
REQ-46603,466,Enterprise Integration Security & Credential Management,MUST,Validate mandatory business conditions before material changes.,"EM-BRD-001_Detailed_Chapters-461-470_v1.0.docx — Chapter 466, §466.21 “Initial Requirement Register”, row BRD-001-REQ-46603",SRS-FR-2343,"EM-SRS-001_SRS_Batch_010_Chapters_451_500.docx — SRS-FR-2343, parent BRD-001-REQ-46603",GENERIC_CRITERIA_NOT_REQUIREMENT_SPECIFIC,"BRD register provides a capability-level statement; SRS repeats generic criteria (capability available; stated rules enforced; valid processing outcome; invalid processing rejected/handled; traceability). Chapter template sections do not provide an approved actor/role matrix, concrete business-rule values, measurable expected results, or case-specific data.","Owner must supply/approve actors and permissions, preconditions/test data, exact rule/constraints, positive/negative outcomes, measurable oracle, state-integrity requirements, evidence fields, and source version/approval reference.",SRS BATCH 010 WORKING DRAFT — BASELINE APPROVAL PENDING
REQ-46604,466,Enterprise Integration Security & Credential Management,MUST,Preserve audit evidence for material events.,"EM-BRD-001_Detailed_Chapters-461-470_v1.0.docx — Chapter 466, §466.21 “Initial Requirement Register”, row BRD-001-REQ-46604",SRS-FR-2344,"EM-SRS-001_SRS_Batch_010_Chapters_451_500.docx — SRS-FR-2344, parent BRD-001-REQ-46604",GENERIC_CRITERIA_NOT_REQUIREMENT_SPECIFIC,"BRD register provides a capability-level statement; SRS repeats generic criteria (capability available; stated rules enforced; valid processing outcome; invalid processing rejected/handled; traceability). Chapter template sections do not provide an approved actor/role matrix, concrete business-rule values, measurable expected results, or case-specific data.","Owner must supply/approve actors and permissions, preconditions/test data, exact rule/constraints, positive/negative outcomes, measurable oracle, state-integrity requirements, evidence fields, and source version/approval reference.",SRS BATCH 010 WORKING DRAFT — BASELINE APPROVAL PENDING
REQ-46605,466,Enterprise Integration Security & Credential Management,MUST,Support controlled exception handling.,"EM-BRD-001_Detailed_Chapters-461-470_v1.0.docx — Chapter 466, §466.21 “Initial Requirement Register”, row BRD-001-REQ-46605",SRS-FR-2345,"EM-SRS-001_SRS_Batch_010_Chapters_451_500.docx — SRS-FR-2345, parent BRD-001-REQ-46605",GENERIC_CRITERIA_NOT_REQUIREMENT_SPECIFIC,"BRD register provides a capability-level statement; SRS repeats generic criteria (capability available; stated rules enforced; valid processing outcome; invalid processing rejected/handled; traceability). Chapter template sections do not provide an approved actor/role matrix, concrete business-rule values, measurable expected results, or case-specific data.","Owner must supply/approve actors and permissions, preconditions/test data, exact rule/constraints, positive/negative outcomes, measurable oracle, state-integrity requirements, evidence fields, and source version/approval reference.",SRS BATCH 010 WORKING DRAFT — BASELINE APPROVAL PENDING
REQ-46606,466,Enterprise Integration Security & Credential Management,SHOULD,"Provide governed reporting for status, exceptions and performance.","EM-BRD-001_Detailed_Chapters-461-470_v1.0.docx — Chapter 466, §466.21 “Initial Requirement Register”, row BRD-001-REQ-46606",SRS-FR-2346,"EM-SRS-001_SRS_Batch_010_Chapters_451_500.docx — SRS-FR-2346, parent BRD-001-REQ-46606",GENERIC_CRITERIA_NOT_REQUIREMENT_SPECIFIC,"BRD register provides a capability-level statement; SRS repeats generic criteria (capability available; stated rules enforced; valid processing outcome; invalid processing rejected/handled; traceability). Chapter template sections do not provide an approved actor/role matrix, concrete business-rule values, measurable expected results, or case-specific data.","Owner must supply/approve actors and permissions, preconditions/test data, exact rule/constraints, positive/negative outcomes, measurable oracle, state-integrity requirements, evidence fields, and source version/approval reference.",SRS BATCH 010 WORKING DRAFT — BASELINE APPROVAL PENDING
REQ-46701,467,Enterprise Integration Monitoring & Observability,MUST,Maintain authoritative records and lifecycle history.,"EM-BRD-001_Detailed_Chapters-461-470_v1.0.docx — Chapter 467, §467.21 “Initial Requirement Register”, row BRD-001-REQ-46701",SRS-FR-2347,"EM-SRS-001_SRS_Batch_010_Chapters_451_500.docx — SRS-FR-2347, parent BRD-001-REQ-46701",GENERIC_CRITERIA_NOT_REQUIREMENT_SPECIFIC,"BRD register provides a capability-level statement; SRS repeats generic criteria (capability available; stated rules enforced; valid processing outcome; invalid processing rejected/handled; traceability). Chapter template sections do not provide an approved actor/role matrix, concrete business-rule values, measurable expected results, or case-specific data.","Owner must supply/approve actors and permissions, preconditions/test data, exact rule/constraints, positive/negative outcomes, measurable oracle, state-integrity requirements, evidence fields, and source version/approval reference.",SRS BATCH 010 WORKING DRAFT — BASELINE APPROVAL PENDING
REQ-46702,467,Enterprise Integration Monitoring & Observability,MUST,Enforce role-based authorization before material actions.,"EM-BRD-001_Detailed_Chapters-461-470_v1.0.docx — Chapter 467, §467.21 “Initial Requirement Register”, row BRD-001-REQ-46702",SRS-FR-2348,"EM-SRS-001_SRS_Batch_010_Chapters_451_500.docx — SRS-FR-2348, parent BRD-001-REQ-46702",GENERIC_CRITERIA_NOT_REQUIREMENT_SPECIFIC,"BRD register provides a capability-level statement; SRS repeats generic criteria (capability available; stated rules enforced; valid processing outcome; invalid processing rejected/handled; traceability). Chapter template sections do not provide an approved actor/role matrix, concrete business-rule values, measurable expected results, or case-specific data.","Owner must supply/approve actors and permissions, preconditions/test data, exact rule/constraints, positive/negative outcomes, measurable oracle, state-integrity requirements, evidence fields, and source version/approval reference.",SRS BATCH 010 WORKING DRAFT — BASELINE APPROVAL PENDING
REQ-46703,467,Enterprise Integration Monitoring & Observability,MUST,Validate mandatory business conditions before material changes.,"EM-BRD-001_Detailed_Chapters-461-470_v1.0.docx — Chapter 467, §467.21 “Initial Requirement Register”, row BRD-001-REQ-46703",SRS-FR-2349,"EM-SRS-001_SRS_Batch_010_Chapters_451_500.docx — SRS-FR-2349, parent BRD-001-REQ-46703",GENERIC_CRITERIA_NOT_REQUIREMENT_SPECIFIC,"BRD register provides a capability-level statement; SRS repeats generic criteria (capability available; stated rules enforced; valid processing outcome; invalid processing rejected/handled; traceability). Chapter template sections do not provide an approved actor/role matrix, concrete business-rule values, measurable expected results, or case-specific data.","Owner must supply/approve actors and permissions, preconditions/test data, exact rule/constraints, positive/negative outcomes, measurable oracle, state-integrity requirements, evidence fields, and source version/approval reference.",SRS BATCH 010 WORKING DRAFT — BASELINE APPROVAL PENDING
REQ-46704,467,Enterprise Integration Monitoring & Observability,MUST,Preserve audit evidence for material events.,"EM-BRD-001_Detailed_Chapters-461-470_v1.0.docx — Chapter 467, §467.21 “Initial Requirement Register”, row BRD-001-REQ-46704",SRS-FR-2350,"EM-SRS-001_SRS_Batch_010_Chapters_451_500.docx — SRS-FR-2350, parent BRD-001-REQ-46704",GENERIC_CRITERIA_NOT_REQUIREMENT_SPECIFIC,"BRD register provides a capability-level statement; SRS repeats generic criteria (capability available; stated rules enforced; valid processing outcome; invalid processing rejected/handled; traceability). Chapter template sections do not provide an approved actor/role matrix, concrete business-rule values, measurable expected results, or case-specific data.","Owner must supply/approve actors and permissions, preconditions/test data, exact rule/constraints, positive/negative outcomes, measurable oracle, state-integrity requirements, evidence fields, and source version/approval reference.",SRS BATCH 010 WORKING DRAFT — BASELINE APPROVAL PENDING
REQ-46705,467,Enterprise Integration Monitoring & Observability,MUST,Support controlled exception handling.,"EM-BRD-001_Detailed_Chapters-461-470_v1.0.docx — Chapter 467, §467.21 “Initial Requirement Register”, row BRD-001-REQ-46705",SRS-FR-2351,"EM-SRS-001_SRS_Batch_010_Chapters_451_500.docx — SRS-FR-2351, parent BRD-001-REQ-46705",GENERIC_CRITERIA_NOT_REQUIREMENT_SPECIFIC,"BRD register provides a capability-level statement; SRS repeats generic criteria (capability available; stated rules enforced; valid processing outcome; invalid processing rejected/handled; traceability). Chapter template sections do not provide an approved actor/role matrix, concrete business-rule values, measurable expected results, or case-specific data.","Owner must supply/approve actors and permissions, preconditions/test data, exact rule/constraints, positive/negative outcomes, measurable oracle, state-integrity requirements, evidence fields, and source version/approval reference.",SRS BATCH 010 WORKING DRAFT — BASELINE APPROVAL PENDING
REQ-46706,467,Enterprise Integration Monitoring & Observability,SHOULD,"Provide governed reporting for status, exceptions and performance.","EM-BRD-001_Detailed_Chapters-461-470_v1.0.docx — Chapter 467, §467.21 “Initial Requirement Register”, row BRD-001-REQ-46706",SRS-FR-2352,"EM-SRS-001_SRS_Batch_010_Chapters_451_500.docx — SRS-FR-2352, parent BRD-001-REQ-46706",GENERIC_CRITERIA_NOT_REQUIREMENT_SPECIFIC,"BRD register provides a capability-level statement; SRS repeats generic criteria (capability available; stated rules enforced; valid processing outcome; invalid processing rejected/handled; traceability). Chapter template sections do not provide an approved actor/role matrix, concrete business-rule values, measurable expected results, or case-specific data.","Owner must supply/approve actors and permissions, preconditions/test data, exact rule/constraints, positive/negative outcomes, measurable oracle, state-integrity requirements, evidence fields, and source version/approval reference.",SRS BATCH 010 WORKING DRAFT — BASELINE APPROVAL PENDING
REQ-46801,468,Enterprise Integration Error & Retry Management,MUST,Maintain authoritative records and lifecycle history.,"EM-BRD-001_Detailed_Chapters-461-470_v1.0.docx — Chapter 468, §468.21 “Initial Requirement Register”, row BRD-001-REQ-46801",SRS-FR-2353,"EM-SRS-001_SRS_Batch_010_Chapters_451_500.docx — SRS-FR-2353, parent BRD-001-REQ-46801",GENERIC_CRITERIA_NOT_REQUIREMENT_SPECIFIC,"BRD register provides a capability-level statement; SRS repeats generic criteria (capability available; stated rules enforced; valid processing outcome; invalid processing rejected/handled; traceability). Chapter template sections do not provide an approved actor/role matrix, concrete business-rule values, measurable expected results, or case-specific data.","Owner must supply/approve actors and permissions, preconditions/test data, exact rule/constraints, positive/negative outcomes, measurable oracle, state-integrity requirements, evidence fields, and source version/approval reference.",SRS BATCH 010 WORKING DRAFT — BASELINE APPROVAL PENDING
REQ-46802,468,Enterprise Integration Error & Retry Management,MUST,Enforce role-based authorization before material actions.,"EM-BRD-001_Detailed_Chapters-461-470_v1.0.docx — Chapter 468, §468.21 “Initial Requirement Register”, row BRD-001-REQ-46802",SRS-FR-2354,"EM-SRS-001_SRS_Batch_010_Chapters_451_500.docx — SRS-FR-2354, parent BRD-001-REQ-46802",GENERIC_CRITERIA_NOT_REQUIREMENT_SPECIFIC,"BRD register provides a capability-level statement; SRS repeats generic criteria (capability available; stated rules enforced; valid processing outcome; invalid processing rejected/handled; traceability). Chapter template sections do not provide an approved actor/role matrix, concrete business-rule values, measurable expected results, or case-specific data.","Owner must supply/approve actors and permissions, preconditions/test data, exact rule/constraints, positive/negative outcomes, measurable oracle, state-integrity requirements, evidence fields, and source version/approval reference.",SRS BATCH 010 WORKING DRAFT — BASELINE APPROVAL PENDING
REQ-46803,468,Enterprise Integration Error & Retry Management,MUST,Validate mandatory business conditions before material changes.,"EM-BRD-001_Detailed_Chapters-461-470_v1.0.docx — Chapter 468, §468.21 “Initial Requirement Register”, row BRD-001-REQ-46803",SRS-FR-2355,"EM-SRS-001_SRS_Batch_010_Chapters_451_500.docx — SRS-FR-2355, parent BRD-001-REQ-46803",GENERIC_CRITERIA_NOT_REQUIREMENT_SPECIFIC,"BRD register provides a capability-level statement; SRS repeats generic criteria (capability available; stated rules enforced; valid processing outcome; invalid processing rejected/handled; traceability). Chapter template sections do not provide an approved actor/role matrix, concrete business-rule values, measurable expected results, or case-specific data.","Owner must supply/approve actors and permissions, preconditions/test data, exact rule/constraints, positive/negative outcomes, measurable oracle, state-integrity requirements, evidence fields, and source version/approval reference.",SRS BATCH 010 WORKING DRAFT — BASELINE APPROVAL PENDING
REQ-46804,468,Enterprise Integration Error & Retry Management,MUST,Preserve audit evidence for material events.,"EM-BRD-001_Detailed_Chapters-461-470_v1.0.docx — Chapter 468, §468.21 “Initial Requirement Register”, row BRD-001-REQ-46804",SRS-FR-2356,"EM-SRS-001_SRS_Batch_010_Chapters_451_500.docx — SRS-FR-2356, parent BRD-001-REQ-46804",GENERIC_CRITERIA_NOT_REQUIREMENT_SPECIFIC,"BRD register provides a capability-level statement; SRS repeats generic criteria (capability available; stated rules enforced; valid processing outcome; invalid processing rejected/handled; traceability). Chapter template sections do not provide an approved actor/role matrix, concrete business-rule values, measurable expected results, or case-specific data.","Owner must supply/approve actors and permissions, preconditions/test data, exact rule/constraints, positive/negative outcomes, measurable oracle, state-integrity requirements, evidence fields, and source version/approval reference.",SRS BATCH 010 WORKING DRAFT — BASELINE APPROVAL PENDING
REQ-46805,468,Enterprise Integration Error & Retry Management,MUST,Support controlled exception handling.,"EM-BRD-001_Detailed_Chapters-461-470_v1.0.docx — Chapter 468, §468.21 “Initial Requirement Register”, row BRD-001-REQ-46805",SRS-FR-2357,"EM-SRS-001_SRS_Batch_010_Chapters_451_500.docx — SRS-FR-2357, parent BRD-001-REQ-46805",GENERIC_CRITERIA_NOT_REQUIREMENT_SPECIFIC,"BRD register provides a capability-level statement; SRS repeats generic criteria (capability available; stated rules enforced; valid processing outcome; invalid processing rejected/handled; traceability). Chapter template sections do not provide an approved actor/role matrix, concrete business-rule values, measurable expected results, or case-specific data.","Owner must supply/approve actors and permissions, preconditions/test data, exact rule/constraints, positive/negative outcomes, measurable oracle, state-integrity requirements, evidence fields, and source version/approval reference.",SRS BATCH 010 WORKING DRAFT — BASELINE APPROVAL PENDING
REQ-46806,468,Enterprise Integration Error & Retry Management,SHOULD,"Provide governed reporting for status, exceptions and performance.","EM-BRD-001_Detailed_Chapters-461-470_v1.0.docx — Chapter 468, §468.21 “Initial Requirement Register”, row BRD-001-REQ-46806",SRS-FR-2358,"EM-SRS-001_SRS_Batch_010_Chapters_451_500.docx — SRS-FR-2358, parent BRD-001-REQ-46806",GENERIC_CRITERIA_NOT_REQUIREMENT_SPECIFIC,"BRD register provides a capability-level statement; SRS repeats generic criteria (capability available; stated rules enforced; valid processing outcome; invalid processing rejected/handled; traceability). Chapter template sections do not provide an approved actor/role matrix, concrete business-rule values, measurable expected results, or case-specific data.","Owner must supply/approve actors and permissions, preconditions/test data, exact rule/constraints, positive/negative outcomes, measurable oracle, state-integrity requirements, evidence fields, and source version/approval reference.",SRS BATCH 010 WORKING DRAFT — BASELINE APPROVAL PENDING
REQ-46901,469,Enterprise Integration Data Mapping & Transformation,MUST,Maintain authoritative records and lifecycle history.,"EM-BRD-001_Detailed_Chapters-461-470_v1.0.docx — Chapter 469, §469.21 “Initial Requirement Register”, row BRD-001-REQ-46901",SRS-FR-2359,"EM-SRS-001_SRS_Batch_010_Chapters_451_500.docx — SRS-FR-2359, parent BRD-001-REQ-46901",GENERIC_CRITERIA_NOT_REQUIREMENT_SPECIFIC,"BRD register provides a capability-level statement; SRS repeats generic criteria (capability available; stated rules enforced; valid processing outcome; invalid processing rejected/handled; traceability). Chapter template sections do not provide an approved actor/role matrix, concrete business-rule values, measurable expected results, or case-specific data.","Owner must supply/approve actors and permissions, preconditions/test data, exact rule/constraints, positive/negative outcomes, measurable oracle, state-integrity requirements, evidence fields, and source version/approval reference.",SRS BATCH 010 WORKING DRAFT — BASELINE APPROVAL PENDING
REQ-46902,469,Enterprise Integration Data Mapping & Transformation,MUST,Enforce role-based authorization before material actions.,"EM-BRD-001_Detailed_Chapters-461-470_v1.0.docx — Chapter 469, §469.21 “Initial Requirement Register”, row BRD-001-REQ-46902",SRS-FR-2360,"EM-SRS-001_SRS_Batch_010_Chapters_451_500.docx — SRS-FR-2360, parent BRD-001-REQ-46902",GENERIC_CRITERIA_NOT_REQUIREMENT_SPECIFIC,"BRD register provides a capability-level statement; SRS repeats generic criteria (capability available; stated rules enforced; valid processing outcome; invalid processing rejected/handled; traceability). Chapter template sections do not provide an approved actor/role matrix, concrete business-rule values, measurable expected results, or case-specific data.","Owner must supply/approve actors and permissions, preconditions/test data, exact rule/constraints, positive/negative outcomes, measurable oracle, state-integrity requirements, evidence fields, and source version/approval reference.",SRS BATCH 010 WORKING DRAFT — BASELINE APPROVAL PENDING
REQ-46903,469,Enterprise Integration Data Mapping & Transformation,MUST,Validate mandatory business conditions before material changes.,"EM-BRD-001_Detailed_Chapters-461-470_v1.0.docx — Chapter 469, §469.21 “Initial Requirement Register”, row BRD-001-REQ-46903",SRS-FR-2361,"EM-SRS-001_SRS_Batch_010_Chapters_451_500.docx — SRS-FR-2361, parent BRD-001-REQ-46903",GENERIC_CRITERIA_NOT_REQUIREMENT_SPECIFIC,"BRD register provides a capability-level statement; SRS repeats generic criteria (capability available; stated rules enforced; valid processing outcome; invalid processing rejected/handled; traceability). Chapter template sections do not provide an approved actor/role matrix, concrete business-rule values, measurable expected results, or case-specific data.","Owner must supply/approve actors and permissions, preconditions/test data, exact rule/constraints, positive/negative outcomes, measurable oracle, state-integrity requirements, evidence fields, and source version/approval reference.",SRS BATCH 010 WORKING DRAFT — BASELINE APPROVAL PENDING
REQ-46904,469,Enterprise Integration Data Mapping & Transformation,MUST,Preserve audit evidence for material events.,"EM-BRD-001_Detailed_Chapters-461-470_v1.0.docx — Chapter 469, §469.21 “Initial Requirement Register”, row BRD-001-REQ-46904",SRS-FR-2362,"EM-SRS-001_SRS_Batch_010_Chapters_451_500.docx — SRS-FR-2362, parent BRD-001-REQ-46904",GENERIC_CRITERIA_NOT_REQUIREMENT_SPECIFIC,"BRD register provides a capability-level statement; SRS repeats generic criteria (capability available; stated rules enforced; valid processing outcome; invalid processing rejected/handled; traceability). Chapter template sections do not provide an approved actor/role matrix, concrete business-rule values, measurable expected results, or case-specific data.","Owner must supply/approve actors and permissions, preconditions/test data, exact rule/constraints, positive/negative outcomes, measurable oracle, state-integrity requirements, evidence fields, and source version/approval reference.",SRS BATCH 010 WORKING DRAFT — BASELINE APPROVAL PENDING
REQ-46905,469,Enterprise Integration Data Mapping & Transformation,MUST,Support controlled exception handling.,"EM-BRD-001_Detailed_Chapters-461-470_v1.0.docx — Chapter 469, §469.21 “Initial Requirement Register”, row BRD-001-REQ-46905",SRS-FR-2363,"EM-SRS-001_SRS_Batch_010_Chapters_451_500.docx — SRS-FR-2363, parent BRD-001-REQ-46905",GENERIC_CRITERIA_NOT_REQUIREMENT_SPECIFIC,"BRD register provides a capability-level statement; SRS repeats generic criteria (capability available; stated rules enforced; valid processing outcome; invalid processing rejected/handled; traceability). Chapter template sections do not provide an approved actor/role matrix, concrete business-rule values, measurable expected results, or case-specific data.","Owner must supply/approve actors and permissions, preconditions/test data, exact rule/constraints, positive/negative outcomes, measurable oracle, state-integrity requirements, evidence fields, and source version/approval reference.",SRS BATCH 010 WORKING DRAFT — BASELINE APPROVAL PENDING
REQ-46906,469,Enterprise Integration Data Mapping & Transformation,SHOULD,"Provide governed reporting for status, exceptions and performance.","EM-BRD-001_Detailed_Chapters-461-470_v1.0.docx — Chapter 469, §469.21 “Initial Requirement Register”, row BRD-001-REQ-46906",SRS-FR-2364,"EM-SRS-001_SRS_Batch_010_Chapters_451_500.docx — SRS-FR-2364, parent BRD-001-REQ-46906",GENERIC_CRITERIA_NOT_REQUIREMENT_SPECIFIC,"BRD register provides a capability-level statement; SRS repeats generic criteria (capability available; stated rules enforced; valid processing outcome; invalid processing rejected/handled; traceability). Chapter template sections do not provide an approved actor/role matrix, concrete business-rule values, measurable expected results, or case-specific data.","Owner must supply/approve actors and permissions, preconditions/test data, exact rule/constraints, positive/negative outcomes, measurable oracle, state-integrity requirements, evidence fields, and source version/approval reference.",SRS BATCH 010 WORKING DRAFT — BASELINE APPROVAL PENDING
REQ-47001,470,Enterprise Integration Governance,MUST,Maintain authoritative records and lifecycle history.,"EM-BRD-001_Detailed_Chapters-461-470_v1.0.docx — Chapter 470, §470.21 “Initial Requirement Register”, row BRD-001-REQ-47001",SRS-FR-2365,"EM-SRS-001_SRS_Batch_010_Chapters_451_500.docx — SRS-FR-2365, parent BRD-001-REQ-47001",GENERIC_CRITERIA_NOT_REQUIREMENT_SPECIFIC,"BRD register provides a capability-level statement; SRS repeats generic criteria (capability available; stated rules enforced; valid processing outcome; invalid processing rejected/handled; traceability). Chapter template sections do not provide an approved actor/role matrix, concrete business-rule values, measurable expected results, or case-specific data.","Owner must supply/approve actors and permissions, preconditions/test data, exact rule/constraints, positive/negative outcomes, measurable oracle, state-integrity requirements, evidence fields, and source version/approval reference.",SRS BATCH 010 WORKING DRAFT — BASELINE APPROVAL PENDING
REQ-47002,470,Enterprise Integration Governance,MUST,Enforce role-based authorization before material actions.,"EM-BRD-001_Detailed_Chapters-461-470_v1.0.docx — Chapter 470, §470.21 “Initial Requirement Register”, row BRD-001-REQ-47002",SRS-FR-2366,"EM-SRS-001_SRS_Batch_010_Chapters_451_500.docx — SRS-FR-2366, parent BRD-001-REQ-47002",GENERIC_CRITERIA_NOT_REQUIREMENT_SPECIFIC,"BRD register provides a capability-level statement; SRS repeats generic criteria (capability available; stated rules enforced; valid processing outcome; invalid processing rejected/handled; traceability). Chapter template sections do not provide an approved actor/role matrix, concrete business-rule values, measurable expected results, or case-specific data.","Owner must supply/approve actors and permissions, preconditions/test data, exact rule/constraints, positive/negative outcomes, measurable oracle, state-integrity requirements, evidence fields, and source version/approval reference.",SRS BATCH 010 WORKING DRAFT — BASELINE APPROVAL PENDING
REQ-47003,470,Enterprise Integration Governance,MUST,Validate mandatory business conditions before material changes.,"EM-BRD-001_Detailed_Chapters-461-470_v1.0.docx — Chapter 470, §470.21 “Initial Requirement Register”, row BRD-001-REQ-47003",SRS-FR-2367,"EM-SRS-001_SRS_Batch_010_Chapters_451_500.docx — SRS-FR-2367, parent BRD-001-REQ-47003",GENERIC_CRITERIA_NOT_REQUIREMENT_SPECIFIC,"BRD register provides a capability-level statement; SRS repeats generic criteria (capability available; stated rules enforced; valid processing outcome; invalid processing rejected/handled; traceability). Chapter template sections do not provide an approved actor/role matrix, concrete business-rule values, measurable expected results, or case-specific data.","Owner must supply/approve actors and permissions, preconditions/test data, exact rule/constraints, positive/negative outcomes, measurable oracle, state-integrity requirements, evidence fields, and source version/approval reference.",SRS BATCH 010 WORKING DRAFT — BASELINE APPROVAL PENDING
REQ-47004,470,Enterprise Integration Governance,MUST,Preserve audit evidence for material events.,"EM-BRD-001_Detailed_Chapters-461-470_v1.0.docx — Chapter 470, §470.21 “Initial Requirement Register”, row BRD-001-REQ-47004",SRS-FR-2368,"EM-SRS-001_SRS_Batch_010_Chapters_451_500.docx — SRS-FR-2368, parent BRD-001-REQ-47004",GENERIC_CRITERIA_NOT_REQUIREMENT_SPECIFIC,"BRD register provides a capability-level statement; SRS repeats generic criteria (capability available; stated rules enforced; valid processing outcome; invalid processing rejected/handled; traceability). Chapter template sections do not provide an approved actor/role matrix, concrete business-rule values, measurable expected results, or case-specific data.","Owner must supply/approve actors and permissions, preconditions/test data, exact rule/constraints, positive/negative outcomes, measurable oracle, state-integrity requirements, evidence fields, and source version/approval reference.",SRS BATCH 010 WORKING DRAFT — BASELINE APPROVAL PENDING
REQ-47005,470,Enterprise Integration Governance,MUST,Support controlled exception handling.,"EM-BRD-001_Detailed_Chapters-461-470_v1.0.docx — Chapter 470, §470.21 “Initial Requirement Register”, row BRD-001-REQ-47005",SRS-FR-2369,"EM-SRS-001_SRS_Batch_010_Chapters_451_500.docx — SRS-FR-2369, parent BRD-001-REQ-47005",GENERIC_CRITERIA_NOT_REQUIREMENT_SPECIFIC,"BRD register provides a capability-level statement; SRS repeats generic criteria (capability available; stated rules enforced; valid processing outcome; invalid processing rejected/handled; traceability). Chapter template sections do not provide an approved actor/role matrix, concrete business-rule values, measurable expected results, or case-specific data.","Owner must supply/approve actors and permissions, preconditions/test data, exact rule/constraints, positive/negative outcomes, measurable oracle, state-integrity requirements, evidence fields, and source version/approval reference.",SRS BATCH 010 WORKING DRAFT — BASELINE APPROVAL PENDING
REQ-47006,470,Enterprise Integration Governance,SHOULD,"Provide governed reporting for status, exceptions and performance.","EM-BRD-001_Detailed_Chapters-461-470_v1.0.docx — Chapter 470, §470.21 “Initial Requirement Register”, row BRD-001-REQ-47006",SRS-FR-2370,"EM-SRS-001_SRS_Batch_010_Chapters_451_500.docx — SRS-FR-2370, parent BRD-001-REQ-47006",GENERIC_CRITERIA_NOT_REQUIREMENT_SPECIFIC,"BRD register provides a capability-level statement; SRS repeats generic criteria (capability available; stated rules enforced; valid processing outcome; invalid processing rejected/handled; traceability). Chapter template sections do not provide an approved actor/role matrix, concrete business-rule values, measurable expected results, or case-specific data.","Owner must supply/approve actors and permissions, preconditions/test data, exact rule/constraints, positive/negative outcomes, measurable oracle, state-integrity requirements, evidence fields, and source version/approval reference.",SRS BATCH 010 WORKING DRAFT — BASELINE APPROVAL PENDING
