requirement_id,chapter,srs_id,pattern,capability,uat_batch,scenario_reference,approved_test_data_reference,tester,execution_timestamp,environment,build_commit,session_authorization_reference,actual_steps,expected_result,actual_result,outcome,evidence_archive_reference,defect_id,exception_id,business_decision,business_approver,approval_date,notes
REQ-46301,463,SRS-FR-2323,XX01,authoritative-records,B01,,,,,,,,,,,NOT_RUN,,,,PENDING,,,
REQ-46302,463,SRS-FR-2324,XX02,authorization,B01,,,,,,,,,,,NOT_RUN,,,,PENDING,,,
REQ-46303,463,SRS-FR-2325,XX03,business-validation,B01,,,,,,,,,,,NOT_RUN,,,,PENDING,,,
REQ-46304,463,SRS-FR-2326,XX04,audit-evidence,B01,,,,,,,,,,,NOT_RUN,,,,PENDING,,,
REQ-46305,463,SRS-FR-2327,XX05,exception-handling,B01,,,,,,,,,,,NOT_RUN,,,,PENDING,,,
REQ-46306,463,SRS-FR-2328,XX06,governed-reporting,B01,,,,,,,,,,,NOT_RUN,,,,PENDING,,,
REQ-46401,464,SRS-FR-2329,XX01,authoritative-records,B01,,,,,,,,,,,NOT_RUN,,,,PENDING,,,
REQ-46402,464,SRS-FR-2330,XX02,authorization,B01,,,,,,,,,,,NOT_RUN,,,,PENDING,,,
REQ-46403,464,SRS-FR-2331,XX03,business-validation,B01,,,,,,,,,,,NOT_RUN,,,,PENDING,,,
REQ-46404,464,SRS-FR-2332,XX04,audit-evidence,B01,,,,,,,,,,,NOT_RUN,,,,PENDING,,,
REQ-46405,464,SRS-FR-2333,XX05,exception-handling,B01,,,,,,,,,,,NOT_RUN,,,,PENDING,,,
REQ-46406,464,SRS-FR-2334,XX06,governed-reporting,B01,,,,,,,,,,,NOT_RUN,,,,PENDING,,,
REQ-46501,465,SRS-FR-2335,XX01,authoritative-records,B01,,,,,,,,,,,NOT_RUN,,,,PENDING,,,
REQ-46502,465,SRS-FR-2336,XX02,authorization,B01,,,,,,,,,,,NOT_RUN,,,,PENDING,,,
REQ-46503,465,SRS-FR-2337,XX03,business-validation,B01,,,,,,,,,,,NOT_RUN,,,,PENDING,,,
REQ-46504,465,SRS-FR-2338,XX04,audit-evidence,B01,,,,,,,,,,,NOT_RUN,,,,PENDING,,,
REQ-46505,465,SRS-FR-2339,XX05,exception-handling,B01,,,,,,,,,,,NOT_RUN,,,,PENDING,,,
REQ-46506,465,SRS-FR-2340,XX06,governed-reporting,B01,,,,,,,,,,,NOT_RUN,,,,PENDING,,,
REQ-46601,466,SRS-FR-2341,XX01,authoritative-records,B01,,,,,,,,,,,NOT_RUN,,,,PENDING,,,
REQ-46602,466,SRS-FR-2342,XX02,authorization,B01,,,,,,,,,,,NOT_RUN,,,,PENDING,,,
REQ-46603,466,SRS-FR-2343,XX03,business-validation,B01,,,,,,,,,,,NOT_RUN,,,,PENDING,,,
REQ-46604,466,SRS-FR-2344,XX04,audit-evidence,B01,,,,,,,,,,,NOT_RUN,,,,PENDING,,,
REQ-46605,466,SRS-FR-2345,XX05,exception-handling,B01,,,,,,,,,,,NOT_RUN,,,,PENDING,,,
REQ-46606,466,SRS-FR-2346,XX06,governed-reporting,B01,,,,,,,,,,,NOT_RUN,,,,PENDING,,,
REQ-46701,467,SRS-FR-2347,XX01,authoritative-records,B01,,,,,,,,,,,NOT_RUN,,,,PENDING,,,
REQ-46702,467,SRS-FR-2348,XX02,authorization,B01,,,,,,,,,,,NOT_RUN,,,,PENDING,,,
REQ-46703,467,SRS-FR-2349,XX03,business-validation,B01,,,,,,,,,,,NOT_RUN,,,,PENDING,,,
REQ-46704,467,SRS-FR-2350,XX04,audit-evidence,B01,,,,,,,,,,,NOT_RUN,,,,PENDING,,,
REQ-46705,467,SRS-FR-2351,XX05,exception-handling,B01,,,,,,,,,,,NOT_RUN,,,,PENDING,,,
REQ-46706,467,SRS-FR-2352,XX06,governed-reporting,B01,,,,,,,,,,,NOT_RUN,,,,PENDING,,,
REQ-46801,468,SRS-FR-2353,XX01,authoritative-records,B01,,,,,,,,,,,NOT_RUN,,,,PENDING,,,
REQ-46802,468,SRS-FR-2354,XX02,authorization,B01,,,,,,,,,,,NOT_RUN,,,,PENDING,,,
REQ-46803,468,SRS-FR-2355,XX03,business-validation,B01,,,,,,,,,,,NOT_RUN,,,,PENDING,,,
REQ-46804,468,SRS-FR-2356,XX04,audit-evidence,B01,,,,,,,,,,,NOT_RUN,,,,PENDING,,,
REQ-46805,468,SRS-FR-2357,XX05,exception-handling,B01,,,,,,,,,,,NOT_RUN,,,,PENDING,,,
REQ-46806,468,SRS-FR-2358,XX06,governed-reporting,B01,,,,,,,,,,,NOT_RUN,,,,PENDING,,,
REQ-46901,469,SRS-FR-2359,XX01,authoritative-records,B01,,,,,,,,,,,NOT_RUN,,,,PENDING,,,
REQ-46902,469,SRS-FR-2360,XX02,authorization,B01,,,,,,,,,,,NOT_RUN,,,,PENDING,,,
REQ-46903,469,SRS-FR-2361,XX03,business-validation,B01,,,,,,,,,,,NOT_RUN,,,,PENDING,,,
REQ-46904,469,SRS-FR-2362,XX04,audit-evidence,B01,,,,,,,,,,,NOT_RUN,,,,PENDING,,,
REQ-46905,469,SRS-FR-2363,XX05,exception-handling,B01,,,,,,,,,,,NOT_RUN,,,,PENDING,,,
REQ-46906,469,SRS-FR-2364,XX06,governed-reporting,B01,,,,,,,,,,,NOT_RUN,,,,PENDING,,,
REQ-47001,470,SRS-FR-2365,XX01,authoritative-records,B01,,,,,,,,,,,NOT_RUN,,,,PENDING,,,
REQ-47002,470,SRS-FR-2366,XX02,authorization,B01,,,,,,,,,,,NOT_RUN,,,,PENDING,,,
REQ-47003,470,SRS-FR-2367,XX03,business-validation,B01,,,,,,,,,,,NOT_RUN,,,,PENDING,,,
REQ-47004,470,SRS-FR-2368,XX04,audit-evidence,B01,,,,,,,,,,,NOT_RUN,,,,PENDING,,,
REQ-47005,470,SRS-FR-2369,XX05,exception-handling,B01,,,,,,,,,,,NOT_RUN,,,,PENDING,,,
REQ-47006,470,SRS-FR-2370,XX06,governed-reporting,B01,,,,,,,,,,,NOT_RUN,,,,PENDING,,,
REQ-47101,471,SRS-FR-2371,XX01,authoritative-records,B02,,,,,,,,,,,NOT_RUN,,,,PENDING,,,
REQ-47102,471,SRS-FR-2372,XX02,authorization,B02,,,,,,,,,,,NOT_RUN,,,,PENDING,,,
REQ-47103,471,SRS-FR-2373,XX03,business-validation,B02,,,,,,,,,,,NOT_RUN,,,,PENDING,,,
REQ-47104,471,SRS-FR-2374,XX04,audit-evidence,B02,,,,,,,,,,,NOT_RUN,,,,PENDING,,,
REQ-47105,471,SRS-FR-2375,XX05,exception-handling,B02,,,,,,,,,,,NOT_RUN,,,,PENDING,,,
REQ-47106,471,SRS-FR-2376,XX06,governed-reporting,B02,,,,,,,,,,,NOT_RUN,,,,PENDING,,,
REQ-47201,472,SRS-FR-2377,XX01,authoritative-records,B02,,,,,,,,,,,NOT_RUN,,,,PENDING,,,
REQ-47202,472,SRS-FR-2378,XX02,authorization,B02,,,,,,,,,,,NOT_RUN,,,,PENDING,,,
REQ-47203,472,SRS-FR-2379,XX03,business-validation,B02,,,,,,,,,,,NOT_RUN,,,,PENDING,,,
REQ-47204,472,SRS-FR-2380,XX04,audit-evidence,B02,,,,,,,,,,,NOT_RUN,,,,PENDING,,,
REQ-47205,472,SRS-FR-2381,XX05,exception-handling,B02,,,,,,,,,,,NOT_RUN,,,,PENDING,,,
REQ-47206,472,SRS-FR-2382,XX06,governed-reporting,B02,,,,,,,,,,,NOT_RUN,,,,PENDING,,,
REQ-47301,473,SRS-FR-2383,XX01,authoritative-records,B02,,,,,,,,,,,NOT_RUN,,,,PENDING,,,
REQ-47302,473,SRS-FR-2384,XX02,authorization,B02,,,,,,,,,,,NOT_RUN,,,,PENDING,,,
REQ-47303,473,SRS-FR-2385,XX03,business-validation,B02,,,,,,,,,,,NOT_RUN,,,,PENDING,,,
REQ-47304,473,SRS-FR-2386,XX04,audit-evidence,B02,,,,,,,,,,,NOT_RUN,,,,PENDING,,,
REQ-47305,473,SRS-FR-2387,XX05,exception-handling,B02,,,,,,,,,,,NOT_RUN,,,,PENDING,,,
REQ-47306,473,SRS-FR-2388,XX06,governed-reporting,B02,,,,,,,,,,,NOT_RUN,,,,PENDING,,,
REQ-47401,474,SRS-FR-2389,XX01,authoritative-records,B02,,,,,,,,,,,NOT_RUN,,,,PENDING,,,
REQ-47402,474,SRS-FR-2390,XX02,authorization,B02,,,,,,,,,,,NOT_RUN,,,,PENDING,,,
REQ-47403,474,SRS-FR-2391,XX03,business-validation,B02,,,,,,,,,,,NOT_RUN,,,,PENDING,,,
REQ-47404,474,SRS-FR-2392,XX04,audit-evidence,B02,,,,,,,,,,,NOT_RUN,,,,PENDING,,,
REQ-47405,474,SRS-FR-2393,XX05,exception-handling,B02,,,,,,,,,,,NOT_RUN,,,,PENDING,,,
REQ-47406,474,SRS-FR-2394,XX06,governed-reporting,B02,,,,,,,,,,,NOT_RUN,,,,PENDING,,,
REQ-47501,475,SRS-FR-2395,XX01,authoritative-records,B02,,,,,,,,,,,NOT_RUN,,,,PENDING,,,
REQ-47502,475,SRS-FR-2396,XX02,authorization,B02,,,,,,,,,,,NOT_RUN,,,,PENDING,,,
REQ-47503,475,SRS-FR-2397,XX03,business-validation,B02,,,,,,,,,,,NOT_RUN,,,,PENDING,,,
REQ-47504,475,SRS-FR-2398,XX04,audit-evidence,B02,,,,,,,,,,,NOT_RUN,,,,PENDING,,,
REQ-47505,475,SRS-FR-2399,XX05,exception-handling,B02,,,,,,,,,,,NOT_RUN,,,,PENDING,,,
REQ-47506,475,SRS-FR-2400,XX06,governed-reporting,B02,,,,,,,,,,,NOT_RUN,,,,PENDING,,,
REQ-47601,476,SRS-FR-2401,XX01,authoritative-records,B02,,,,,,,,,,,NOT_RUN,,,,PENDING,,,
REQ-47602,476,SRS-FR-2402,XX02,authorization,B02,,,,,,,,,,,NOT_RUN,,,,PENDING,,,
REQ-47603,476,SRS-FR-2403,XX03,business-validation,B02,,,,,,,,,,,NOT_RUN,,,,PENDING,,,
REQ-47604,476,SRS-FR-2404,XX04,audit-evidence,B02,,,,,,,,,,,NOT_RUN,,,,PENDING,,,
REQ-47605,476,SRS-FR-2405,XX05,exception-handling,B02,,,,,,,,,,,NOT_RUN,,,,PENDING,,,
REQ-47606,476,SRS-FR-2406,XX06,governed-reporting,B02,,,,,,,,,,,NOT_RUN,,,,PENDING,,,
REQ-47701,477,SRS-FR-2407,XX01,authoritative-records,B02,,,,,,,,,,,NOT_RUN,,,,PENDING,,,
REQ-47702,477,SRS-FR-2408,XX02,authorization,B02,,,,,,,,,,,NOT_RUN,,,,PENDING,,,
REQ-47703,477,SRS-FR-2409,XX03,business-validation,B02,,,,,,,,,,,NOT_RUN,,,,PENDING,,,
REQ-47704,477,SRS-FR-2410,XX04,audit-evidence,B02,,,,,,,,,,,NOT_RUN,,,,PENDING,,,
REQ-47705,477,SRS-FR-2411,XX05,exception-handling,B02,,,,,,,,,,,NOT_RUN,,,,PENDING,,,
REQ-47706,477,SRS-FR-2412,XX06,governed-reporting,B02,,,,,,,,,,,NOT_RUN,,,,PENDING,,,
REQ-47801,478,SRS-FR-2413,XX01,authoritative-records,B02,,,,,,,,,,,NOT_RUN,,,,PENDING,,,
REQ-47802,478,SRS-FR-2414,XX02,authorization,B02,,,,,,,,,,,NOT_RUN,,,,PENDING,,,
REQ-47803,478,SRS-FR-2415,XX03,business-validation,B02,,,,,,,,,,,NOT_RUN,,,,PENDING,,,
REQ-47804,478,SRS-FR-2416,XX04,audit-evidence,B02,,,,,,,,,,,NOT_RUN,,,,PENDING,,,
REQ-47805,478,SRS-FR-2417,XX05,exception-handling,B02,,,,,,,,,,,NOT_RUN,,,,PENDING,,,
REQ-47806,478,SRS-FR-2418,XX06,governed-reporting,B02,,,,,,,,,,,NOT_RUN,,,,PENDING,,,
REQ-47901,479,SRS-FR-2419,XX01,authoritative-records,B03,,,,,,,,,,,NOT_RUN,,,,PENDING,,,
REQ-47902,479,SRS-FR-2420,XX02,authorization,B03,,,,,,,,,,,NOT_RUN,,,,PENDING,,,
REQ-47903,479,SRS-FR-2421,XX03,business-validation,B03,,,,,,,,,,,NOT_RUN,,,,PENDING,,,
REQ-47904,479,SRS-FR-2422,XX04,audit-evidence,B03,,,,,,,,,,,NOT_RUN,,,,PENDING,,,
REQ-47905,479,SRS-FR-2423,XX05,exception-handling,B03,,,,,,,,,,,NOT_RUN,,,,PENDING,,,
REQ-47906,479,SRS-FR-2424,XX06,governed-reporting,B03,,,,,,,,,,,NOT_RUN,,,,PENDING,,,
REQ-48001,480,SRS-FR-2425,XX01,authoritative-records,B03,,,,,,,,,,,NOT_RUN,,,,PENDING,,,
REQ-48002,480,SRS-FR-2426,XX02,authorization,B03,,,,,,,,,,,NOT_RUN,,,,PENDING,,,
REQ-48003,480,SRS-FR-2427,XX03,business-validation,B03,,,,,,,,,,,NOT_RUN,,,,PENDING,,,
REQ-48004,480,SRS-FR-2428,XX04,audit-evidence,B03,,,,,,,,,,,NOT_RUN,,,,PENDING,,,
REQ-48005,480,SRS-FR-2429,XX05,exception-handling,B03,,,,,,,,,,,NOT_RUN,,,,PENDING,,,
REQ-48006,480,SRS-FR-2430,XX06,governed-reporting,B03,,,,,,,,,,,NOT_RUN,,,,PENDING,,,
REQ-48101,481,SRS-FR-2431,XX01,authoritative-records,B03,,,,,,,,,,,NOT_RUN,,,,PENDING,,,
REQ-48102,481,SRS-FR-2432,XX02,authorization,B03,,,,,,,,,,,NOT_RUN,,,,PENDING,,,
REQ-48103,481,SRS-FR-2433,XX03,business-validation,B03,,,,,,,,,,,NOT_RUN,,,,PENDING,,,
REQ-48104,481,SRS-FR-2434,XX04,audit-evidence,B03,,,,,,,,,,,NOT_RUN,,,,PENDING,,,
REQ-48105,481,SRS-FR-2435,XX05,exception-handling,B03,,,,,,,,,,,NOT_RUN,,,,PENDING,,,
REQ-48106,481,SRS-FR-2436,XX06,governed-reporting,B03,,,,,,,,,,,NOT_RUN,,,,PENDING,,,
REQ-48201,482,SRS-FR-2437,XX01,authoritative-records,B03,,,,,,,,,,,NOT_RUN,,,,PENDING,,,
REQ-48202,482,SRS-FR-2438,XX02,authorization,B03,,,,,,,,,,,NOT_RUN,,,,PENDING,,,
REQ-48203,482,SRS-FR-2439,XX03,business-validation,B03,,,,,,,,,,,NOT_RUN,,,,PENDING,,,
REQ-48204,482,SRS-FR-2440,XX04,audit-evidence,B03,,,,,,,,,,,NOT_RUN,,,,PENDING,,,
REQ-48205,482,SRS-FR-2441,XX05,exception-handling,B03,,,,,,,,,,,NOT_RUN,,,,PENDING,,,
REQ-48206,482,SRS-FR-2442,XX06,governed-reporting,B03,,,,,,,,,,,NOT_RUN,,,,PENDING,,,
REQ-48301,483,SRS-FR-2443,XX01,authoritative-records,B03,,,,,,,,,,,NOT_RUN,,,,PENDING,,,
REQ-48302,483,SRS-FR-2444,XX02,authorization,B03,,,,,,,,,,,NOT_RUN,,,,PENDING,,,
REQ-48303,483,SRS-FR-2445,XX03,business-validation,B03,,,,,,,,,,,NOT_RUN,,,,PENDING,,,
REQ-48304,483,SRS-FR-2446,XX04,audit-evidence,B03,,,,,,,,,,,NOT_RUN,,,,PENDING,,,
REQ-48305,483,SRS-FR-2447,XX05,exception-handling,B03,,,,,,,,,,,NOT_RUN,,,,PENDING,,,
REQ-48306,483,SRS-FR-2448,XX06,governed-reporting,B03,,,,,,,,,,,NOT_RUN,,,,PENDING,,,
REQ-48401,484,SRS-FR-2449,XX01,authoritative-records,B03,,,,,,,,,,,NOT_RUN,,,,PENDING,,,
REQ-48402,484,SRS-FR-2450,XX02,authorization,B03,,,,,,,,,,,NOT_RUN,,,,PENDING,,,
REQ-48403,484,SRS-FR-2451,XX03,business-validation,B03,,,,,,,,,,,NOT_RUN,,,,PENDING,,,
REQ-48404,484,SRS-FR-2452,XX04,audit-evidence,B03,,,,,,,,,,,NOT_RUN,,,,PENDING,,,
REQ-48405,484,SRS-FR-2453,XX05,exception-handling,B03,,,,,,,,,,,NOT_RUN,,,,PENDING,,,
REQ-48406,484,SRS-FR-2454,XX06,governed-reporting,B03,,,,,,,,,,,NOT_RUN,,,,PENDING,,,
REQ-48501,485,SRS-FR-2455,XX01,authoritative-records,B03,,,,,,,,,,,NOT_RUN,,,,PENDING,,,
REQ-48502,485,SRS-FR-2456,XX02,authorization,B03,,,,,,,,,,,NOT_RUN,,,,PENDING,,,
REQ-48503,485,SRS-FR-2457,XX03,business-validation,B03,,,,,,,,,,,NOT_RUN,,,,PENDING,,,
REQ-48504,485,SRS-FR-2458,XX04,audit-evidence,B03,,,,,,,,,,,NOT_RUN,,,,PENDING,,,
REQ-48505,485,SRS-FR-2459,XX05,exception-handling,B03,,,,,,,,,,,NOT_RUN,,,,PENDING,,,
REQ-48506,485,SRS-FR-2460,XX06,governed-reporting,B03,,,,,,,,,,,NOT_RUN,,,,PENDING,,,
REQ-48601,486,SRS-FR-2461,XX01,authoritative-records,B03,,,,,,,,,,,NOT_RUN,,,,PENDING,,,
REQ-48602,486,SRS-FR-2462,XX02,authorization,B03,,,,,,,,,,,NOT_RUN,,,,PENDING,,,
REQ-48603,486,SRS-FR-2463,XX03,business-validation,B03,,,,,,,,,,,NOT_RUN,,,,PENDING,,,
REQ-48604,486,SRS-FR-2464,XX04,audit-evidence,B03,,,,,,,,,,,NOT_RUN,,,,PENDING,,,
REQ-48605,486,SRS-FR-2465,XX05,exception-handling,B03,,,,,,,,,,,NOT_RUN,,,,PENDING,,,
REQ-48606,486,SRS-FR-2466,XX06,governed-reporting,B03,,,,,,,,,,,NOT_RUN,,,,PENDING,,,
REQ-48701,487,SRS-FR-2467,XX01,authoritative-records,B04,,,,,,,,,,,NOT_RUN,,,,PENDING,,,
REQ-48702,487,SRS-FR-2468,XX02,authorization,B04,,,,,,,,,,,NOT_RUN,,,,PENDING,,,
REQ-48703,487,SRS-FR-2469,XX03,business-validation,B04,,,,,,,,,,,NOT_RUN,,,,PENDING,,,
REQ-48704,487,SRS-FR-2470,XX04,audit-evidence,B04,,,,,,,,,,,NOT_RUN,,,,PENDING,,,
REQ-48705,487,SRS-FR-2471,XX05,exception-handling,B04,,,,,,,,,,,NOT_RUN,,,,PENDING,,,
REQ-48706,487,SRS-FR-2472,XX06,governed-reporting,B04,,,,,,,,,,,NOT_RUN,,,,PENDING,,,
REQ-48801,488,SRS-FR-2473,XX01,authoritative-records,B04,,,,,,,,,,,NOT_RUN,,,,PENDING,,,
REQ-48802,488,SRS-FR-2474,XX02,authorization,B04,,,,,,,,,,,NOT_RUN,,,,PENDING,,,
REQ-48803,488,SRS-FR-2475,XX03,business-validation,B04,,,,,,,,,,,NOT_RUN,,,,PENDING,,,
REQ-48804,488,SRS-FR-2476,XX04,audit-evidence,B04,,,,,,,,,,,NOT_RUN,,,,PENDING,,,
REQ-48805,488,SRS-FR-2477,XX05,exception-handling,B04,,,,,,,,,,,NOT_RUN,,,,PENDING,,,
REQ-48806,488,SRS-FR-2478,XX06,governed-reporting,B04,,,,,,,,,,,NOT_RUN,,,,PENDING,,,
REQ-48901,489,SRS-FR-2479,XX01,authoritative-records,B04,,,,,,,,,,,NOT_RUN,,,,PENDING,,,
REQ-48902,489,SRS-FR-2480,XX02,authorization,B04,,,,,,,,,,,NOT_RUN,,,,PENDING,,,
REQ-48903,489,SRS-FR-2481,XX03,business-validation,B04,,,,,,,,,,,NOT_RUN,,,,PENDING,,,
REQ-48904,489,SRS-FR-2482,XX04,audit-evidence,B04,,,,,,,,,,,NOT_RUN,,,,PENDING,,,
REQ-48905,489,SRS-FR-2483,XX05,exception-handling,B04,,,,,,,,,,,NOT_RUN,,,,PENDING,,,
REQ-48906,489,SRS-FR-2484,XX06,governed-reporting,B04,,,,,,,,,,,NOT_RUN,,,,PENDING,,,
REQ-49001,490,SRS-FR-2485,XX01,authoritative-records,B04,,,,,,,,,,,NOT_RUN,,,,PENDING,,,
REQ-49002,490,SRS-FR-2486,XX02,authorization,B04,,,,,,,,,,,NOT_RUN,,,,PENDING,,,
REQ-49003,490,SRS-FR-2487,XX03,business-validation,B04,,,,,,,,,,,NOT_RUN,,,,PENDING,,,
REQ-49004,490,SRS-FR-2488,XX04,audit-evidence,B04,,,,,,,,,,,NOT_RUN,,,,PENDING,,,
REQ-49005,490,SRS-FR-2489,XX05,exception-handling,B04,,,,,,,,,,,NOT_RUN,,,,PENDING,,,
REQ-49006,490,SRS-FR-2490,XX06,governed-reporting,B04,,,,,,,,,,,NOT_RUN,,,,PENDING,,,
REQ-49101,491,SRS-FR-2491,XX01,authoritative-records,B04,,,,,,,,,,,NOT_RUN,,,,PENDING,,,
REQ-49102,491,SRS-FR-2492,XX02,authorization,B04,,,,,,,,,,,NOT_RUN,,,,PENDING,,,
REQ-49103,491,SRS-FR-2493,XX03,business-validation,B04,,,,,,,,,,,NOT_RUN,,,,PENDING,,,
REQ-49104,491,SRS-FR-2494,XX04,audit-evidence,B04,,,,,,,,,,,NOT_RUN,,,,PENDING,,,
REQ-49105,491,SRS-FR-2495,XX05,exception-handling,B04,,,,,,,,,,,NOT_RUN,,,,PENDING,,,
REQ-49106,491,SRS-FR-2496,XX06,governed-reporting,B04,,,,,,,,,,,NOT_RUN,,,,PENDING,,,
REQ-49201,492,SRS-FR-2497,XX01,authoritative-records,B04,,,,,,,,,,,NOT_RUN,,,,PENDING,,,
REQ-49202,492,SRS-FR-2498,XX02,authorization,B04,,,,,,,,,,,NOT_RUN,,,,PENDING,,,
REQ-49203,492,SRS-FR-2499,XX03,business-validation,B04,,,,,,,,,,,NOT_RUN,,,,PENDING,,,
REQ-49204,492,SRS-FR-2500,XX04,audit-evidence,B04,,,,,,,,,,,NOT_RUN,,,,PENDING,,,
REQ-49205,492,SRS-FR-2501,XX05,exception-handling,B04,,,,,,,,,,,NOT_RUN,,,,PENDING,,,
REQ-49206,492,SRS-FR-2502,XX06,governed-reporting,B04,,,,,,,,,,,NOT_RUN,,,,PENDING,,,
REQ-49301,493,SRS-FR-2503,XX01,authoritative-records,B04,,,,,,,,,,,NOT_RUN,,,,PENDING,,,
REQ-49302,493,SRS-FR-2504,XX02,authorization,B04,,,,,,,,,,,NOT_RUN,,,,PENDING,,,
REQ-49303,493,SRS-FR-2505,XX03,business-validation,B04,,,,,,,,,,,NOT_RUN,,,,PENDING,,,
REQ-49304,493,SRS-FR-2506,XX04,audit-evidence,B04,,,,,,,,,,,NOT_RUN,,,,PENDING,,,
REQ-49305,493,SRS-FR-2507,XX05,exception-handling,B04,,,,,,,,,,,NOT_RUN,,,,PENDING,,,
REQ-49306,493,SRS-FR-2508,XX06,governed-reporting,B04,,,,,,,,,,,NOT_RUN,,,,PENDING,,,
REQ-49401,494,SRS-FR-2509,XX01,authoritative-records,B04,,,,,,,,,,,NOT_RUN,,,,PENDING,,,
REQ-49402,494,SRS-FR-2510,XX02,authorization,B04,,,,,,,,,,,NOT_RUN,,,,PENDING,,,
REQ-49403,494,SRS-FR-2511,XX03,business-validation,B04,,,,,,,,,,,NOT_RUN,,,,PENDING,,,
REQ-49404,494,SRS-FR-2512,XX04,audit-evidence,B04,,,,,,,,,,,NOT_RUN,,,,PENDING,,,
REQ-49405,494,SRS-FR-2513,XX05,exception-handling,B04,,,,,,,,,,,NOT_RUN,,,,PENDING,,,
REQ-49406,494,SRS-FR-2514,XX06,governed-reporting,B04,,,,,,,,,,,NOT_RUN,,,,PENDING,,,
REQ-49501,495,SRS-FR-2515,XX01,authoritative-records,B05,,,,,,,,,,,NOT_RUN,,,,PENDING,,,
REQ-49502,495,SRS-FR-2516,XX02,authorization,B05,,,,,,,,,,,NOT_RUN,,,,PENDING,,,
REQ-49503,495,SRS-FR-2517,XX03,business-validation,B05,,,,,,,,,,,NOT_RUN,,,,PENDING,,,
REQ-49504,495,SRS-FR-2518,XX04,audit-evidence,B05,,,,,,,,,,,NOT_RUN,,,,PENDING,,,
REQ-49505,495,SRS-FR-2519,XX05,exception-handling,B05,,,,,,,,,,,NOT_RUN,,,,PENDING,,,
REQ-49506,495,SRS-FR-2520,XX06,governed-reporting,B05,,,,,,,,,,,NOT_RUN,,,,PENDING,,,
REQ-49601,496,SRS-FR-2521,XX01,authoritative-records,B05,,,,,,,,,,,NOT_RUN,,,,PENDING,,,
REQ-49602,496,SRS-FR-2522,XX02,authorization,B05,,,,,,,,,,,NOT_RUN,,,,PENDING,,,
REQ-49603,496,SRS-FR-2523,XX03,business-validation,B05,,,,,,,,,,,NOT_RUN,,,,PENDING,,,
REQ-49604,496,SRS-FR-2524,XX04,audit-evidence,B05,,,,,,,,,,,NOT_RUN,,,,PENDING,,,
REQ-49605,496,SRS-FR-2525,XX05,exception-handling,B05,,,,,,,,,,,NOT_RUN,,,,PENDING,,,
REQ-49606,496,SRS-FR-2526,XX06,governed-reporting,B05,,,,,,,,,,,NOT_RUN,,,,PENDING,,,
REQ-49701,497,SRS-FR-2527,XX01,authoritative-records,B05,,,,,,,,,,,NOT_RUN,,,,PENDING,,,
REQ-49702,497,SRS-FR-2528,XX02,authorization,B05,,,,,,,,,,,NOT_RUN,,,,PENDING,,,
REQ-49703,497,SRS-FR-2529,XX03,business-validation,B05,,,,,,,,,,,NOT_RUN,,,,PENDING,,,
REQ-49704,497,SRS-FR-2530,XX04,audit-evidence,B05,,,,,,,,,,,NOT_RUN,,,,PENDING,,,
REQ-49705,497,SRS-FR-2531,XX05,exception-handling,B05,,,,,,,,,,,NOT_RUN,,,,PENDING,,,
REQ-49706,497,SRS-FR-2532,XX06,governed-reporting,B05,,,,,,,,,,,NOT_RUN,,,,PENDING,,,
REQ-49801,498,SRS-FR-2533,XX01,authoritative-records,B05,,,,,,,,,,,NOT_RUN,,,,PENDING,,,
REQ-49802,498,SRS-FR-2534,XX02,authorization,B05,,,,,,,,,,,NOT_RUN,,,,PENDING,,,
REQ-49803,498,SRS-FR-2535,XX03,business-validation,B05,,,,,,,,,,,NOT_RUN,,,,PENDING,,,
REQ-49804,498,SRS-FR-2536,XX04,audit-evidence,B05,,,,,,,,,,,NOT_RUN,,,,PENDING,,,
REQ-49805,498,SRS-FR-2537,XX05,exception-handling,B05,,,,,,,,,,,NOT_RUN,,,,PENDING,,,
REQ-49806,498,SRS-FR-2538,XX06,governed-reporting,B05,,,,,,,,,,,NOT_RUN,,,,PENDING,,,
REQ-49901,499,SRS-FR-2539,XX01,authoritative-records,B05,,,,,,,,,,,NOT_RUN,,,,PENDING,,,
REQ-49902,499,SRS-FR-2540,XX02,authorization,B05,,,,,,,,,,,NOT_RUN,,,,PENDING,,,
REQ-49903,499,SRS-FR-2541,XX03,business-validation,B05,,,,,,,,,,,NOT_RUN,,,,PENDING,,,
REQ-49904,499,SRS-FR-2542,XX04,audit-evidence,B05,,,,,,,,,,,NOT_RUN,,,,PENDING,,,
REQ-49905,499,SRS-FR-2543,XX05,exception-handling,B05,,,,,,,,,,,NOT_RUN,,,,PENDING,,,
REQ-49906,499,SRS-FR-2544,XX06,governed-reporting,B05,,,,,,,,,,,NOT_RUN,,,,PENDING,,,
REQ-50001,500,SRS-FR-2545,XX01,authoritative-records,B05,,,,,,,,,,,NOT_RUN,,,,PENDING,,,
REQ-50002,500,SRS-FR-2546,XX02,authorization,B05,,,,,,,,,,,NOT_RUN,,,,PENDING,,,
REQ-50003,500,SRS-FR-2547,XX03,business-validation,B05,,,,,,,,,,,NOT_RUN,,,,PENDING,,,
REQ-50004,500,SRS-FR-2548,XX04,audit-evidence,B05,,,,,,,,,,,NOT_RUN,,,,PENDING,,,
REQ-50005,500,SRS-FR-2549,XX05,exception-handling,B05,,,,,,,,,,,NOT_RUN,,,,PENDING,,,
REQ-50006,500,SRS-FR-2550,XX06,governed-reporting,B05,,,,,,,,,,,NOT_RUN,,,,PENDING,,,
