Requirement,Chapter,Sequence,SRS,Wave,Acceptance Test,Test Commit SHA,CI Workflow,CI Run Number,Immutable CI Run ID,Engineering Result,Engineering Status,Downstream Status,CI Job ID,Source
"REQ-46301","463","1","SRS-FR-2323","W01","eper/tests/requirement-acceptance-wave-01.test.mjs","d8650c961699a438e1586bffa3e323bc2ea270a5","CI","47","35951426690","PASS","ENGINEERING_PASS","107936673046","DOWNSTREAM_PENDING","GitHub Actions exact head-SHA recovery"
"REQ-46302","463","2","SRS-FR-2324","W01","eper/tests/requirement-acceptance-wave-01.test.mjs","d8650c961699a438e1586bffa3e323bc2ea270a5","CI","47","35951426690","PASS","ENGINEERING_PASS","107936673046","DOWNSTREAM_PENDING","GitHub Actions exact head-SHA recovery"
"REQ-46303","463","3","SRS-FR-2325","W01","eper/tests/requirement-acceptance-wave-01.test.mjs","d8650c961699a438e1586bffa3e323bc2ea270a5","CI","47","35951426690","PASS","ENGINEERING_PASS","107936673046","DOWNSTREAM_PENDING","GitHub Actions exact head-SHA recovery"
"REQ-46304","463","4","SRS-FR-2326","W01","eper/tests/requirement-acceptance-wave-01.test.mjs","d8650c961699a438e1586bffa3e323bc2ea270a5","CI","47","35951426690","PASS","ENGINEERING_PASS","107936673046","DOWNSTREAM_PENDING","GitHub Actions exact head-SHA recovery"
"REQ-46305","463","5","SRS-FR-2327","W01","eper/tests/requirement-acceptance-wave-01.test.mjs","d8650c961699a438e1586bffa3e323bc2ea270a5","CI","47","35951426690","PASS","ENGINEERING_PASS","107936673046","DOWNSTREAM_PENDING","GitHub Actions exact head-SHA recovery"
"REQ-46306","463","6","SRS-FR-2328","W01","eper/tests/requirement-acceptance-wave-01.test.mjs","d8650c961699a438e1586bffa3e323bc2ea270a5","CI","47","35951426690","PASS","ENGINEERING_PASS","107936673046","DOWNSTREAM_PENDING","GitHub Actions exact head-SHA recovery"
"REQ-46401","464","1","SRS-FR-2329","W02","eper/tests/requirement-acceptance-wave-02.test.mjs","fdf2b58691639518ea6cc5cc4af6b99aba1f5741","CI","54","35954851610","PASS","ENGINEERING_PASS","107936673046","DOWNSTREAM_PENDING","GitHub Actions exact head-SHA recovery"
"REQ-46402","464","2","SRS-FR-2330","W02","eper/tests/requirement-acceptance-wave-02.test.mjs","fdf2b58691639518ea6cc5cc4af6b99aba1f5741","CI","54","35954851610","PASS","ENGINEERING_PASS","107936673046","DOWNSTREAM_PENDING","GitHub Actions exact head-SHA recovery"
"REQ-46403","464","3","SRS-FR-2331","W02","eper/tests/requirement-acceptance-wave-02.test.mjs","fdf2b58691639518ea6cc5cc4af6b99aba1f5741","CI","54","35954851610","PASS","ENGINEERING_PASS","107936673046","DOWNSTREAM_PENDING","GitHub Actions exact head-SHA recovery"
"REQ-46404","464","4","SRS-FR-2332","W02","eper/tests/requirement-acceptance-wave-02.test.mjs","fdf2b58691639518ea6cc5cc4af6b99aba1f5741","CI","54","35954851610","PASS","ENGINEERING_PASS","107936673046","DOWNSTREAM_PENDING","GitHub Actions exact head-SHA recovery"
"REQ-46405","464","5","SRS-FR-2333","W02","eper/tests/requirement-acceptance-wave-02.test.mjs","fdf2b58691639518ea6cc5cc4af6b99aba1f5741","CI","54","35954851610","PASS","ENGINEERING_PASS","107936673046","DOWNSTREAM_PENDING","GitHub Actions exact head-SHA recovery"
"REQ-46406","464","6","SRS-FR-2334","W02","eper/tests/requirement-acceptance-wave-02.test.mjs","fdf2b58691639518ea6cc5cc4af6b99aba1f5741","CI","54","35954851610","PASS","ENGINEERING_PASS","107936673046","DOWNSTREAM_PENDING","GitHub Actions exact head-SHA recovery"
"REQ-46501","465","1","SRS-FR-2335","W03","eper/tests/requirement-acceptance-wave-03.test.mjs","3aeb008aea1f70aee40492470123d6b0110611cf","CI","56","35954958041","PASS","ENGINEERING_PASS","107936673046","DOWNSTREAM_PENDING","GitHub Actions exact head-SHA recovery"
"REQ-46502","465","2","SRS-FR-2336","W03","eper/tests/requirement-acceptance-wave-03.test.mjs","3aeb008aea1f70aee40492470123d6b0110611cf","CI","56","35954958041","PASS","ENGINEERING_PASS","107936673046","DOWNSTREAM_PENDING","GitHub Actions exact head-SHA recovery"
"REQ-46503","465","3","SRS-FR-2337","W03","eper/tests/requirement-acceptance-wave-03.test.mjs","3aeb008aea1f70aee40492470123d6b0110611cf","CI","56","35954958041","PASS","ENGINEERING_PASS","107936673046","DOWNSTREAM_PENDING","GitHub Actions exact head-SHA recovery"
"REQ-46504","465","4","SRS-FR-2338","W03","eper/tests/requirement-acceptance-wave-03.test.mjs","3aeb008aea1f70aee40492470123d6b0110611cf","CI","56","35954958041","PASS","ENGINEERING_PASS","107936673046","DOWNSTREAM_PENDING","GitHub Actions exact head-SHA recovery"
"REQ-46505","465","5","SRS-FR-2339","W03","eper/tests/requirement-acceptance-wave-03.test.mjs","3aeb008aea1f70aee40492470123d6b0110611cf","CI","56","35954958041","PASS","ENGINEERING_PASS","107936673046","DOWNSTREAM_PENDING","GitHub Actions exact head-SHA recovery"
"REQ-46506","465","6","SRS-FR-2340","W03","eper/tests/requirement-acceptance-wave-03.test.mjs","3aeb008aea1f70aee40492470123d6b0110611cf","CI","56","35954958041","PASS","ENGINEERING_PASS","107936673046","DOWNSTREAM_PENDING","GitHub Actions exact head-SHA recovery"
"REQ-46601","466","1","SRS-FR-2341","W04","eper/tests/requirement-acceptance-wave-04.test.mjs","5fe21046e4ecc8fb954838fdb08ef38612cdd62b","CI","58","35955195883","PASS","ENGINEERING_PASS","107936673046","DOWNSTREAM_PENDING","GitHub Actions exact head-SHA recovery"
"REQ-46602","466","2","SRS-FR-2342","W04","eper/tests/requirement-acceptance-wave-04.test.mjs","5fe21046e4ecc8fb954838fdb08ef38612cdd62b","CI","58","35955195883","PASS","ENGINEERING_PASS","107936673046","DOWNSTREAM_PENDING","GitHub Actions exact head-SHA recovery"
"REQ-46603","466","3","SRS-FR-2343","W04","eper/tests/requirement-acceptance-wave-04.test.mjs","5fe21046e4ecc8fb954838fdb08ef38612cdd62b","CI","58","35955195883","PASS","ENGINEERING_PASS","107936673046","DOWNSTREAM_PENDING","GitHub Actions exact head-SHA recovery"
"REQ-46604","466","4","SRS-FR-2344","W04","eper/tests/requirement-acceptance-wave-04.test.mjs","5fe21046e4ecc8fb954838fdb08ef38612cdd62b","CI","58","35955195883","PASS","ENGINEERING_PASS","107936673046","DOWNSTREAM_PENDING","GitHub Actions exact head-SHA recovery"
"REQ-46605","466","5","SRS-FR-2345","W04","eper/tests/requirement-acceptance-wave-04.test.mjs","5fe21046e4ecc8fb954838fdb08ef38612cdd62b","CI","58","35955195883","PASS","ENGINEERING_PASS","107936673046","DOWNSTREAM_PENDING","GitHub Actions exact head-SHA recovery"
"REQ-46606","466","6","SRS-FR-2346","W04","eper/tests/requirement-acceptance-wave-04.test.mjs","5fe21046e4ecc8fb954838fdb08ef38612cdd62b","CI","58","35955195883","PASS","ENGINEERING_PASS","107936673046","DOWNSTREAM_PENDING","GitHub Actions exact head-SHA recovery"
"REQ-46701","467","1","SRS-FR-2347","W05","eper/tests/requirement-acceptance-wave-05.test.mjs","77394454990b73bc357cb5bb567d4406d0e8aa01","CI","60","36091992046","PASS","ENGINEERING_PASS","107936673046","DOWNSTREAM_PENDING","GitHub Actions exact head-SHA recovery"
"REQ-46702","467","2","SRS-FR-2348","W05","eper/tests/requirement-acceptance-wave-05.test.mjs","77394454990b73bc357cb5bb567d4406d0e8aa01","CI","60","36091992046","PASS","ENGINEERING_PASS","107936673046","DOWNSTREAM_PENDING","GitHub Actions exact head-SHA recovery"
"REQ-46703","467","3","SRS-FR-2349","W05","eper/tests/requirement-acceptance-wave-05.test.mjs","77394454990b73bc357cb5bb567d4406d0e8aa01","CI","60","36091992046","PASS","ENGINEERING_PASS","107936673046","DOWNSTREAM_PENDING","GitHub Actions exact head-SHA recovery"
"REQ-46704","467","4","SRS-FR-2350","W05","eper/tests/requirement-acceptance-wave-05.test.mjs","77394454990b73bc357cb5bb567d4406d0e8aa01","CI","60","36091992046","PASS","ENGINEERING_PASS","107936673046","DOWNSTREAM_PENDING","GitHub Actions exact head-SHA recovery"
"REQ-46705","467","5","SRS-FR-2351","W05","eper/tests/requirement-acceptance-wave-05.test.mjs","77394454990b73bc357cb5bb567d4406d0e8aa01","CI","60","36091992046","PASS","ENGINEERING_PASS","107936673046","DOWNSTREAM_PENDING","GitHub Actions exact head-SHA recovery"
"REQ-46706","467","6","SRS-FR-2352","W05","eper/tests/requirement-acceptance-wave-05.test.mjs","77394454990b73bc357cb5bb567d4406d0e8aa01","CI","60","36091992046","PASS","ENGINEERING_PASS","107936673046","DOWNSTREAM_PENDING","GitHub Actions exact head-SHA recovery"
"REQ-46801","468","1","SRS-FR-2353","W06","eper/tests/requirement-acceptance-wave-06.test.mjs","78d0d68795d8025a0fc3c405db683cb628b68d30","CI","62","36092060922","PASS","ENGINEERING_PASS","107936673046","DOWNSTREAM_PENDING","GitHub Actions exact head-SHA recovery"
"REQ-46802","468","2","SRS-FR-2354","W06","eper/tests/requirement-acceptance-wave-06.test.mjs","78d0d68795d8025a0fc3c405db683cb628b68d30","CI","62","36092060922","PASS","ENGINEERING_PASS","107936673046","DOWNSTREAM_PENDING","GitHub Actions exact head-SHA recovery"
"REQ-46803","468","3","SRS-FR-2355","W06","eper/tests/requirement-acceptance-wave-06.test.mjs","78d0d68795d8025a0fc3c405db683cb628b68d30","CI","62","36092060922","PASS","ENGINEERING_PASS","107936673046","DOWNSTREAM_PENDING","GitHub Actions exact head-SHA recovery"
"REQ-46804","468","4","SRS-FR-2356","W06","eper/tests/requirement-acceptance-wave-06.test.mjs","78d0d68795d8025a0fc3c405db683cb628b68d30","CI","62","36092060922","PASS","ENGINEERING_PASS","107936673046","DOWNSTREAM_PENDING","GitHub Actions exact head-SHA recovery"
"REQ-46805","468","5","SRS-FR-2357","W06","eper/tests/requirement-acceptance-wave-06.test.mjs","78d0d68795d8025a0fc3c405db683cb628b68d30","CI","62","36092060922","PASS","ENGINEERING_PASS","107936673046","DOWNSTREAM_PENDING","GitHub Actions exact head-SHA recovery"
"REQ-46806","468","6","SRS-FR-2358","W06","eper/tests/requirement-acceptance-wave-06.test.mjs","78d0d68795d8025a0fc3c405db683cb628b68d30","CI","62","36092060922","PASS","ENGINEERING_PASS","107936673046","DOWNSTREAM_PENDING","GitHub Actions exact head-SHA recovery"
"REQ-46901","469","1","SRS-FR-2359","W07","eper/tests/requirement-acceptance-wave-07.test.mjs","21199d1db792a4084c84fc8b877a7d4d402df823","CI","64","36092160731","PASS","ENGINEERING_PASS","107936673046","DOWNSTREAM_PENDING","GitHub Actions exact head-SHA recovery"
"REQ-46902","469","2","SRS-FR-2360","W07","eper/tests/requirement-acceptance-wave-07.test.mjs","21199d1db792a4084c84fc8b877a7d4d402df823","CI","64","36092160731","PASS","ENGINEERING_PASS","107936673046","DOWNSTREAM_PENDING","GitHub Actions exact head-SHA recovery"
"REQ-46903","469","3","SRS-FR-2361","W07","eper/tests/requirement-acceptance-wave-07.test.mjs","21199d1db792a4084c84fc8b877a7d4d402df823","CI","64","36092160731","PASS","ENGINEERING_PASS","107936673046","DOWNSTREAM_PENDING","GitHub Actions exact head-SHA recovery"
"REQ-46904","469","4","SRS-FR-2362","W07","eper/tests/requirement-acceptance-wave-07.test.mjs","21199d1db792a4084c84fc8b877a7d4d402df823","CI","64","36092160731","PASS","ENGINEERING_PASS","107936673046","DOWNSTREAM_PENDING","GitHub Actions exact head-SHA recovery"
"REQ-46905","469","5","SRS-FR-2363","W07","eper/tests/requirement-acceptance-wave-07.test.mjs","21199d1db792a4084c84fc8b877a7d4d402df823","CI","64","36092160731","PASS","ENGINEERING_PASS","107936673046","DOWNSTREAM_PENDING","GitHub Actions exact head-SHA recovery"
"REQ-46906","469","6","SRS-FR-2364","W07","eper/tests/requirement-acceptance-wave-07.test.mjs","21199d1db792a4084c84fc8b877a7d4d402df823","CI","64","36092160731","PASS","ENGINEERING_PASS","107936673046","DOWNSTREAM_PENDING","GitHub Actions exact head-SHA recovery"
"REQ-47001","470","1","SRS-FR-2365","W08","eper/tests/requirement-acceptance-wave-08.test.mjs","79815bca4a183d95e3b2292a8d48397d5e808217","CI","66","36092249093","PASS","ENGINEERING_PASS","107936936923","DOWNSTREAM_PENDING","GitHub Actions exact head-SHA recovery"
"REQ-47002","470","2","SRS-FR-2366","W08","eper/tests/requirement-acceptance-wave-08.test.mjs","79815bca4a183d95e3b2292a8d48397d5e808217","CI","66","36092249093","PASS","ENGINEERING_PASS","107936936923","DOWNSTREAM_PENDING","GitHub Actions exact head-SHA recovery"
"REQ-47003","470","3","SRS-FR-2367","W08","eper/tests/requirement-acceptance-wave-08.test.mjs","79815bca4a183d95e3b2292a8d48397d5e808217","CI","66","36092249093","PASS","ENGINEERING_PASS","107936936923","DOWNSTREAM_PENDING","GitHub Actions exact head-SHA recovery"
"REQ-47004","470","4","SRS-FR-2368","W08","eper/tests/requirement-acceptance-wave-08.test.mjs","79815bca4a183d95e3b2292a8d48397d5e808217","CI","66","36092249093","PASS","ENGINEERING_PASS","107936936923","DOWNSTREAM_PENDING","GitHub Actions exact head-SHA recovery"
"REQ-47005","470","5","SRS-FR-2369","W08","eper/tests/requirement-acceptance-wave-08.test.mjs","79815bca4a183d95e3b2292a8d48397d5e808217","CI","66","36092249093","PASS","ENGINEERING_PASS","107936936923","DOWNSTREAM_PENDING","GitHub Actions exact head-SHA recovery"
"REQ-47006","470","6","SRS-FR-2370","W08","eper/tests/requirement-acceptance-wave-08.test.mjs","79815bca4a183d95e3b2292a8d48397d5e808217","CI","66","36092249093","PASS","ENGINEERING_PASS","107936936923","DOWNSTREAM_PENDING","GitHub Actions exact head-SHA recovery"
"REQ-47101","471","1","SRS-FR-2371","W09","eper/tests/requirement-acceptance-wave-09.test.mjs","7b4e247b1d9554d64e42a030ad4930f6dc799ca3","CI","68","36092326479","PASS","ENGINEERING_PASS","107937160276","DOWNSTREAM_PENDING","GitHub Actions exact head-SHA recovery"
"REQ-47102","471","2","SRS-FR-2372","W09","eper/tests/requirement-acceptance-wave-09.test.mjs","7b4e247b1d9554d64e42a030ad4930f6dc799ca3","CI","68","36092326479","PASS","ENGINEERING_PASS","107937160276","DOWNSTREAM_PENDING","GitHub Actions exact head-SHA recovery"
"REQ-47103","471","3","SRS-FR-2373","W09","eper/tests/requirement-acceptance-wave-09.test.mjs","7b4e247b1d9554d64e42a030ad4930f6dc799ca3","CI","68","36092326479","PASS","ENGINEERING_PASS","107937160276","DOWNSTREAM_PENDING","GitHub Actions exact head-SHA recovery"
"REQ-47104","471","4","SRS-FR-2374","W09","eper/tests/requirement-acceptance-wave-09.test.mjs","7b4e247b1d9554d64e42a030ad4930f6dc799ca3","CI","68","36092326479","PASS","ENGINEERING_PASS","107937160276","DOWNSTREAM_PENDING","GitHub Actions exact head-SHA recovery"
"REQ-47105","471","5","SRS-FR-2375","W09","eper/tests/requirement-acceptance-wave-09.test.mjs","7b4e247b1d9554d64e42a030ad4930f6dc799ca3","CI","68","36092326479","PASS","ENGINEERING_PASS","107937160276","DOWNSTREAM_PENDING","GitHub Actions exact head-SHA recovery"
"REQ-47106","471","6","SRS-FR-2376","W09","eper/tests/requirement-acceptance-wave-09.test.mjs","7b4e247b1d9554d64e42a030ad4930f6dc799ca3","CI","68","36092326479","PASS","ENGINEERING_PASS","107937160276","DOWNSTREAM_PENDING","GitHub Actions exact head-SHA recovery"
"REQ-47201","472","1","SRS-FR-2377","W10","eper/tests/requirement-acceptance-wave-10.test.mjs","5a01c29deeffc61d5f83c3574bde21aa4c02ac3f","CI","69","36092381181","PASS","ENGINEERING_PASS","107937324363","DOWNSTREAM_PENDING","GitHub Actions exact head-SHA recovery"
"REQ-47202","472","2","SRS-FR-2378","W10","eper/tests/requirement-acceptance-wave-10.test.mjs","5a01c29deeffc61d5f83c3574bde21aa4c02ac3f","CI","69","36092381181","PASS","ENGINEERING_PASS","107937324363","DOWNSTREAM_PENDING","GitHub Actions exact head-SHA recovery"
"REQ-47203","472","3","SRS-FR-2379","W10","eper/tests/requirement-acceptance-wave-10.test.mjs","5a01c29deeffc61d5f83c3574bde21aa4c02ac3f","CI","69","36092381181","PASS","ENGINEERING_PASS","107937324363","DOWNSTREAM_PENDING","GitHub Actions exact head-SHA recovery"
"REQ-47204","472","4","SRS-FR-2380","W10","eper/tests/requirement-acceptance-wave-10.test.mjs","5a01c29deeffc61d5f83c3574bde21aa4c02ac3f","CI","69","36092381181","PASS","ENGINEERING_PASS","107937324363","DOWNSTREAM_PENDING","GitHub Actions exact head-SHA recovery"
"REQ-47205","472","5","SRS-FR-2381","W10","eper/tests/requirement-acceptance-wave-10.test.mjs","5a01c29deeffc61d5f83c3574bde21aa4c02ac3f","CI","69","36092381181","PASS","ENGINEERING_PASS","107937324363","DOWNSTREAM_PENDING","GitHub Actions exact head-SHA recovery"
"REQ-47206","472","6","SRS-FR-2382","W10","eper/tests/requirement-acceptance-wave-10.test.mjs","5a01c29deeffc61d5f83c3574bde21aa4c02ac3f","CI","69","36092381181","PASS","ENGINEERING_PASS","107937324363","DOWNSTREAM_PENDING","GitHub Actions exact head-SHA recovery"
"REQ-47301","473","1","SRS-FR-2383","W11","eper/tests/requirement-acceptance-wave-11.test.mjs","8c3fa7d1f500d6be81950e174daa7e08b91dfa89","CI","71","36092456631","PASS","ENGINEERING_PASS","107937554001","DOWNSTREAM_PENDING","GitHub Actions exact head-SHA recovery"
"REQ-47302","473","2","SRS-FR-2384","W11","eper/tests/requirement-acceptance-wave-11.test.mjs","8c3fa7d1f500d6be81950e174daa7e08b91dfa89","CI","71","36092456631","PASS","ENGINEERING_PASS","107937554001","DOWNSTREAM_PENDING","GitHub Actions exact head-SHA recovery"
"REQ-47303","473","3","SRS-FR-2385","W11","eper/tests/requirement-acceptance-wave-11.test.mjs","8c3fa7d1f500d6be81950e174daa7e08b91dfa89","CI","71","36092456631","PASS","ENGINEERING_PASS","107937554001","DOWNSTREAM_PENDING","GitHub Actions exact head-SHA recovery"
"REQ-47304","473","4","SRS-FR-2386","W11","eper/tests/requirement-acceptance-wave-11.test.mjs","8c3fa7d1f500d6be81950e174daa7e08b91dfa89","CI","71","36092456631","PASS","ENGINEERING_PASS","107937554001","DOWNSTREAM_PENDING","GitHub Actions exact head-SHA recovery"
"REQ-47305","473","5","SRS-FR-2387","W11","eper/tests/requirement-acceptance-wave-11.test.mjs","8c3fa7d1f500d6be81950e174daa7e08b91dfa89","CI","71","36092456631","PASS","ENGINEERING_PASS","107937554001","DOWNSTREAM_PENDING","GitHub Actions exact head-SHA recovery"
"REQ-47306","473","6","SRS-FR-2388","W11","eper/tests/requirement-acceptance-wave-11.test.mjs","8c3fa7d1f500d6be81950e174daa7e08b91dfa89","CI","71","36092456631","PASS","ENGINEERING_PASS","107937554001","DOWNSTREAM_PENDING","GitHub Actions exact head-SHA recovery"
"REQ-47401","474","1","SRS-FR-2389","W12","eper/tests/requirement-acceptance-wave-12.test.mjs","a57ab91ec3da064b1c0dd5c28a94d18fbc22ed52","CI","73","36092506324","PASS","ENGINEERING_PASS","107936673046","DOWNSTREAM_PENDING","GitHub Actions exact head-SHA recovery"
"REQ-47402","474","2","SRS-FR-2390","W12","eper/tests/requirement-acceptance-wave-12.test.mjs","a57ab91ec3da064b1c0dd5c28a94d18fbc22ed52","CI","73","36092506324","PASS","ENGINEERING_PASS","107936673046","DOWNSTREAM_PENDING","GitHub Actions exact head-SHA recovery"
"REQ-47403","474","3","SRS-FR-2391","W12","eper/tests/requirement-acceptance-wave-12.test.mjs","a57ab91ec3da064b1c0dd5c28a94d18fbc22ed52","CI","73","36092506324","PASS","ENGINEERING_PASS","107936673046","DOWNSTREAM_PENDING","GitHub Actions exact head-SHA recovery"
"REQ-47404","474","4","SRS-FR-2392","W12","eper/tests/requirement-acceptance-wave-12.test.mjs","a57ab91ec3da064b1c0dd5c28a94d18fbc22ed52","CI","73","36092506324","PASS","ENGINEERING_PASS","107936673046","DOWNSTREAM_PENDING","GitHub Actions exact head-SHA recovery"
"REQ-47405","474","5","SRS-FR-2393","W12","eper/tests/requirement-acceptance-wave-12.test.mjs","a57ab91ec3da064b1c0dd5c28a94d18fbc22ed52","CI","73","36092506324","PASS","ENGINEERING_PASS","107936673046","DOWNSTREAM_PENDING","GitHub Actions exact head-SHA recovery"
"REQ-47406","474","6","SRS-FR-2394","W12","eper/tests/requirement-acceptance-wave-12.test.mjs","a57ab91ec3da064b1c0dd5c28a94d18fbc22ed52","CI","73","36092506324","PASS","ENGINEERING_PASS","107936673046","DOWNSTREAM_PENDING","GitHub Actions exact head-SHA recovery"
"REQ-47501","475","1","SRS-FR-2395","W13","eper/tests/requirement-acceptance-wave-13.test.mjs","d6dfd35964296e05d1726f64855d1e48efb8fbbf","CI","75","36092556593","PASS","ENGINEERING_PASS","107936673046","DOWNSTREAM_PENDING","GitHub Actions exact head-SHA recovery"
"REQ-47502","475","2","SRS-FR-2396","W13","eper/tests/requirement-acceptance-wave-13.test.mjs","d6dfd35964296e05d1726f64855d1e48efb8fbbf","CI","75","36092556593","PASS","ENGINEERING_PASS","107936673046","DOWNSTREAM_PENDING","GitHub Actions exact head-SHA recovery"
"REQ-47503","475","3","SRS-FR-2397","W13","eper/tests/requirement-acceptance-wave-13.test.mjs","d6dfd35964296e05d1726f64855d1e48efb8fbbf","CI","75","36092556593","PASS","ENGINEERING_PASS","107936673046","DOWNSTREAM_PENDING","GitHub Actions exact head-SHA recovery"
"REQ-47504","475","4","SRS-FR-2398","W13","eper/tests/requirement-acceptance-wave-13.test.mjs","d6dfd35964296e05d1726f64855d1e48efb8fbbf","CI","75","36092556593","PASS","ENGINEERING_PASS","107936673046","DOWNSTREAM_PENDING","GitHub Actions exact head-SHA recovery"
"REQ-47505","475","5","SRS-FR-2399","W13","eper/tests/requirement-acceptance-wave-13.test.mjs","d6dfd35964296e05d1726f64855d1e48efb8fbbf","CI","75","36092556593","PASS","ENGINEERING_PASS","107936673046","DOWNSTREAM_PENDING","GitHub Actions exact head-SHA recovery"
"REQ-47506","475","6","SRS-FR-2400","W13","eper/tests/requirement-acceptance-wave-13.test.mjs","d6dfd35964296e05d1726f64855d1e48efb8fbbf","CI","75","36092556593","PASS","ENGINEERING_PASS","107936673046","DOWNSTREAM_PENDING","GitHub Actions exact head-SHA recovery"
"REQ-47601","476","1","SRS-FR-2401","W14","eper/tests/requirement-acceptance-wave-14.test.mjs","2d33ecb3a738e96f1d6c925cfee0fe7e8facba66","CI","77","36092642593","PASS","ENGINEERING_PASS","107936673046","DOWNSTREAM_PENDING","GitHub Actions exact head-SHA recovery"
"REQ-47602","476","2","SRS-FR-2402","W14","eper/tests/requirement-acceptance-wave-14.test.mjs","2d33ecb3a738e96f1d6c925cfee0fe7e8facba66","CI","77","36092642593","PASS","ENGINEERING_PASS","107936673046","DOWNSTREAM_PENDING","GitHub Actions exact head-SHA recovery"
"REQ-47603","476","3","SRS-FR-2403","W14","eper/tests/requirement-acceptance-wave-14.test.mjs","2d33ecb3a738e96f1d6c925cfee0fe7e8facba66","CI","77","36092642593","PASS","ENGINEERING_PASS","107936673046","DOWNSTREAM_PENDING","GitHub Actions exact head-SHA recovery"
"REQ-47604","476","4","SRS-FR-2404","W14","eper/tests/requirement-acceptance-wave-14.test.mjs","2d33ecb3a738e96f1d6c925cfee0fe7e8facba66","CI","77","36092642593","PASS","ENGINEERING_PASS","107936673046","DOWNSTREAM_PENDING","GitHub Actions exact head-SHA recovery"
"REQ-47605","476","5","SRS-FR-2405","W14","eper/tests/requirement-acceptance-wave-14.test.mjs","2d33ecb3a738e96f1d6c925cfee0fe7e8facba66","CI","77","36092642593","PASS","ENGINEERING_PASS","107936673046","DOWNSTREAM_PENDING","GitHub Actions exact head-SHA recovery"
"REQ-47606","476","6","SRS-FR-2406","W14","eper/tests/requirement-acceptance-wave-14.test.mjs","2d33ecb3a738e96f1d6c925cfee0fe7e8facba66","CI","77","36092642593","PASS","ENGINEERING_PASS","107936673046","DOWNSTREAM_PENDING","GitHub Actions exact head-SHA recovery"
"REQ-47701","477","1","SRS-FR-2407","W15","eper/tests/requirement-acceptance-wave-15.test.mjs","3aedb4e89f7d73bff302673b5b00e2e5b09061c1","CI","78","36092696482","PASS","ENGINEERING_PASS","107936673046","DOWNSTREAM_PENDING","GitHub Actions exact head-SHA recovery"
"REQ-47702","477","2","SRS-FR-2408","W15","eper/tests/requirement-acceptance-wave-15.test.mjs","3aedb4e89f7d73bff302673b5b00e2e5b09061c1","CI","78","36092696482","PASS","ENGINEERING_PASS","107936673046","DOWNSTREAM_PENDING","GitHub Actions exact head-SHA recovery"
"REQ-47703","477","3","SRS-FR-2409","W15","eper/tests/requirement-acceptance-wave-15.test.mjs","3aedb4e89f7d73bff302673b5b00e2e5b09061c1","CI","78","36092696482","PASS","ENGINEERING_PASS","107936673046","DOWNSTREAM_PENDING","GitHub Actions exact head-SHA recovery"
"REQ-47704","477","4","SRS-FR-2410","W15","eper/tests/requirement-acceptance-wave-15.test.mjs","3aedb4e89f7d73bff302673b5b00e2e5b09061c1","CI","78","36092696482","PASS","ENGINEERING_PASS","107936673046","DOWNSTREAM_PENDING","GitHub Actions exact head-SHA recovery"
"REQ-47705","477","5","SRS-FR-2411","W15","eper/tests/requirement-acceptance-wave-15.test.mjs","3aedb4e89f7d73bff302673b5b00e2e5b09061c1","CI","78","36092696482","PASS","ENGINEERING_PASS","107936673046","DOWNSTREAM_PENDING","GitHub Actions exact head-SHA recovery"
"REQ-47706","477","6","SRS-FR-2412","W15","eper/tests/requirement-acceptance-wave-15.test.mjs","3aedb4e89f7d73bff302673b5b00e2e5b09061c1","CI","78","36092696482","PASS","ENGINEERING_PASS","107936673046","DOWNSTREAM_PENDING","GitHub Actions exact head-SHA recovery"
"REQ-47801","478","1","SRS-FR-2413","W16","eper/tests/requirement-acceptance-wave-16.test.mjs","e922d95c97c6cd64ded969aa997897b4cf530c50","CI","81","36092768073","PASS","ENGINEERING_PASS","107936673046","DOWNSTREAM_PENDING","GitHub Actions exact head-SHA recovery"
"REQ-47802","478","2","SRS-FR-2414","W16","eper/tests/requirement-acceptance-wave-16.test.mjs","e922d95c97c6cd64ded969aa997897b4cf530c50","CI","81","36092768073","PASS","ENGINEERING_PASS","107936673046","DOWNSTREAM_PENDING","GitHub Actions exact head-SHA recovery"
"REQ-47803","478","3","SRS-FR-2415","W16","eper/tests/requirement-acceptance-wave-16.test.mjs","e922d95c97c6cd64ded969aa997897b4cf530c50","CI","81","36092768073","PASS","ENGINEERING_PASS","107936673046","DOWNSTREAM_PENDING","GitHub Actions exact head-SHA recovery"
"REQ-47804","478","4","SRS-FR-2416","W16","eper/tests/requirement-acceptance-wave-16.test.mjs","e922d95c97c6cd64ded969aa997897b4cf530c50","CI","81","36092768073","PASS","ENGINEERING_PASS","107936673046","DOWNSTREAM_PENDING","GitHub Actions exact head-SHA recovery"
"REQ-47805","478","5","SRS-FR-2417","W16","eper/tests/requirement-acceptance-wave-16.test.mjs","e922d95c97c6cd64ded969aa997897b4cf530c50","CI","81","36092768073","PASS","ENGINEERING_PASS","107936673046","DOWNSTREAM_PENDING","GitHub Actions exact head-SHA recovery"
"REQ-47806","478","6","SRS-FR-2418","W16","eper/tests/requirement-acceptance-wave-16.test.mjs","e922d95c97c6cd64ded969aa997897b4cf530c50","CI","81","36092768073","PASS","ENGINEERING_PASS","107936673046","DOWNSTREAM_PENDING","GitHub Actions exact head-SHA recovery"
"REQ-47901","479","1","SRS-FR-2419","W17","eper/tests/requirement-acceptance-wave-17.test.mjs","b106a996dd94f06c3de876d07171de5c14e30883","CI","82","36092821618","PASS","ENGINEERING_PASS","107936673046","DOWNSTREAM_PENDING","GitHub Actions exact head-SHA recovery"
"REQ-47902","479","2","SRS-FR-2420","W17","eper/tests/requirement-acceptance-wave-17.test.mjs","b106a996dd94f06c3de876d07171de5c14e30883","CI","82","36092821618","PASS","ENGINEERING_PASS","107936673046","DOWNSTREAM_PENDING","GitHub Actions exact head-SHA recovery"
"REQ-47903","479","3","SRS-FR-2421","W17","eper/tests/requirement-acceptance-wave-17.test.mjs","b106a996dd94f06c3de876d07171de5c14e30883","CI","82","36092821618","PASS","ENGINEERING_PASS","107936673046","DOWNSTREAM_PENDING","GitHub Actions exact head-SHA recovery"
"REQ-47904","479","4","SRS-FR-2422","W17","eper/tests/requirement-acceptance-wave-17.test.mjs","b106a996dd94f06c3de876d07171de5c14e30883","CI","82","36092821618","PASS","ENGINEERING_PASS","107936673046","DOWNSTREAM_PENDING","GitHub Actions exact head-SHA recovery"
"REQ-47905","479","5","SRS-FR-2423","W17","eper/tests/requirement-acceptance-wave-17.test.mjs","b106a996dd94f06c3de876d07171de5c14e30883","CI","82","36092821618","PASS","ENGINEERING_PASS","107936673046","DOWNSTREAM_PENDING","GitHub Actions exact head-SHA recovery"
"REQ-47906","479","6","SRS-FR-2424","W17","eper/tests/requirement-acceptance-wave-17.test.mjs","b106a996dd94f06c3de876d07171de5c14e30883","CI","82","36092821618","PASS","ENGINEERING_PASS","107936673046","DOWNSTREAM_PENDING","GitHub Actions exact head-SHA recovery"
"REQ-48001","480","1","SRS-FR-2425","W18","eper/tests/requirement-acceptance-wave-18.test.mjs","eb69508ca5eda6df3c43980dbc34537301b08d1a","CI","85","36092947260","PASS","ENGINEERING_PASS","107936673046","DOWNSTREAM_PENDING","GitHub Actions exact head-SHA recovery"
"REQ-48002","480","2","SRS-FR-2426","W18","eper/tests/requirement-acceptance-wave-18.test.mjs","eb69508ca5eda6df3c43980dbc34537301b08d1a","CI","85","36092947260","PASS","ENGINEERING_PASS","107936673046","DOWNSTREAM_PENDING","GitHub Actions exact head-SHA recovery"
"REQ-48003","480","3","SRS-FR-2427","W18","eper/tests/requirement-acceptance-wave-18.test.mjs","eb69508ca5eda6df3c43980dbc34537301b08d1a","CI","85","36092947260","PASS","ENGINEERING_PASS","107936673046","DOWNSTREAM_PENDING","GitHub Actions exact head-SHA recovery"
"REQ-48004","480","4","SRS-FR-2428","W18","eper/tests/requirement-acceptance-wave-18.test.mjs","eb69508ca5eda6df3c43980dbc34537301b08d1a","CI","85","36092947260","PASS","ENGINEERING_PASS","107936673046","DOWNSTREAM_PENDING","GitHub Actions exact head-SHA recovery"
"REQ-48005","480","5","SRS-FR-2429","W18","eper/tests/requirement-acceptance-wave-18.test.mjs","eb69508ca5eda6df3c43980dbc34537301b08d1a","CI","85","36092947260","PASS","ENGINEERING_PASS","107936673046","DOWNSTREAM_PENDING","GitHub Actions exact head-SHA recovery"
"REQ-48006","480","6","SRS-FR-2430","W18","eper/tests/requirement-acceptance-wave-18.test.mjs","eb69508ca5eda6df3c43980dbc34537301b08d1a","CI","85","36092947260","PASS","ENGINEERING_PASS","107936673046","DOWNSTREAM_PENDING","GitHub Actions exact head-SHA recovery"
"REQ-48101","481","1","SRS-FR-2431","W19","eper/tests/requirement-acceptance-wave-19.test.mjs","893805bc40943d14b6f1f8268a85fec38e80b971","CI","86","36093003413","PASS","ENGINEERING_PASS","107936673046","DOWNSTREAM_PENDING","GitHub Actions exact head-SHA recovery"
"REQ-48102","481","2","SRS-FR-2432","W19","eper/tests/requirement-acceptance-wave-19.test.mjs","893805bc40943d14b6f1f8268a85fec38e80b971","CI","86","36093003413","PASS","ENGINEERING_PASS","107936673046","DOWNSTREAM_PENDING","GitHub Actions exact head-SHA recovery"
"REQ-48103","481","3","SRS-FR-2433","W19","eper/tests/requirement-acceptance-wave-19.test.mjs","893805bc40943d14b6f1f8268a85fec38e80b971","CI","86","36093003413","PASS","ENGINEERING_PASS","107936673046","DOWNSTREAM_PENDING","GitHub Actions exact head-SHA recovery"
"REQ-48104","481","4","SRS-FR-2434","W19","eper/tests/requirement-acceptance-wave-19.test.mjs","893805bc40943d14b6f1f8268a85fec38e80b971","CI","86","36093003413","PASS","ENGINEERING_PASS","107936673046","DOWNSTREAM_PENDING","GitHub Actions exact head-SHA recovery"
"REQ-48105","481","5","SRS-FR-2435","W19","eper/tests/requirement-acceptance-wave-19.test.mjs","893805bc40943d14b6f1f8268a85fec38e80b971","CI","86","36093003413","PASS","ENGINEERING_PASS","107936673046","DOWNSTREAM_PENDING","GitHub Actions exact head-SHA recovery"
"REQ-48106","481","6","SRS-FR-2436","W19","eper/tests/requirement-acceptance-wave-19.test.mjs","893805bc40943d14b6f1f8268a85fec38e80b971","CI","86","36093003413","PASS","ENGINEERING_PASS","107936673046","DOWNSTREAM_PENDING","GitHub Actions exact head-SHA recovery"
"REQ-48201","482","1","SRS-FR-2437","W20","eper/tests/requirement-acceptance-wave-20.test.mjs","d2111ccdb924587787c274427cd140700f07b00f","CI","89","36093381770","PASS","ENGINEERING_PASS","107936673046","DOWNSTREAM_PENDING","GitHub Actions exact head-SHA recovery"
"REQ-48202","482","2","SRS-FR-2438","W20","eper/tests/requirement-acceptance-wave-20.test.mjs","d2111ccdb924587787c274427cd140700f07b00f","CI","89","36093381770","PASS","ENGINEERING_PASS","107936673046","DOWNSTREAM_PENDING","GitHub Actions exact head-SHA recovery"
"REQ-48203","482","3","SRS-FR-2439","W20","eper/tests/requirement-acceptance-wave-20.test.mjs","d2111ccdb924587787c274427cd140700f07b00f","CI","89","36093381770","PASS","ENGINEERING_PASS","107936673046","DOWNSTREAM_PENDING","GitHub Actions exact head-SHA recovery"
"REQ-48204","482","4","SRS-FR-2440","W20","eper/tests/requirement-acceptance-wave-20.test.mjs","d2111ccdb924587787c274427cd140700f07b00f","CI","89","36093381770","PASS","ENGINEERING_PASS","107936673046","DOWNSTREAM_PENDING","GitHub Actions exact head-SHA recovery"
"REQ-48205","482","5","SRS-FR-2441","W20","eper/tests/requirement-acceptance-wave-20.test.mjs","d2111ccdb924587787c274427cd140700f07b00f","CI","89","36093381770","PASS","ENGINEERING_PASS","107936673046","DOWNSTREAM_PENDING","GitHub Actions exact head-SHA recovery"
"REQ-48206","482","6","SRS-FR-2442","W20","eper/tests/requirement-acceptance-wave-20.test.mjs","d2111ccdb924587787c274427cd140700f07b00f","CI","89","36093381770","PASS","ENGINEERING_PASS","107936673046","DOWNSTREAM_PENDING","GitHub Actions exact head-SHA recovery"
"REQ-48301","483","1","SRS-FR-2443","W21","eper/tests/requirement-acceptance-wave-21.test.mjs","2b5016ce9446dd32048dc7bf1b23937569ffee93","CI","91","36093456721","PASS","ENGINEERING_PASS","107936673046","DOWNSTREAM_PENDING","GitHub Actions exact head-SHA recovery"
"REQ-48302","483","2","SRS-FR-2444","W21","eper/tests/requirement-acceptance-wave-21.test.mjs","2b5016ce9446dd32048dc7bf1b23937569ffee93","CI","91","36093456721","PASS","ENGINEERING_PASS","107936673046","DOWNSTREAM_PENDING","GitHub Actions exact head-SHA recovery"
"REQ-48303","483","3","SRS-FR-2445","W21","eper/tests/requirement-acceptance-wave-21.test.mjs","2b5016ce9446dd32048dc7bf1b23937569ffee93","CI","91","36093456721","PASS","ENGINEERING_PASS","107936673046","DOWNSTREAM_PENDING","GitHub Actions exact head-SHA recovery"
"REQ-48304","483","4","SRS-FR-2446","W21","eper/tests/requirement-acceptance-wave-21.test.mjs","2b5016ce9446dd32048dc7bf1b23937569ffee93","CI","91","36093456721","PASS","ENGINEERING_PASS","107936673046","DOWNSTREAM_PENDING","GitHub Actions exact head-SHA recovery"
"REQ-48305","483","5","SRS-FR-2447","W21","eper/tests/requirement-acceptance-wave-21.test.mjs","2b5016ce9446dd32048dc7bf1b23937569ffee93","CI","91","36093456721","PASS","ENGINEERING_PASS","107936673046","DOWNSTREAM_PENDING","GitHub Actions exact head-SHA recovery"
"REQ-48306","483","6","SRS-FR-2448","W21","eper/tests/requirement-acceptance-wave-21.test.mjs","2b5016ce9446dd32048dc7bf1b23937569ffee93","CI","91","36093456721","PASS","ENGINEERING_PASS","107936673046","DOWNSTREAM_PENDING","GitHub Actions exact head-SHA recovery"
"REQ-48401","484","1","SRS-FR-2449","W22","eper/tests/requirement-acceptance-wave-22.test.mjs","a7d3105d6eb87011be2eeee59b0c721f14e38f78","CI","92","36093513610","PASS","ENGINEERING_PASS","107936673046","DOWNSTREAM_PENDING","GitHub Actions exact head-SHA recovery"
"REQ-48402","484","2","SRS-FR-2450","W22","eper/tests/requirement-acceptance-wave-22.test.mjs","a7d3105d6eb87011be2eeee59b0c721f14e38f78","CI","92","36093513610","PASS","ENGINEERING_PASS","107936673046","DOWNSTREAM_PENDING","GitHub Actions exact head-SHA recovery"
"REQ-48403","484","3","SRS-FR-2451","W22","eper/tests/requirement-acceptance-wave-22.test.mjs","a7d3105d6eb87011be2eeee59b0c721f14e38f78","CI","92","36093513610","PASS","ENGINEERING_PASS","107936673046","DOWNSTREAM_PENDING","GitHub Actions exact head-SHA recovery"
"REQ-48404","484","4","SRS-FR-2452","W22","eper/tests/requirement-acceptance-wave-22.test.mjs","a7d3105d6eb87011be2eeee59b0c721f14e38f78","CI","92","36093513610","PASS","ENGINEERING_PASS","107936673046","DOWNSTREAM_PENDING","GitHub Actions exact head-SHA recovery"
"REQ-48405","484","5","SRS-FR-2453","W22","eper/tests/requirement-acceptance-wave-22.test.mjs","a7d3105d6eb87011be2eeee59b0c721f14e38f78","CI","92","36093513610","PASS","ENGINEERING_PASS","107936673046","DOWNSTREAM_PENDING","GitHub Actions exact head-SHA recovery"
"REQ-48406","484","6","SRS-FR-2454","W22","eper/tests/requirement-acceptance-wave-22.test.mjs","a7d3105d6eb87011be2eeee59b0c721f14e38f78","CI","92","36093513610","PASS","ENGINEERING_PASS","107936673046","DOWNSTREAM_PENDING","GitHub Actions exact head-SHA recovery"
"REQ-48501","485","1","SRS-FR-2455","W23","eper/tests/requirement-acceptance-wave-23.test.mjs","206094c28ea619eb59e6dd42ba3d7583dc82c9c8","CI","94","36093792409","PASS","ENGINEERING_PASS","107936673046","DOWNSTREAM_PENDING","GitHub Actions exact head-SHA recovery"
"REQ-48502","485","2","SRS-FR-2456","W23","eper/tests/requirement-acceptance-wave-23.test.mjs","206094c28ea619eb59e6dd42ba3d7583dc82c9c8","CI","94","36093792409","PASS","ENGINEERING_PASS","107936673046","DOWNSTREAM_PENDING","GitHub Actions exact head-SHA recovery"
"REQ-48503","485","3","SRS-FR-2457","W23","eper/tests/requirement-acceptance-wave-23.test.mjs","206094c28ea619eb59e6dd42ba3d7583dc82c9c8","CI","94","36093792409","PASS","ENGINEERING_PASS","107936673046","DOWNSTREAM_PENDING","GitHub Actions exact head-SHA recovery"
"REQ-48504","485","4","SRS-FR-2458","W23","eper/tests/requirement-acceptance-wave-23.test.mjs","206094c28ea619eb59e6dd42ba3d7583dc82c9c8","CI","94","36093792409","PASS","ENGINEERING_PASS","107936673046","DOWNSTREAM_PENDING","GitHub Actions exact head-SHA recovery"
"REQ-48505","485","5","SRS-FR-2459","W23","eper/tests/requirement-acceptance-wave-23.test.mjs","206094c28ea619eb59e6dd42ba3d7583dc82c9c8","CI","94","36093792409","PASS","ENGINEERING_PASS","107936673046","DOWNSTREAM_PENDING","GitHub Actions exact head-SHA recovery"
"REQ-48506","485","6","SRS-FR-2460","W23","eper/tests/requirement-acceptance-wave-23.test.mjs","206094c28ea619eb59e6dd42ba3d7583dc82c9c8","CI","94","36093792409","PASS","ENGINEERING_PASS","107936673046","DOWNSTREAM_PENDING","GitHub Actions exact head-SHA recovery"
"REQ-48601","486","1","SRS-FR-2461","W24","eper/tests/requirement-acceptance-wave-24.test.mjs","dbf256302c80e98c96fb22be7900f53173916720","CI","96","36093862224","PASS","ENGINEERING_PASS","107936673046","DOWNSTREAM_PENDING","GitHub Actions exact head-SHA recovery"
"REQ-48602","486","2","SRS-FR-2462","W24","eper/tests/requirement-acceptance-wave-24.test.mjs","dbf256302c80e98c96fb22be7900f53173916720","CI","96","36093862224","PASS","ENGINEERING_PASS","107936673046","DOWNSTREAM_PENDING","GitHub Actions exact head-SHA recovery"
"REQ-48603","486","3","SRS-FR-2463","W24","eper/tests/requirement-acceptance-wave-24.test.mjs","dbf256302c80e98c96fb22be7900f53173916720","CI","96","36093862224","PASS","ENGINEERING_PASS","107936673046","DOWNSTREAM_PENDING","GitHub Actions exact head-SHA recovery"
"REQ-48604","486","4","SRS-FR-2464","W24","eper/tests/requirement-acceptance-wave-24.test.mjs","dbf256302c80e98c96fb22be7900f53173916720","CI","96","36093862224","PASS","ENGINEERING_PASS","107936673046","DOWNSTREAM_PENDING","GitHub Actions exact head-SHA recovery"
"REQ-48605","486","5","SRS-FR-2465","W24","eper/tests/requirement-acceptance-wave-24.test.mjs","dbf256302c80e98c96fb22be7900f53173916720","CI","96","36093862224","PASS","ENGINEERING_PASS","107936673046","DOWNSTREAM_PENDING","GitHub Actions exact head-SHA recovery"
"REQ-48606","486","6","SRS-FR-2466","W24","eper/tests/requirement-acceptance-wave-24.test.mjs","dbf256302c80e98c96fb22be7900f53173916720","CI","96","36093862224","PASS","ENGINEERING_PASS","107936673046","DOWNSTREAM_PENDING","GitHub Actions exact head-SHA recovery"
"REQ-48701","487","1","SRS-FR-2467","W25","eper/tests/requirement-acceptance-wave-25.test.mjs","47fde87b4193c60cb12314699fea975664a72c55","CI","97","36093919583","PASS","ENGINEERING_PASS","107936673046","DOWNSTREAM_PENDING","GitHub Actions exact head-SHA recovery"
"REQ-48702","487","2","SRS-FR-2468","W25","eper/tests/requirement-acceptance-wave-25.test.mjs","47fde87b4193c60cb12314699fea975664a72c55","CI","97","36093919583","PASS","ENGINEERING_PASS","107936673046","DOWNSTREAM_PENDING","GitHub Actions exact head-SHA recovery"
"REQ-48703","487","3","SRS-FR-2469","W25","eper/tests/requirement-acceptance-wave-25.test.mjs","47fde87b4193c60cb12314699fea975664a72c55","CI","97","36093919583","PASS","ENGINEERING_PASS","107936673046","DOWNSTREAM_PENDING","GitHub Actions exact head-SHA recovery"
"REQ-48704","487","4","SRS-FR-2470","W25","eper/tests/requirement-acceptance-wave-25.test.mjs","47fde87b4193c60cb12314699fea975664a72c55","CI","97","36093919583","PASS","ENGINEERING_PASS","107936673046","DOWNSTREAM_PENDING","GitHub Actions exact head-SHA recovery"
"REQ-48705","487","5","SRS-FR-2471","W25","eper/tests/requirement-acceptance-wave-25.test.mjs","47fde87b4193c60cb12314699fea975664a72c55","CI","97","36093919583","PASS","ENGINEERING_PASS","107936673046","DOWNSTREAM_PENDING","GitHub Actions exact head-SHA recovery"
"REQ-48706","487","6","SRS-FR-2472","W25","eper/tests/requirement-acceptance-wave-25.test.mjs","47fde87b4193c60cb12314699fea975664a72c55","CI","97","36093919583","PASS","ENGINEERING_PASS","107936673046","DOWNSTREAM_PENDING","GitHub Actions exact head-SHA recovery"
"REQ-48801","488","1","SRS-FR-2473","W26","eper/tests/requirement-acceptance-wave-26.test.mjs","06f09a22f0cce2689a3e77cfa212a973947ff164","CI","99","36094001039","PASS","ENGINEERING_PASS","107936673046","DOWNSTREAM_PENDING","GitHub Actions exact head-SHA recovery"
"REQ-48802","488","2","SRS-FR-2474","W26","eper/tests/requirement-acceptance-wave-26.test.mjs","06f09a22f0cce2689a3e77cfa212a973947ff164","CI","99","36094001039","PASS","ENGINEERING_PASS","107936673046","DOWNSTREAM_PENDING","GitHub Actions exact head-SHA recovery"
"REQ-48803","488","3","SRS-FR-2475","W26","eper/tests/requirement-acceptance-wave-26.test.mjs","06f09a22f0cce2689a3e77cfa212a973947ff164","CI","99","36094001039","PASS","ENGINEERING_PASS","107936673046","DOWNSTREAM_PENDING","GitHub Actions exact head-SHA recovery"
"REQ-48804","488","4","SRS-FR-2476","W26","eper/tests/requirement-acceptance-wave-26.test.mjs","06f09a22f0cce2689a3e77cfa212a973947ff164","CI","99","36094001039","PASS","ENGINEERING_PASS","107936673046","DOWNSTREAM_PENDING","GitHub Actions exact head-SHA recovery"
"REQ-48805","488","5","SRS-FR-2477","W26","eper/tests/requirement-acceptance-wave-26.test.mjs","06f09a22f0cce2689a3e77cfa212a973947ff164","CI","99","36094001039","PASS","ENGINEERING_PASS","107936673046","DOWNSTREAM_PENDING","GitHub Actions exact head-SHA recovery"
"REQ-48806","488","6","SRS-FR-2478","W26","eper/tests/requirement-acceptance-wave-26.test.mjs","06f09a22f0cce2689a3e77cfa212a973947ff164","CI","99","36094001039","PASS","ENGINEERING_PASS","107936673046","DOWNSTREAM_PENDING","GitHub Actions exact head-SHA recovery"
"REQ-48901","489","1","SRS-FR-2479","W27","eper/tests/requirement-acceptance-wave-27.test.mjs","e20f83c62f46ab9d897bc4b534d22d3acbc56126","CI","101","36094061767","PASS","ENGINEERING_PASS","107936673046","DOWNSTREAM_PENDING","GitHub Actions exact head-SHA recovery"
"REQ-48902","489","2","SRS-FR-2480","W27","eper/tests/requirement-acceptance-wave-27.test.mjs","e20f83c62f46ab9d897bc4b534d22d3acbc56126","CI","101","36094061767","PASS","ENGINEERING_PASS","107936673046","DOWNSTREAM_PENDING","GitHub Actions exact head-SHA recovery"
"REQ-48903","489","3","SRS-FR-2481","W27","eper/tests/requirement-acceptance-wave-27.test.mjs","e20f83c62f46ab9d897bc4b534d22d3acbc56126","CI","101","36094061767","PASS","ENGINEERING_PASS","107936673046","DOWNSTREAM_PENDING","GitHub Actions exact head-SHA recovery"
"REQ-48904","489","4","SRS-FR-2482","W27","eper/tests/requirement-acceptance-wave-27.test.mjs","e20f83c62f46ab9d897bc4b534d22d3acbc56126","CI","101","36094061767","PASS","ENGINEERING_PASS","107936673046","DOWNSTREAM_PENDING","GitHub Actions exact head-SHA recovery"
"REQ-48905","489","5","SRS-FR-2483","W27","eper/tests/requirement-acceptance-wave-27.test.mjs","e20f83c62f46ab9d897bc4b534d22d3acbc56126","CI","101","36094061767","PASS","ENGINEERING_PASS","107936673046","DOWNSTREAM_PENDING","GitHub Actions exact head-SHA recovery"
"REQ-48906","489","6","SRS-FR-2484","W27","eper/tests/requirement-acceptance-wave-27.test.mjs","e20f83c62f46ab9d897bc4b534d22d3acbc56126","CI","101","36094061767","PASS","ENGINEERING_PASS","107936673046","DOWNSTREAM_PENDING","GitHub Actions exact head-SHA recovery"
"REQ-49001","490","1","SRS-FR-2485","W28","eper/tests/requirement-acceptance-wave-28.test.mjs","01d585ac526af1e616af2f94f1c90a9b7a615f9d","CI","103","36094145724","PASS","ENGINEERING_PASS","107936673046","DOWNSTREAM_PENDING","GitHub Actions exact head-SHA recovery"
"REQ-49002","490","2","SRS-FR-2486","W28","eper/tests/requirement-acceptance-wave-28.test.mjs","01d585ac526af1e616af2f94f1c90a9b7a615f9d","CI","103","36094145724","PASS","ENGINEERING_PASS","107936673046","DOWNSTREAM_PENDING","GitHub Actions exact head-SHA recovery"
"REQ-49003","490","3","SRS-FR-2487","W28","eper/tests/requirement-acceptance-wave-28.test.mjs","01d585ac526af1e616af2f94f1c90a9b7a615f9d","CI","103","36094145724","PASS","ENGINEERING_PASS","107936673046","DOWNSTREAM_PENDING","GitHub Actions exact head-SHA recovery"
"REQ-49004","490","4","SRS-FR-2488","W28","eper/tests/requirement-acceptance-wave-28.test.mjs","01d585ac526af1e616af2f94f1c90a9b7a615f9d","CI","103","36094145724","PASS","ENGINEERING_PASS","107936673046","DOWNSTREAM_PENDING","GitHub Actions exact head-SHA recovery"
"REQ-49005","490","5","SRS-FR-2489","W28","eper/tests/requirement-acceptance-wave-28.test.mjs","01d585ac526af1e616af2f94f1c90a9b7a615f9d","CI","103","36094145724","PASS","ENGINEERING_PASS","107936673046","DOWNSTREAM_PENDING","GitHub Actions exact head-SHA recovery"
"REQ-49006","490","6","SRS-FR-2490","W28","eper/tests/requirement-acceptance-wave-28.test.mjs","01d585ac526af1e616af2f94f1c90a9b7a615f9d","CI","103","36094145724","PASS","ENGINEERING_PASS","107936673046","DOWNSTREAM_PENDING","GitHub Actions exact head-SHA recovery"
"REQ-49101","491","1","SRS-FR-2491","W29","eper/tests/requirement-acceptance-wave-29.test.mjs","2e1dfbd50a4ae5984a2b18e3244bb0cb4d706f57","CI","105","36094222716","PASS","ENGINEERING_PASS","107936673046","DOWNSTREAM_PENDING","GitHub Actions exact head-SHA recovery"
"REQ-49102","491","2","SRS-FR-2492","W29","eper/tests/requirement-acceptance-wave-29.test.mjs","2e1dfbd50a4ae5984a2b18e3244bb0cb4d706f57","CI","105","36094222716","PASS","ENGINEERING_PASS","107936673046","DOWNSTREAM_PENDING","GitHub Actions exact head-SHA recovery"
"REQ-49103","491","3","SRS-FR-2493","W29","eper/tests/requirement-acceptance-wave-29.test.mjs","2e1dfbd50a4ae5984a2b18e3244bb0cb4d706f57","CI","105","36094222716","PASS","ENGINEERING_PASS","107936673046","DOWNSTREAM_PENDING","GitHub Actions exact head-SHA recovery"
"REQ-49104","491","4","SRS-FR-2494","W29","eper/tests/requirement-acceptance-wave-29.test.mjs","2e1dfbd50a4ae5984a2b18e3244bb0cb4d706f57","CI","105","36094222716","PASS","ENGINEERING_PASS","107936673046","DOWNSTREAM_PENDING","GitHub Actions exact head-SHA recovery"
"REQ-49105","491","5","SRS-FR-2495","W29","eper/tests/requirement-acceptance-wave-29.test.mjs","2e1dfbd50a4ae5984a2b18e3244bb0cb4d706f57","CI","105","36094222716","PASS","ENGINEERING_PASS","107936673046","DOWNSTREAM_PENDING","GitHub Actions exact head-SHA recovery"
"REQ-49106","491","6","SRS-FR-2496","W29","eper/tests/requirement-acceptance-wave-29.test.mjs","2e1dfbd50a4ae5984a2b18e3244bb0cb4d706f57","CI","105","36094222716","PASS","ENGINEERING_PASS","107936673046","DOWNSTREAM_PENDING","GitHub Actions exact head-SHA recovery"
"REQ-49201","492","1","SRS-FR-2497","W30","eper/tests/requirement-acceptance-wave-30.test.mjs","dc9e3d1dc331bc7eb22c7ea4564af99ab7008e26","CI","107","36094294588","PASS","ENGINEERING_PASS","107936673046","DOWNSTREAM_PENDING","GitHub Actions exact head-SHA recovery"
"REQ-49202","492","2","SRS-FR-2498","W30","eper/tests/requirement-acceptance-wave-30.test.mjs","dc9e3d1dc331bc7eb22c7ea4564af99ab7008e26","CI","107","36094294588","PASS","ENGINEERING_PASS","107936673046","DOWNSTREAM_PENDING","GitHub Actions exact head-SHA recovery"
"REQ-49203","492","3","SRS-FR-2499","W30","eper/tests/requirement-acceptance-wave-30.test.mjs","dc9e3d1dc331bc7eb22c7ea4564af99ab7008e26","CI","107","36094294588","PASS","ENGINEERING_PASS","107936673046","DOWNSTREAM_PENDING","GitHub Actions exact head-SHA recovery"
"REQ-49204","492","4","SRS-FR-2500","W30","eper/tests/requirement-acceptance-wave-30.test.mjs","dc9e3d1dc331bc7eb22c7ea4564af99ab7008e26","CI","107","36094294588","PASS","ENGINEERING_PASS","107936673046","DOWNSTREAM_PENDING","GitHub Actions exact head-SHA recovery"
"REQ-49205","492","5","SRS-FR-2501","W30","eper/tests/requirement-acceptance-wave-30.test.mjs","dc9e3d1dc331bc7eb22c7ea4564af99ab7008e26","CI","107","36094294588","PASS","ENGINEERING_PASS","107936673046","DOWNSTREAM_PENDING","GitHub Actions exact head-SHA recovery"
"REQ-49206","492","6","SRS-FR-2502","W30","eper/tests/requirement-acceptance-wave-30.test.mjs","dc9e3d1dc331bc7eb22c7ea4564af99ab7008e26","CI","107","36094294588","PASS","ENGINEERING_PASS","107936673046","DOWNSTREAM_PENDING","GitHub Actions exact head-SHA recovery"
"REQ-49301","493","1","SRS-FR-2503","W31","eper/tests/requirement-acceptance-wave-31.test.mjs","387b39e1b0f222667674ea07e273e60e5b683272","CI","109","36094371609","PASS","ENGINEERING_PASS","107936673046","DOWNSTREAM_PENDING","GitHub Actions exact head-SHA recovery"
"REQ-49302","493","2","SRS-FR-2504","W31","eper/tests/requirement-acceptance-wave-31.test.mjs","387b39e1b0f222667674ea07e273e60e5b683272","CI","109","36094371609","PASS","ENGINEERING_PASS","107936673046","DOWNSTREAM_PENDING","GitHub Actions exact head-SHA recovery"
"REQ-49303","493","3","SRS-FR-2505","W31","eper/tests/requirement-acceptance-wave-31.test.mjs","387b39e1b0f222667674ea07e273e60e5b683272","CI","109","36094371609","PASS","ENGINEERING_PASS","107936673046","DOWNSTREAM_PENDING","GitHub Actions exact head-SHA recovery"
"REQ-49304","493","4","SRS-FR-2506","W31","eper/tests/requirement-acceptance-wave-31.test.mjs","387b39e1b0f222667674ea07e273e60e5b683272","CI","109","36094371609","PASS","ENGINEERING_PASS","107936673046","DOWNSTREAM_PENDING","GitHub Actions exact head-SHA recovery"
"REQ-49305","493","5","SRS-FR-2507","W31","eper/tests/requirement-acceptance-wave-31.test.mjs","387b39e1b0f222667674ea07e273e60e5b683272","CI","109","36094371609","PASS","ENGINEERING_PASS","107936673046","DOWNSTREAM_PENDING","GitHub Actions exact head-SHA recovery"
"REQ-49306","493","6","SRS-FR-2508","W31","eper/tests/requirement-acceptance-wave-31.test.mjs","387b39e1b0f222667674ea07e273e60e5b683272","CI","109","36094371609","PASS","ENGINEERING_PASS","107936673046","DOWNSTREAM_PENDING","GitHub Actions exact head-SHA recovery"
"REQ-49401","494","1","SRS-FR-2509","W32","eper/tests/requirement-acceptance-wave-32.test.mjs","82cb2239f31ae472ec697f93a702a0663d5ff938","CI","111","36094434996","PASS","ENGINEERING_PASS","107936673046","DOWNSTREAM_PENDING","GitHub Actions exact head-SHA recovery"
"REQ-49402","494","2","SRS-FR-2510","W32","eper/tests/requirement-acceptance-wave-32.test.mjs","82cb2239f31ae472ec697f93a702a0663d5ff938","CI","111","36094434996","PASS","ENGINEERING_PASS","107936673046","DOWNSTREAM_PENDING","GitHub Actions exact head-SHA recovery"
"REQ-49403","494","3","SRS-FR-2511","W32","eper/tests/requirement-acceptance-wave-32.test.mjs","82cb2239f31ae472ec697f93a702a0663d5ff938","CI","111","36094434996","PASS","ENGINEERING_PASS","107936673046","DOWNSTREAM_PENDING","GitHub Actions exact head-SHA recovery"
"REQ-49404","494","4","SRS-FR-2512","W32","eper/tests/requirement-acceptance-wave-32.test.mjs","82cb2239f31ae472ec697f93a702a0663d5ff938","CI","111","36094434996","PASS","ENGINEERING_PASS","107936673046","DOWNSTREAM_PENDING","GitHub Actions exact head-SHA recovery"
"REQ-49405","494","5","SRS-FR-2513","W32","eper/tests/requirement-acceptance-wave-32.test.mjs","82cb2239f31ae472ec697f93a702a0663d5ff938","CI","111","36094434996","PASS","ENGINEERING_PASS","107936673046","DOWNSTREAM_PENDING","GitHub Actions exact head-SHA recovery"
"REQ-49406","494","6","SRS-FR-2514","W32","eper/tests/requirement-acceptance-wave-32.test.mjs","82cb2239f31ae472ec697f93a702a0663d5ff938","CI","111","36094434996","PASS","ENGINEERING_PASS","107936673046","DOWNSTREAM_PENDING","GitHub Actions exact head-SHA recovery"
"REQ-49501","495","1","SRS-FR-2515","W33","eper/tests/requirement-acceptance-wave-33.test.mjs","d095e6532b9c2d97de9770f33d1c1ece5aa7e4bf","CI","113","36094568017","PASS","ENGINEERING_PASS","107936673046","DOWNSTREAM_PENDING","GitHub Actions exact head-SHA recovery"
"REQ-49502","495","2","SRS-FR-2516","W33","eper/tests/requirement-acceptance-wave-33.test.mjs","d095e6532b9c2d97de9770f33d1c1ece5aa7e4bf","CI","113","36094568017","PASS","ENGINEERING_PASS","107936673046","DOWNSTREAM_PENDING","GitHub Actions exact head-SHA recovery"
"REQ-49503","495","3","SRS-FR-2517","W33","eper/tests/requirement-acceptance-wave-33.test.mjs","d095e6532b9c2d97de9770f33d1c1ece5aa7e4bf","CI","113","36094568017","PASS","ENGINEERING_PASS","107936673046","DOWNSTREAM_PENDING","GitHub Actions exact head-SHA recovery"
"REQ-49504","495","4","SRS-FR-2518","W33","eper/tests/requirement-acceptance-wave-33.test.mjs","d095e6532b9c2d97de9770f33d1c1ece5aa7e4bf","CI","113","36094568017","PASS","ENGINEERING_PASS","107936673046","DOWNSTREAM_PENDING","GitHub Actions exact head-SHA recovery"
"REQ-49505","495","5","SRS-FR-2519","W33","eper/tests/requirement-acceptance-wave-33.test.mjs","d095e6532b9c2d97de9770f33d1c1ece5aa7e4bf","CI","113","36094568017","PASS","ENGINEERING_PASS","107936673046","DOWNSTREAM_PENDING","GitHub Actions exact head-SHA recovery"
"REQ-49506","495","6","SRS-FR-2520","W33","eper/tests/requirement-acceptance-wave-33.test.mjs","d095e6532b9c2d97de9770f33d1c1ece5aa7e4bf","CI","113","36094568017","PASS","ENGINEERING_PASS","107936673046","DOWNSTREAM_PENDING","GitHub Actions exact head-SHA recovery"
"REQ-49601","496","1","SRS-FR-2521","W34","eper/tests/requirement-acceptance-wave-34.test.mjs","9025a17f94f283b87e18b446a58db0c04c07c514","CI","115","36094640347","PASS","ENGINEERING_PASS","107936673046","DOWNSTREAM_PENDING","GitHub Actions exact head-SHA recovery"
"REQ-49602","496","2","SRS-FR-2522","W34","eper/tests/requirement-acceptance-wave-34.test.mjs","9025a17f94f283b87e18b446a58db0c04c07c514","CI","115","36094640347","PASS","ENGINEERING_PASS","107936673046","DOWNSTREAM_PENDING","GitHub Actions exact head-SHA recovery"
"REQ-49603","496","3","SRS-FR-2523","W34","eper/tests/requirement-acceptance-wave-34.test.mjs","9025a17f94f283b87e18b446a58db0c04c07c514","CI","115","36094640347","PASS","ENGINEERING_PASS","107936673046","DOWNSTREAM_PENDING","GitHub Actions exact head-SHA recovery"
"REQ-49604","496","4","SRS-FR-2524","W34","eper/tests/requirement-acceptance-wave-34.test.mjs","9025a17f94f283b87e18b446a58db0c04c07c514","CI","115","36094640347","PASS","ENGINEERING_PASS","107936673046","DOWNSTREAM_PENDING","GitHub Actions exact head-SHA recovery"
"REQ-49605","496","5","SRS-FR-2525","W34","eper/tests/requirement-acceptance-wave-34.test.mjs","9025a17f94f283b87e18b446a58db0c04c07c514","CI","115","36094640347","PASS","ENGINEERING_PASS","107936673046","DOWNSTREAM_PENDING","GitHub Actions exact head-SHA recovery"
"REQ-49606","496","6","SRS-FR-2526","W34","eper/tests/requirement-acceptance-wave-34.test.mjs","9025a17f94f283b87e18b446a58db0c04c07c514","CI","115","36094640347","PASS","ENGINEERING_PASS","107936673046","DOWNSTREAM_PENDING","GitHub Actions exact head-SHA recovery"
"REQ-49701","497","1","SRS-FR-2527","W35","eper/tests/requirement-acceptance-wave-35.test.mjs","21f9ddfa9cc298afdaeffaa6e5553c048d632e96","CI","117","36094743707","PASS","ENGINEERING_PASS","107936673046","DOWNSTREAM_PENDING","GitHub Actions exact head-SHA recovery"
"REQ-49702","497","2","SRS-FR-2528","W35","eper/tests/requirement-acceptance-wave-35.test.mjs","21f9ddfa9cc298afdaeffaa6e5553c048d632e96","CI","117","36094743707","PASS","ENGINEERING_PASS","107936673046","DOWNSTREAM_PENDING","GitHub Actions exact head-SHA recovery"
"REQ-49703","497","3","SRS-FR-2529","W35","eper/tests/requirement-acceptance-wave-35.test.mjs","21f9ddfa9cc298afdaeffaa6e5553c048d632e96","CI","117","36094743707","PASS","ENGINEERING_PASS","107936673046","DOWNSTREAM_PENDING","GitHub Actions exact head-SHA recovery"
"REQ-49704","497","4","SRS-FR-2530","W35","eper/tests/requirement-acceptance-wave-35.test.mjs","21f9ddfa9cc298afdaeffaa6e5553c048d632e96","CI","117","36094743707","PASS","ENGINEERING_PASS","107936673046","DOWNSTREAM_PENDING","GitHub Actions exact head-SHA recovery"
"REQ-49705","497","5","SRS-FR-2531","W35","eper/tests/requirement-acceptance-wave-35.test.mjs","21f9ddfa9cc298afdaeffaa6e5553c048d632e96","CI","117","36094743707","PASS","ENGINEERING_PASS","107936673046","DOWNSTREAM_PENDING","GitHub Actions exact head-SHA recovery"
"REQ-49706","497","6","SRS-FR-2532","W35","eper/tests/requirement-acceptance-wave-35.test.mjs","21f9ddfa9cc298afdaeffaa6e5553c048d632e96","CI","117","36094743707","PASS","ENGINEERING_PASS","107936673046","DOWNSTREAM_PENDING","GitHub Actions exact head-SHA recovery"
"REQ-49801","498","1","SRS-FR-2533","W36","eper/tests/requirement-acceptance-wave-36.test.mjs","a6721cc05c2d3826ee234e0cf10907269e0544c4","CI","119","36094814920","PASS","ENGINEERING_PASS","107936673046","DOWNSTREAM_PENDING","GitHub Actions exact head-SHA recovery"
"REQ-49802","498","2","SRS-FR-2534","W36","eper/tests/requirement-acceptance-wave-36.test.mjs","a6721cc05c2d3826ee234e0cf10907269e0544c4","CI","119","36094814920","PASS","ENGINEERING_PASS","107936673046","DOWNSTREAM_PENDING","GitHub Actions exact head-SHA recovery"
"REQ-49803","498","3","SRS-FR-2535","W36","eper/tests/requirement-acceptance-wave-36.test.mjs","a6721cc05c2d3826ee234e0cf10907269e0544c4","CI","119","36094814920","PASS","ENGINEERING_PASS","107936673046","DOWNSTREAM_PENDING","GitHub Actions exact head-SHA recovery"
"REQ-49804","498","4","SRS-FR-2536","W36","eper/tests/requirement-acceptance-wave-36.test.mjs","a6721cc05c2d3826ee234e0cf10907269e0544c4","CI","119","36094814920","PASS","ENGINEERING_PASS","107936673046","DOWNSTREAM_PENDING","GitHub Actions exact head-SHA recovery"
"REQ-49805","498","5","SRS-FR-2537","W36","eper/tests/requirement-acceptance-wave-36.test.mjs","a6721cc05c2d3826ee234e0cf10907269e0544c4","CI","119","36094814920","PASS","ENGINEERING_PASS","107936673046","DOWNSTREAM_PENDING","GitHub Actions exact head-SHA recovery"
"REQ-49806","498","6","SRS-FR-2538","W36","eper/tests/requirement-acceptance-wave-36.test.mjs","a6721cc05c2d3826ee234e0cf10907269e0544c4","CI","119","36094814920","PASS","ENGINEERING_PASS","107936673046","DOWNSTREAM_PENDING","GitHub Actions exact head-SHA recovery"
"REQ-49901","499","1","SRS-FR-2539","W37","eper/tests/requirement-acceptance-wave-37.test.mjs","b62c77e8b02d4101a051e1b91d464ce44aa1d582","CI","121","36094867777","PASS","ENGINEERING_PASS","107936673046","DOWNSTREAM_PENDING","GitHub Actions exact head-SHA recovery"
"REQ-49902","499","2","SRS-FR-2540","W37","eper/tests/requirement-acceptance-wave-37.test.mjs","b62c77e8b02d4101a051e1b91d464ce44aa1d582","CI","121","36094867777","PASS","ENGINEERING_PASS","107936673046","DOWNSTREAM_PENDING","GitHub Actions exact head-SHA recovery"
"REQ-49903","499","3","SRS-FR-2541","W37","eper/tests/requirement-acceptance-wave-37.test.mjs","b62c77e8b02d4101a051e1b91d464ce44aa1d582","CI","121","36094867777","PASS","ENGINEERING_PASS","107936673046","DOWNSTREAM_PENDING","GitHub Actions exact head-SHA recovery"
"REQ-49904","499","4","SRS-FR-2542","W37","eper/tests/requirement-acceptance-wave-37.test.mjs","b62c77e8b02d4101a051e1b91d464ce44aa1d582","CI","121","36094867777","PASS","ENGINEERING_PASS","107936673046","DOWNSTREAM_PENDING","GitHub Actions exact head-SHA recovery"
"REQ-49905","499","5","SRS-FR-2543","W37","eper/tests/requirement-acceptance-wave-37.test.mjs","b62c77e8b02d4101a051e1b91d464ce44aa1d582","CI","121","36094867777","PASS","ENGINEERING_PASS","107936673046","DOWNSTREAM_PENDING","GitHub Actions exact head-SHA recovery"
"REQ-49906","499","6","SRS-FR-2544","W37","eper/tests/requirement-acceptance-wave-37.test.mjs","b62c77e8b02d4101a051e1b91d464ce44aa1d582","CI","121","36094867777","PASS","ENGINEERING_PASS","107936673046","DOWNSTREAM_PENDING","GitHub Actions exact head-SHA recovery"
"REQ-50001","500","1","SRS-FR-2545","W38","eper/tests/requirement-acceptance-wave-38.test.mjs","7f58960e20a52cdd4c6e888b27fb388390906999","CI","123","36094930387","PASS","ENGINEERING_PASS","107936673046","DOWNSTREAM_PENDING","GitHub Actions exact head-SHA recovery"
"REQ-50002","500","2","SRS-FR-2546","W38","eper/tests/requirement-acceptance-wave-38.test.mjs","7f58960e20a52cdd4c6e888b27fb388390906999","CI","123","36094930387","PASS","ENGINEERING_PASS","107936673046","DOWNSTREAM_PENDING","GitHub Actions exact head-SHA recovery"
"REQ-50003","500","3","SRS-FR-2547","W38","eper/tests/requirement-acceptance-wave-38.test.mjs","7f58960e20a52cdd4c6e888b27fb388390906999","CI","123","36094930387","PASS","ENGINEERING_PASS","107936673046","DOWNSTREAM_PENDING","GitHub Actions exact head-SHA recovery"
"REQ-50004","500","4","SRS-FR-2548","W38","eper/tests/requirement-acceptance-wave-38.test.mjs","7f58960e20a52cdd4c6e888b27fb388390906999","CI","123","36094930387","PASS","ENGINEERING_PASS","107936673046","DOWNSTREAM_PENDING","GitHub Actions exact head-SHA recovery"
"REQ-50005","500","5","SRS-FR-2549","W38","eper/tests/requirement-acceptance-wave-38.test.mjs","7f58960e20a52cdd4c6e888b27fb388390906999","CI","123","36094930387","PASS","ENGINEERING_PASS","107936673046","DOWNSTREAM_PENDING","GitHub Actions exact head-SHA recovery"
"REQ-50006","500","6","SRS-FR-2550","W38","eper/tests/requirement-acceptance-wave-38.test.mjs","7f58960e20a52cdd4c6e888b27fb388390906999","CI","123","36094930387","PASS","ENGINEERING_PASS","107936673046","DOWNSTREAM_PENDING","GitHub Actions exact head-SHA recovery"
