Wave,Chapter,CI Run Number,Immutable CI Run ID,CI Job ID,CI Job Name,Result,Execution Identity Status
"1","463","47","35951426690","107480598955","PASS","RUN_AND_JOB_CONFIRMED"
"2","464","54","35954851610","107490878088","PASS","RUN_AND_JOB_CONFIRMED"
"3","465","56","35954958041","107491197571","PASS","RUN_AND_JOB_CONFIRMED"
"4","466","58","35955195883","107491930939","PASS","RUN_AND_JOB_CONFIRMED"
"5","467","60","36091992046","107936172323","PASS","RUN_AND_JOB_CONFIRMED"
"6","468","62","36092060922","107936377383","PASS","RUN_AND_JOB_CONFIRMED"
"7","469","64","36092160731","107936673046","PASS","RUN_AND_JOB_CONFIRMED"
"8","470","66","36092249093","107936936923","PASS","RUN_AND_JOB_CONFIRMED"
"9","471","68","36092326479","107937160276","PASS","RUN_AND_JOB_CONFIRMED"
"10","472","69","36092381181","107937324363","PASS","RUN_AND_JOB_CONFIRMED"
"11","473","71","36092456631","107937554001","PASS","RUN_AND_JOB_CONFIRMED"
"12","474","73","36092506324","107937707767","PASS","RUN_AND_JOB_CONFIRMED"
"13","475","75","36092556593","107937858444","PASS","RUN_AND_JOB_CONFIRMED"
"14","476","77","36092642593","107938110410","PASS","RUN_AND_JOB_CONFIRMED"
"15","477","78","36092696482","107938259042","PASS","RUN_AND_JOB_CONFIRMED"
"16","478","81","36092768073","107938472368","PASS","RUN_AND_JOB_CONFIRMED"
"17","479","82","36092821618","107938635353","PASS","RUN_AND_JOB_CONFIRMED"
"18","480","85","36092947260","107939019767","PASS","RUN_AND_JOB_CONFIRMED"
"19","481","86","36093003413","107939190411","PASS","RUN_AND_JOB_CONFIRMED"
"20","482","89","36093381770","107940335789","PASS","RUN_AND_JOB_CONFIRMED"
"21","483","91","36093456721","107940561542","PASS","RUN_AND_JOB_CONFIRMED"
"22","484","92","36093513610","107940731182","PASS","RUN_AND_JOB_CONFIRMED"
"23","485","94","36093792409","107941596190","PASS","RUN_AND_JOB_CONFIRMED"
"24","486","96","36093862224","107941811410","PASS","RUN_AND_JOB_CONFIRMED"
"25","487","97","36093919583","107941991879","PASS","RUN_AND_JOB_CONFIRMED"
"26","488","99","36094001039","107942248575","PASS","RUN_AND_JOB_CONFIRMED"
"27","489","101","36094061767","107942431802","PASS","RUN_AND_JOB_CONFIRMED"
"28","490","103","36094145724","107942695494","PASS","RUN_AND_JOB_CONFIRMED"
"29","491","105","36094222716","107942929328","PASS","RUN_AND_JOB_CONFIRMED"
"30","492","107","36094294588","107943144713","PASS","RUN_AND_JOB_CONFIRMED"
"31","493","109","36094371609","107943378353","PASS","RUN_AND_JOB_CONFIRMED"
"32","494","111","36094434996","107943574335","PASS","RUN_AND_JOB_CONFIRMED"
"33","495","113","36094568017","107943980240","PASS","RUN_AND_JOB_CONFIRMED"
"34","496","115","36094640347","107944202709","PASS","RUN_AND_JOB_CONFIRMED"
"35","497","117","36094743707","107944508853","PASS","RUN_AND_JOB_CONFIRMED"
"36","498","119","36094814920","107944726747","PASS","RUN_AND_JOB_CONFIRMED"
"37","499","121","36094867777","107944886955","PASS","RUN_AND_JOB_CONFIRMED"
"38","500","123","36094930387","107945073498","PASS","RUN_AND_JOB_CONFIRMED"
